;N1;N2;N3;N4;N5;N6;N7;N8;N9;N10;N11;N12;S1;S2;S3;S4;S5;S6;S7;S8;S9;S10;S11;S12;S14;S15;S16;S17;S18;S19;S20;S21;S22;Kingdom;Phylum;Class;Order;Family;Genus;Species
cccecb01ba7e6a521d1ec7483618a193;0;0;0;0;0.162403572878603;0;0.00560208397523879;0;0;0;0;0;0;0;0;0;0;0;0;0;0;0;0;0;0;0;0;0;0;0;0;0;0;d__Archaea;Euryarchaeota;Methanobacteria;Methanobacteriales;Methanobacteriaceae;Methanobrevibacter;NA
33f585e0166518f7896eb81d89947156;0;0;0;0;0;0;0;0;0;0;0;0;0;0.00410161056574882;0;0;0.0122701268424362;0;0.00863986867399615;0;0;0;0;0;0;0;0;0;0;0;0;0;0;d__Archaea;Nanoarchaeota;Nanoarchaeia;Woesearchaeales;SCGC_AAA286-E23;SCGC_AAA286-E23;NA
880f6f4d8241e8e37e93c3166520720e;0.0627074880118038;0.105599340648019;0.0185048112509252;0;0;0;0;0;0;0;0;0;0;0;0;0;0;0;0;0;0;0;0;0;0;0;0;0;0;0;0;0;0;d__Archaea;Halobacterota;Methanosarcinia;Methanosarciniales;Methanosarcinaceae;Methanolobus;NA
a5181122cc4336d8d024d9200b0c38d9;0.00983646870773392;0;0;0;0;0;0;0;0;0;0;0;0;0;0;0;0;0;0;0;0;0;0;0;0;0;0;0;0;0;0;0;0;d__Archaea;Halobacterota;Methanosarcinia;Methanosarciniales;Methanosaetaceae;Methanosaeta;NA
bb975b0bcf1220a3f63e1b633e9041be;0;0;0;0.0122904478639202;0;0;0;0;0;0;0;0;0.00967804374475772;0;0.00452048911692245;0;0;0;0;0;0;0;0;0;0;0;0;0;0;0;0;0;0;d__Bacteria;Planctomycetota;vadinHA49;vadinHA49;vadinHA49;vadinHA49;NA
be5055a0b8bb85aa0303b40d93b94843;0.0418049920078692;0.0334827177664452;0.00284689403860388;0;0;0;0;0;0;0;0;0;0;0;0;0;0;0;0;0;0;0;0;0;0;0;0;0;0;0;0;0;0;d__Bacteria;Planctomycetota;Phycisphaerae;S-70;S-70;S-70;NA
29984e8a1cac03e89d6081ef2bd161b5;0.0725439567195377;0.0746922165559161;0;0;0;0;0;0;0;0;0;0;0;0;0;0;0;0;0;0;0;0;0;0;0;0;0;0;0;0;0;0;0;d__Bacteria;Planctomycetota;Phycisphaerae;mle1-8;mle1-8;mle1-8;NA
906dba0de38ce5dcb841a4ad4474d9e8;0.740194270256978;1.82609591510843;0.0925240562546262;0.0294970748734084;0.657226958993098;1.19784346220814;1.81507520797737;0.757789822497367;0.191971091412117;0.139187925447467;0.090815199971509;0.0214183212319818;0.0435511968514098;0.0218752563506604;0.0632868476369143;0.0279737047175655;0.0291415512507861;0.202134740059654;0.15767760330043;0.32389273877674;0.430023455824863;0.719539070174973;0.710465287738442;0.743674492819695;0.455638930045086;0.660278288264636;0.75878374663221;0.446057406796437;0.65803127785035;0.358959558425629;0.623469665366827;0.731747879594213;0.695537159927938;d__Bacteria;Planctomycetota;Phycisphaerae;Phycisphaerales;Phycisphaeraceae;SM1A02;NA
0d34ff72d4440523f93caa865feb12db;0;0;0;0;0;0;0;0;0;0;0;0;0;0;0;0;0;0;0;0;0;0;0;0;0;0;0.00219937317864409;0;0;0;0;0.0083153168135706;0.0159631479327723;d__Bacteria;Planctomycetota;Phycisphaerae;Tepidisphaerales;WD2101_soil_group;WD2101_soil_group;NA
96b7b1be9af3f200f2f6109c525dfd35;0.0061477929423337;0.00772678102302581;0;0;0;0;0;0;0;0;0;0;0;0;0;0;0;0;0;0;0;0;0;0;0;0;0;0;0;0;0;0;0;d__Bacteria;Planctomycetota;Phycisphaerae;Phycisphaerales;Phycisphaeraceae;uncultured;NA
f8a4ed498593475c20a9bd5a8cf846a6;0.0270502889462683;0.0257559367434194;0;0;0;0;0;0;0;0;0;0;0;0;0;0;0;0;0;0;0;0;0;0;0;0;0;0;0;0;0;0;0;d__Bacteria;Planctomycetota;Phycisphaerae;Phycisphaerales;Phycisphaeraceae;Urania-1B-19_marine_sediment_group;NA
b13bacadd1a01f4b4eba36f560f5a924;0.0110660272962007;0.0128779683717097;0;0;0;0;0;0;0;0;0;0;0;0;0;0;0;0;0;0;0;0;0;0;0;0;0;0;0;0;0;0;0;d__Bacteria;Planctomycetota;Planctomycetes;Planctomycetales;Gimesiaceae;uncultured;NA
8f63fcd7195729c789c124c904eada41;0.0737735153080044;0.0746922165559161;0.0227751523088311;0;0;0;0;0;0;0;0;0;0;0;0;0;0;0;0;0;0;0;0;0;0;0;0;0;0;0;0;0;0;d__Bacteria;Planctomycetota;Planctomycetes;Planctomycetales;NA;NA;NA
acece85c98912e1b93cc4bde065235fa;0.0393458748309357;0.0334827177664452;0.0256220463474349;0;0;0;0;0;0;0;0;0;0;0;0;0;0;0;0;0;0;0;0;0;0;0;0;0;0;0;0;0;0;d__Bacteria;Planctomycetota;Planctomycetes;Planctomycetales;uncultured;uncultured;NA
eacf3d9cd4c2c228396827e0826f8faa;0.028279847534735;0.0592386545098645;0;0.0344132540189765;0;0;0;0;0;0;0;0;0;0;0;0;0;0;0;0;0;0;0;0;0;0;0;0;0;0;0;0;0;d__Bacteria;Planctomycetota;Planctomycetes;Planctomycetales;Schlesneriaceae;Planctopirus;NA
6aea2d960908f4f38287bb0612f34669;0.0368867576540022;0.0360583114407871;0.0156579172123214;0;0.142103126268778;0.048249386393673;0.0392145878266715;0.120732615787716;0.00564620857094461;0;0.0480786352790342;0.122084431022296;0.264533195690045;0.162697219108036;0.266708857898425;0.171838471836474;0.0214727219742634;0.110927601252249;0.0820787524029635;0.101687255197349;0.0281469898358092;0.0544300772641585;0.0683655276880387;0.0327672669250057;0.00637257244818302;0.00262536098713573;0.00439874635728817;0;0;0;0;0;0;d__Bacteria;Planctomycetota;Planctomycetes;Planctomycetales;Rubinisphaeraceae;Rubinisphaera;NA
9436c9b770d9458c144bfd17137d769e;0.847165867453584;1.04569103178283;0.323122473381541;0;0.281668696711328;0;0;0.0308253487117573;0.0734007114222799;0.0804680193993171;0.0854731293849496;0.608280322988284;0.0887154009936125;0.0396489021355719;0.0271229347015347;0;0.00306753171060906;0;0;0.00564929195540826;0;0;0;0;0;0;0;0;0;0;0;0;0;d__Bacteria;Planctomycetota;Planctomycetes;Planctomycetales;Rubinisphaeraceae;Planctomicrobium;NA
e7b3b63806b937c3da98edbdab019a40;0.194270256977745;0.206047493947355;0.0768661390423048;0;0;0;0;0;0;0.00434962267023336;0.00890345097759892;0.0642549636959455;0.00322601458158591;0;0;0;0;0;0;0;0;0;0;0;0;0;0;0;0;0;0;0;0;d__Bacteria;Planctomycetota;Planctomycetes;Planctomycetales;Rubinisphaeraceae;SH-PL14;NA
025bdb2c8aa02cc58ebd61e9e9deae9a;0;0;0;0;0;0;0;0;0.00752827809459281;0;0.00890345097759892;0;0.00806503645396477;0.00820322113149763;0.0113012227923061;0;0.00460129756591359;0;0;0;0;0;0;0;0;0;0;0.00263939293962389;0;0;0;0;0;d__Bacteria;Planctomycetota;Planctomycetes;Pirellulales;Pirellulaceae;Pir4_lineage;NA
8eb6dbf5f7c3372d1b91ad9235e2e187;0.00860691011926718;0.0154535620460516;0.00427034105790582;0;0;0;0;0;0;0;0;0;0;0;0;0;0;0;0;0;0;0;0;0;0;0;0;0;0;0;0;0;0;d__Bacteria;Planctomycetota;Planctomycetes;Pirellulales;Pirellulaceae;Rhodopirellula;NA
8edd72ff6ed1aaacf826b003cd6dc089;0;0;0;0;0;0;0;0;0.00376413904729641;0;0.0427365646924748;0;0;0;0.00452048911692245;0;0;0;0;0.0131816812292859;0.00312744331508991;0.00929294002070998;0.00938350380031904;0.00854798267608844;0.00637257244818302;0.0105014439485429;0.0175949854291527;0.00659848234905972;0.0122083725018618;0.0108229012590642;0.0068014872585472;0;0.0114022485234088;d__Bacteria;Planctomycetota;Planctomycetes;Pirellulales;Pirellulaceae;Pirellula;NA
bc64fb850c405fe68262e2eac787e7ae;0.0651666051887372;0.0540874671611807;0.0213517052895291;0;0;0;0;0;0.0526979466621497;0.134838302777234;0.0836924391894298;0.0257019854783782;0.035486160397445;0.0232424598725766;0.0429446466107633;0.0259755829520251;0.0122701268424362;0.0295806936672665;0.0302395403589865;0.0338957517324495;0.0125097732603597;0.01858588004142;0.00938350380031904;0.0113973102347846;0.00955885867227453;0.00656340246783933;0.00439874635728817;0.0105575717584955;0.00732502350111707;0;0;0;0.00684134911404529;d__Bacteria;Planctomycetota;Planctomycetes;Pirellulales;Pirellulaceae;Blastopirellula;NA
4c87af2fd70f70337225941adb90158a;0.0393458748309357;0.041209498789471;0.0156579172123214;0;0;0;0;0;0;0;0;0;0;0;0;0;0;0;0;0;0;0;0;0;0;0;0;0;0;0;0;0;0;d__Bacteria;Planctomycetota;Planctomycetes;Pirellulales;Pirellulaceae;uncultured;NA
8fd8527bc9003160bd4f96cb56175c0e;0.0061477929423337;0;0;0;0;0;0;0;0;0;0;0;0;0;0;0;0;0;0;0;0;0;0;0;0;0;0;0;0;0;0;0;0;d__Bacteria;Planctomycetota;Planctomycetes;Pirellulales;Pirellulaceae;NA;NA
9e3dc62bb51c66ea137b77bfe3f2b2ce;0;0;0;0;0;0;0;0;0;0;0.00712276078207913;0;0;0;0;0;0;0;0;0;0;0;0;0;0;0;0;0;0;0;0;0;0;d__Bacteria;Planctomycetota;Planctomycetes;Gemmatales;Gemmataceae;Gemmata;NA
ed2c2a41f224517d0f9f32f718b19dff;0;0;0;0;0;0;0;0;0.00941034761824102;0.0108740566755834;0.108622101926707;0.0257019854783782;0.0580682624685464;0.0287112739602417;0.0678073367538368;0;0.00613506342121812;0.0123252890280277;0;0;0.00781860828772478;0;0;0;0;0;0;0;0;0.00360763375302139;0;0;0;d__Bacteria;Planctomycetota;Planctomycetes;Gemmatales;Gemmataceae;Fimbriiglobus;NA
107de437d0b6720819dc82c5d7c57e2d;0;0;0;0.0172066270094882;0;0;0;0;0;0;0;0;0;0;0;0;0;0;0;0;0;0;0;0;0;0;0;0;0;0;0;0;0;d__Bacteria;Planctomycetota;Planctomycetes;Isosphaerales;Isosphaeraceae;Paludisphaera;NA
1b83e9d9e6eb4a73271de89870719b98;0.0209024960039346;0.0257559367434194;0.0213517052895291;0;0;0;0;0;0;0;0;0.0171346569855855;0.0161300729079295;0.00546881408766509;0;0;0;0;0;0;0;0;0;0;0;0;0;0.0118772682283075;0.00976669800148942;0.00721526750604279;0;0;0;d__Bacteria;Planctomycetota;Planctomycetes;Isosphaerales;Isosphaeraceae;uncultured;NA
ccf9f3bf55c153e2a681c5fa284fb846;0.193040698389278;0.167413588832226;0.0156579172123214;0;0;0;0;0.131007732024969;0.0131744866655374;0.0913420760749005;0.194095231311656;0.0706804600655401;0.0209690947803084;0.00957042465341391;0.0226024455846123;0.0179830958898635;0.00460129756591359;0;0.0129598030109942;0.0395450436878578;0.0531665363565285;0.163290231792475;0.187670076006381;0.215124230681559;0.278800044608007;0.360987135731163;0.333205036564579;0.174199934015177;0.27468838129189;0.245319095205455;0.469302620839757;0.41853761294972;0.704658958746665;d__Bacteria;Planctomycetota;OM190;OM190;OM190;OM190;NA
04839cbe1407db67549dd7c647527f55;0.00983646870773392;0.00515118734868387;0;0;0;0;0;0;0;0;0;0;0;0;0;0;0;0;0;0;0;0;0;0;0;0;0;0;0;0;0;0;0;d__Bacteria;Planctomycetota;Pla3_lineage;Pla3_lineage;Pla3_lineage;Pla3_lineage;NA
ab4d8fb12e2118a3c68ca93a3cd26eec;0.00368867576540022;0.0103023746973677;0;0;0;0;0;0;0;0;0;0;0;0;0;0;0;0;0;0;0;0;0;0;0;0;0;0;0;0;0;0;0;d__Bacteria;Verrucomicrobiota;Lentisphaeria;SS1-B-02-17;SS1-B-02-17;SS1-B-02-17;NA
9adeb4a522c2ba60a9d7f31645f9cd96;0.0122955858846674;0.0154535620460516;0;0;0;0;0;0;0;0;0;0;0;0;0;0;0;0;0;0;0;0;0;0;0;0;0;0;0;0;0;0;0;d__Bacteria;Verrucomicrobiota;Kiritimatiellae;WCHB1-41;WCHB1-41;WCHB1-41;NA
8c2b06e9403b7ddbfa80d5b77cb11252;0.0885282183696053;0.0618142481842065;0.0185048112509252;0;0;0;0;0;0;0;0;0;0;0;0;0;0;0;0;0;0;0;0;0;0;0;0;0;0;0;0;0;0;d__Bacteria;Verrucomicrobiota;Verrucomicrobiae;Verrucomicrobiales;Rubritaleaceae;Rubritalea;NA
fb2d8bc156be8683af16b622436dfa03;0.360260666420755;0.368309895430897;0.105335079428344;0.0319551644461924;0.144640682095006;0;0;0.0616506974235146;0.432875990439087;0.067419151388617;0.0231489725417572;0.265587183276575;0.0500032260145816;0.0123048316972465;0.0113012227923061;0;0.0107363609871317;0.0419059826952942;0.056159146380975;0.135583006929798;0.0422204847537138;0.0650505801449699;0.0495985200874006;0.0626852062913152;0.0223040035686406;0.0249409293777894;0.0230934183757629;0;0.00854586075130324;0.0144305350120856;0.0249387866146731;0.0249459504407118;0.03876764497959;d__Bacteria;Verrucomicrobiota;Verrucomicrobiae;Verrucomicrobiales;Rubritaleaceae;Luteolibacter;NA
9d6b356126b0af1f378deb4ef65be508;0.0418049920078692;0.0489362798124968;0.0156579172123214;0;0;0;0;0;0;0;0;0;0;0;0;0;0;0;0;0;0;0;0;0;0;0;0;0;0;0;0;0;0;d__Bacteria;Verrucomicrobiota;Verrucomicrobiae;Verrucomicrobiales;Rubritaleaceae;uncultured;NA
de43d34fa8b9e4ca0a695bf5fa517647;0.0504119021271364;0.0334827177664452;0.0113875761544155;0;0;0;0;0;0;0;0;0;0;0;0;0;0;0;0;0;0;0;0;0;0;0;0;0;0;0;0;0;0;d__Bacteria;Verrucomicrobiota;Verrucomicrobiae;Verrucomicrobiales;Rubritaleaceae;NA;NA
430a91c2d23501ab01a9cb219b48ad67;0.0627074880118038;0;0;0;0;0;0;0;0;0;0;0;0;0;0;0;0;0;0;0;0;0;0;0;0;0;0;0;0;0;0;0;0;d__Bacteria;Verrucomicrobiota;Verrucomicrobiae;Verrucomicrobiales;Rubritaleaceae;Haloferula;NA
0439631d9834d70aa5fafba4ee9899dc;0.0159842616500676;0.0103023746973677;0;0;0;0;0;0;0;0;0;0;0;0;0;0;0;0;0;0;0;0;0;0;0;0;0;0;0;0;0;0;0;d__Bacteria;Verrucomicrobiota;Verrucomicrobiae;Verrucomicrobiales;Rubritaleaceae;Roseibacillus;NA
f4fa2f027c5303a00dd2d8fa82e02237;0.28279847534735;0.169989182506568;0.049820645675568;0.0073742687183521;0.043138449045879;0.014684595858944;0;0;0;0;0;0;0;0;0;0;0;0;0;0;0.0109460516028147;0.0265512572020285;0.136731055376077;0.166685662183725;0.28517261705619;0.429246521396692;0.60812668389509;0.483008907951171;0.866794447632186;0.853205382589559;1.06103201233336;1.00060978989966;1.2131992428907;d__Bacteria;Verrucomicrobiota;Verrucomicrobiae;Verrucomicrobiales;DEV007;DEV007;NA
d571d7f2a4c1f8ef8d900a8ae5240201;0.061477929423337;0.0566630608355226;0.024198599328133;0;0;0;0;0;0;0;0;0;0;0;0;0;0;0;0;0;0;0;0;0;0;0;0;0;0;0;0;0;0;d__Bacteria;Verrucomicrobiota;Verrucomicrobiae;Pedosphaerales;Pedosphaeraceae;Oikopleura;NA
76a50c5dc928f360c7dfeecccf17567f;0.0762326324849379;0.0540874671611807;0.0341627284632466;0;0;0;0;0;0;0;0;0;0;0;0;0;0;0;0;0;0;0;0;0;0;0;0;0;0;0;0;0;0;d__Bacteria;Verrucomicrobiota;Verrucomicrobiae;Pedosphaerales;Pedosphaeraceae;Pedosphaeraceae;NA
c917207560aab144d7972d40cf16524b;0.0836099840157384;0;0;0;0;0;0;0;0;0;0;0;0;0;0;0;0;0;0;0;0;0;0;0;0;0;0;0;0;0;0;0;0;d__Bacteria;Verrucomicrobiota;Verrucomicrobiae;Pedosphaerales;Pedosphaeraceae;uncultured;NA
0fb26ea8f7bb46f6288d932e1ae0e092;0;0;0;0;0.0126877791311409;0;0;0;0;0;0.119306243099825;0.40052260703806;0;0;0;0;0;0;0;0;0;0.00796537716060856;0.0147455059719299;0.00284932755869615;0;0;0.0109968658932204;0;0.00610418625093089;0;0;0;0;d__Bacteria;Verrucomicrobiota;Verrucomicrobiae;Chthoniobacterales;Terrimicrobiaceae;Terrimicrobium;NA
95e92352ed7b5501dff294ea8cff1f90;0.0221320545924013;0;0;0;0.0126877791311409;0;0;0;0;0;0;0;0;0;0;0;0;0;0;0;0;0;0;0;0;0;0;0;0;0;0;0;0;d__Bacteria;Sumerlaeota;Sumerlaeia;Sumerlaeales;Sumerlaeaceae;Sumerlaea;NA
ef30600961776d1942b1df495f08c525;0.0344276404770687;0.0334827177664452;0.00854068211581165;0;0;0;0;0;0;0;0;0;0;0;0;0;0;0;0;0;0;0;0;0;0;0;0;0;0;0;0;0;0;d__Bacteria;Sumerlaeota;Sumerlaeia;uncultured;uncultured;uncultured;NA
5f517b439eb6f549a5fd6eedc31ddb68;0;0;0.00284689403860388;0;0;0;0;0;0;0;0;0;0;0;0;0;0;0;0;0;0;0;0;0;0;0;0;0;0;0;0;0;0;d__Bacteria;Actinobacteriota;Acidimicrobiia;Actinomarinales;NA;NA;NA
4dbd1f9c02e2c4897287b62d8c50b0f1;0;0;0;0;0;0;0;0;0;0;0;0;0;0;0;0;0;0;0;0;0;0;0;0;0;0;0;0;0;0.00721526750604279;0;0;0;d__Bacteria;Caldisericota;Caldisericia;Caldisericales;WCHB1-02;WCHB1-02;NA
9cab3fd5d3409b6478e4d29a5d46f545;0.00983646870773392;0;0;0;0.043138449045879;0;0;0;0;0;0;0;0;0;0;0;0;0;0;0;0;0;0;0;0;0;0;0;0;0;0;0;0;d__Bacteria;Synergistota;Synergistia;Synergistales;Synergistaceae;uncultured;NA
911dd706826ad63ed0b30cf0a8b01eab;0;0;0;0;0.203004466098254;0;0;0;0;0;0;0;0;0;0;0;0.00306753171060906;0;0;0;0;0;0.00268100108580544;0;0;0;0;0;0;0;0;0;0;d__Bacteria;Synergistota;Synergistia;Synergistales;Synergistaceae;Syner-01;NA
6d95846acbe7ecc140b3e5832fc05dc7;0;0;0;0;0;0;0;0.0590819183642015;0.0489338076148533;0.067419151388617;0.0623241568431924;0.0599712994495491;0.0177430801987225;0;0.0090409782338449;0.00399624353108078;0;0.00493011561121108;0.0107998358424952;0.0263633624585719;0.0140734949179046;0.0384993229429413;0.0294910119438598;0.0341919307043538;0.0350491484650066;0.019690207403518;0.0329905976796613;0.0184757505773672;0.054937676258378;0.0360763375302139;0.0498775732293461;0.0582072176949942;0.0570112426170441;d__Bacteria;Acidobacteriota;Vicinamibacteria;Vicinamibacterales;Vicinamibacteraceae;Luteitalea;NA
d2234ec9886f472e7862c9b08105f49d;0.0258207303578015;0.0180291557203936;0;0;0;0;0;0;0;0;0;0;0;0;0;0;0;0;0;0;0;0;0;0;0;0;0;0;0;0;0;0;0;d__Bacteria;Acidobacteriota;Vicinamibacteria;Vicinamibacterales;Vicinamibacteraceae;Vicinamibacteraceae;NA
0916099d9f69910b56bd21c741a8e944;0.683634575187508;0.355431927059187;0.0370096225018505;0;0;0;0;0;0;0;0;0;0;0;0;0;0;0;0;0;0;0;0;0;0;0;0;0;0;0;0;0;0;d__Bacteria;Acidobacteriota;Vicinamibacteria;Vicinamibacterales;uncultured;uncultured;NA
beadfc299fce9de9e1acb6ff27c0e8a5;0;0;0;0;0;0;0;0;0;0.00652443400535004;0;0;0;0;0.00678073367538368;0.00999060882770196;0;0;0;0;0;0;0;0.0213699566902211;0.0143382880084118;0.00656340246783933;0.00219937317864409;0.620257340811613;0.159929679774389;0.0270572531476604;0;0;0;d__Bacteria;Cyanobacteria;Cyanobacteriia;Chloroplast;Chloroplast;Chloroplast;NA
8ec4ed23e36bf90e912731d29f611733;0.0774621910734047;0.0540874671611807;0.0113875761544155;0;0;0;0;0;0;0;0;0;0;0;0;0;0;0;0;0;0;0;0;0;0;0;0;0;0;0;0;0;0;d__Bacteria;Dependentiae;Babeliae;Babeliales;Vermiphilaceae;Vermiphilaceae;NA
213ca0ef2334998ef635a407ad0c9873;0.0676257223656707;0.0618142481842065;0.0284689403860388;0;0;0;0;0;0;0;0;0;0;0;0;0;0;0;0;0;0;0;0;0;0;0;0;0;0;0;0;0;0;d__Bacteria;Dependentiae;Babeliae;Babeliales;NA;NA;NA
e09a0d59a24e16d6f8bc73dc986a049c;0.0848395426042051;0.0515118734868387;0.0256220463474349;0;0;0;0;0;0;0;0;0;0;0;0;0;0;0;0;0;0;0;0;0;0;0;0;0;0;0;0;0;0;d__Bacteria;Dependentiae;Babeliae;Babeliales;Babeliaceae;Babeliaceae;NA
7cb677ac1cc306e3c5f093b0ad88c3f7;0;0;0;0;0.0126877791311409;0;0;0;0;0;0;0;0;0;0;0;0;0;0;0;0;0;0;0;0;0;0;0;0;0;0;0;0;d__Bacteria;Dependentiae;Babeliae;Babeliales;UBA12409;UBA12409;NA
d504a0baa557bac421e93f051c2129c7;0.0491823435386696;0.0746922165559161;0.0199282582702272;0;0.0152253349573691;0;0;0;0;0;0;0;0;0;0;0;0;0;0;0;0;0;0;0;0;0;0;0;0;0;0;0;0;d__Bacteria;Dependentiae;Babeliae;Babeliales;Babeliales;Babeliales;NA
999ec033d3173d93f6651bdcfb0fe4d7;0;0;0.00284689403860388;0;0;0;0;0;0;0;0;0;0;0;0;0;0;0;0;0;0;0;0;0;0;0;0;0;0;0;0;0;0;d__Bacteria;Patescibacteria;Saccharimonadia;Saccharimonadales;NA;NA;NA
6bffab3351c710ab5751227d5ede3140;0.0295094061232018;0.0360583114407871;0.0113875761544155;0;0;0;0;0;0;0;0;0;0;0;0;0;0;0;0;0;0;0;0;0;0;0;0;0;0;0;0;0;0;d__Bacteria;Patescibacteria;Saccharimonadia;Saccharimonadales;LWQ8;LWQ8;NA
6e1c6fc711221221bd99ae68bf25dc46;0.309848764293619;0.2395302117138;0.0612082218299835;0;0;0;0;0;0;0;0;0;0.120975546809472;0.0437505127013207;0.0452048911692245;0.00999060882770196;0.0138038926977408;0.0221855202504499;0.0129598030109942;0.0112985839108165;0;0;0.00938350380031904;0;0.00477942933613727;0.00918876345497506;0.00659811953593226;0.00659848234905972;0.00244167450037236;0;0;0;0;d__Bacteria;Patescibacteria;Saccharimonadia;Saccharimonadales;Saccharimonadales;Saccharimonadales;NA
45ad9fa185d1b7b4200766d7b2dea5dc;0.103282921431206;0.0927213722763097;0.23486875818482;0.0122904478639202;0;0;0;0;0;0;0;0;0;0;0;0;0;0;0;0;0;0;0;0;0;0;0;0;0;0;0;0;0;d__Bacteria;Patescibacteria;Saccharimonadia;Saccharimonadales;Saccharimonadaceae;NA;NA
95d630da43c059ca1a3beb2c8491ed5c;0.204106725685479;0.115901715345387;0.277572168763879;0.0368713435917605;0;0;0;0;0;0;0;0;0;0;0;0;0;0;0;0;0;0;0;0;0;0;0;0;0;0;0;0;0;d__Bacteria;Patescibacteria;Saccharimonadia;Saccharimonadales;Saccharimonadaceae;Saccharimonadaceae;NA
90b7dad9cd17e4fea86334bbde5ce1a2;0.195499815566212;0.208623087621697;0.237715652223424;0.125362568211986;0.200466910272026;0;0;0;0;0;0;0;0;0;0;0;0;0;0;0;0;0.0252236943419271;0.00536200217161088;0.00427399133804422;0.065318867593876;0.0511945392491468;0.026392478143729;0.0092378752886836;0.00488334900074471;0;0.00906864967806294;0;0;d__Bacteria;Patescibacteria;Saccharimonadia;Saccharimonadales;Saccharimonadaceae;TM7a;NA
41dcf76656c61d2de6b01d2a45ba3da2;0;0;0;0;0;0;0;0;0;0;0.0267103529327967;0.0128509927391891;0.00806503645396477;0;0.0113012227923061;0.00799248706216157;0.00306753171060906;0.00986023122242217;0;0.0169478758662248;0.00781860828772478;0.0584127658444627;0.0147455059719299;0.00997264645543652;0.0350491484650066;0.0380677343134681;0.026392478143729;0.0197954470471792;0.0329626057550268;0.0162343518885963;0.0204044617756416;0.055435445423804;0.0250849467514994;d__Bacteria;Acidobacteriota;Blastocatellia;Blastocatellales;Blastocatellaceae;uncultured;NA
9c63529fb3e5ce52ac0ac037b9c6d8d9;0;0;0;0;0;0;0;0;0;0;0;0;0;0;0;0;0;0;0;0;0;0.00796537716060856;0;0;0;0;0;0;0;0;0;0;0;d__Bacteria;Acidobacteriota;Blastocatellia;Blastocatellales;Blastocatellaceae;NA;NA
642c516a2301f6dd21c7b1be797d81bf;0.00737735153080044;0;0;0;0.253755582622818;0.0356625899431496;0.0336125038514327;0;0;0;0.00356138039103957;0;0;0;0;0;0;0;0;0;0;0;0;0;0;0;0;0;0;0;0;0;0;d__Bacteria;Acidobacteriota;Blastocatellia;Blastocatellales;Blastocatellaceae;Blastocatella;NA
22635415402f3f186fe0053f435c54ae;0.0122955858846674;0;0;0;0;0;0;0;0;0;0;0;0;0;0;0;0;0;0;0;0;0;0;0;0;0;0;0;0;0;0;0;0;d__Bacteria;Patescibacteria;uncultured;uncultured;uncultured;uncultured;NA
3743ee3af2dcfbe23a5a1e4652036b66;0;0;0;0;0;0.00419559881684113;0.00840312596285818;0;0;0;0.0427365646924748;0.201332219580629;0.133879605135815;0.0628913620081485;0.108491738806139;0.0579455312006714;0.0368103805273087;0.128183005891488;0.166317471974426;0.144998493522145;0.0656763096168882;0.090274274486897;0.0777490314883578;0.0840551629815364;0.078064012490242;0.168023103176687;0.139660196843899;0.0778620917189047;0.0793544212621015;0.0450954219127674;0.0476104108098304;0.055435445423804;0.0410480946842717;d__Bacteria;Verrucomicrobiota;Verrucomicrobiae;Opitutales;Opitutaceae;Lacunisphaera;NA
133e7ae5a9eb183e7fb332dfa365352d;0;0;0;0;0;0;0;0;0;0;0.0106841411731187;0;1.24846764307375;0.455278772798119;0.253147390547657;0.0839211141526965;0.0245402536848725;0;0;0;0;0.00398268858030428;0;0.00997264645543652;0;0;0;0.0211151435169911;0.00854586075130324;0;0;0;0;d__Bacteria;Verrucomicrobiota;Verrucomicrobiae;Opitutales;Opitutaceae;Ereboglobus;NA
653a3e0df7b5ae61a83bb68ceb21d62f;0;0;0;0;0;0;0;0;0;0;0;0;0;0;0;0;0;0;0.00647990150549712;0;0;0;0;0;0;0;0;0;0;0;0;0;0;d__Bacteria;Verrucomicrobiota;Verrucomicrobiae;Opitutales;Opitutaceae;Diplosphaera;NA
46b5e7a950e19a9ff42398bb94f5b427;0.00368867576540022;0;0;0;0.0101502233049127;0;0;0;0;0;0.0267103529327967;0;0;0;0;0;0;0;0;0;0;0;0;0;0;0;0;0;0;0;0;0;0;d__Bacteria;Verrucomicrobiota;Verrucomicrobiae;Opitutales;Opitutaceae;Cephaloticoccus;NA
c3476e78b720533a2cdceb2001244b45;0;0;0;0;0;0;0;0;0;0;0;0;0;0;0;0;0;0;0;0.0169478758662248;0.00781860828772478;0.0849640230464913;0.100537540717704;0.0541372236152268;0.00477942933613727;0.00787608296140719;0.0120965524825425;0.0422302870339822;0.013429209752048;0.00541145062953209;0;0;0;d__Bacteria;Verrucomicrobiota;Verrucomicrobiae;Opitutales;Opitutaceae;IMCC26134;NA
04adf1e001bdaad0616e299daeba4936;0.00737735153080044;0;0;0;0;0;0;0;0;0;0;0;0;0;0;0;0;0;0;0;0;0;0;0;0;0;0;0;0;0;0;0;0;d__Bacteria;Verrucomicrobiota;Verrucomicrobiae;Opitutales;Puniceicoccaceae;Verruc-01;NA
075bc414cb55c12ad389dd6735490d7a;0;0;0;0;0;0;0;0;0;0;0;0;0;0;0;0;0;0;0;0;0;0;0;0;0;0;0;0;0;0;0.00906864967806294;0.0110870890847608;0.0114022485234088;d__Bacteria;Verrucomicrobiota;Verrucomicrobiae;Opitutales;Puniceicoccaceae;Cerasicoccus;NA
c958a9390aae15ce4875dbe45af67c82;0.0061477929423337;0;0;0;0;0;0;0;0;0;0;0;0;0;0;0;0;0;0;0;0;0;0;0;0;0;0;0;0;0;0;0;0;d__Bacteria;Verrucomicrobiota;Verrucomicrobiae;Opitutales;Opitutaceae;Alterococcus;NA
ace078b30636d820a12128b4877d0cc8;0;0;0;0;0.129415347137637;0;0;0;0;0;0;0;0;0;0;0;0;0;0;0;0;0;0;0;0;0;0;0;0;0;0;0;0;d__Bacteria;Campilobacterota;Campylobacteria;Campylobacterales;Arcobacteraceae;uncultured;NA
a34513c2642501ee346a0465fd9ad3b1;0;0;0;0;0;0;0;0;0;0;0;0;0;0;0;0;0;0;0;0.00376619463693884;0.0218921032056294;0.0146031914611157;0.00536200217161088;0.00854798267608844;0.00637257244818302;0.0157521659228144;0.00549843294661022;0.0158363576377433;0.00732502350111707;0.0144305350120856;0.0181372993561259;0.027717722711902;0.00912179881872705;d__Bacteria;Bacteroidota;Ignavibacteria;Ignavibacteriales;Melioribacteraceae;Melioribacter;NA
1cbc1541e3f3413834726c0f6583d5ef;0.174597319562277;0.157111214134858;0.0128110231737175;0;0;0;0;0;0;0.00869924534046672;0.00534207058655935;0;0;0;0;0;0;0;0;0;0;0;0;0;0;0;0;0;0;0.0162343518885963;0;0;0;d__Bacteria;Bacteroidota;Ignavibacteria;Ignavibacteriales;PHOS-HE36;PHOS-HE36;NA
d7cbfdc14ffa3890ee47ec41f91eb042;0;0;0;0;0;0;0;0;0;0;0;0;0;0;0;0;0;0;0.00647990150549712;0;0;0;0.0067025027145136;0.00427399133804422;0;0;0;0.0105575717584955;0.00732502350111707;0.0126267181355749;0;0;0;d__Bacteria;Bacteroidota;Ignavibacteria;Ignavibacteriales;Ignavibacteriaceae;Ignavibacterium;NA
566eabc057ecf1a7d1a56212ea781ffa;0.5619082749293;0.363158708082213;0.19074190058646;0;0;0;0;0;0;0;0;0;0;0;0;0;0;0;0;0;0;0;0;0;0;0;0;0;0;0;0;0;0;d__Bacteria;Bacteroidota;Ignavibacteria;Ignavibacteriales;Melioribacteraceae;IheB3-7;NA
a09a3c0292b06c72c9f294c31173d6ea;0;0;0;0;0.00507511165245635;0;0;0;0;0;0;0;0;0;0;0;0;0;0;0;0;0;0;0;0;0;0;0;0;0;0;0;0;d__Bacteria;Armatimonadota;Fimbriimonadia;Fimbriimonadales;Fimbriimonadaceae;Fimbriimonadaceae;NA
3aea5dcb93a1f1fd8eff4c0247e0d837;0;0;0;0;0;0;0;0;0;0;0;0;0;0;0;0;0;0;0.00431993433699808;0;0;0;0;0;0;0;0;0;0;0;0;0;0;d__Bacteria;Firmicutes;Clostridia;Oscillospirales;Oscillospiraceae;uncultured;NA
ddbfe473abc6e80a7c01bfc8a287f342;0;0;0;0;0.0228380024360536;0;0;0;0;0;0;0;0;0;0;0;0;0;0;0;0;0;0;0;0;0;0;0;0;0;0;0;0;d__Bacteria;Spirochaetota;Spirochaetia;Spirochaetales;Spirochaetaceae;Alkalispirochaeta;NA
099eb667fe7eab5fe9017185a3db1f3d;0;0;0;0;0.0101502233049127;0;0;0;0;0;0;0;0;0;0;0;0;0;0;0;0;0;0.00268100108580544;0;0;0;0;0;0;0;0;0;0;d__Bacteria;Spirochaetota;Spirochaetia;Spirochaetales;Spirochaetaceae;Sediminispirochaeta;NA
b71b4f4763f3dade351520fe0ff0cb6a;0;0;0;0;0.0786642306130735;0;0;0;0;0;0;0;0;0.00546881408766509;0;0;0.0153376585530453;0;0.0151197701794933;0.0112985839108165;0.00938232994526974;0;0.00268100108580544;0;0.00796571556022877;0;0.00439874635728817;0.00395908940943583;0.00732502350111707;0.00721526750604279;0;0.0083153168135706;0.00684134911404529;d__Bacteria;Spirochaetota;Spirochaetia;Spirochaetales;Spirochaetaceae;Treponema;NA
50d2f0b1b204900eefacea3a8528c554;0;0;0;0.0565360601740327;1.2154892407633;0;0;0.0154126743558787;0;0.0260977360214001;0;0.109233438283107;0.0193560874895154;0;0.0090409782338449;0.00999060882770196;0.0383441463826132;0.0246505780560554;0.0885586539084606;0.0715576981018379;0.153244722439406;0.0637230172848684;0.178286572206062;0.0527125598358787;0.0924023004986538;0.068259385665529;0.0615824490020344;0.174199934015177;0.146500470022341;0.122659547602727;0.108823796136755;0.0609789899661844;0.114022485234088;d__Bacteria;Spirochaetota;Spirochaetia;Spirochaetales;Spirochaetaceae;uncultured;NA
f624cdec1744e03b99f77b0925334cde;0.831181605803517;0.692834698397981;0.165119854239025;0;0;0;0;0;0;0;0;0;0;0;0;0;0;0;0;0;0;0;0;0;0;0;0;0;0;0;0;0;0;d__Bacteria;Nitrospirota;Nitrospiria;Nitrospirales;Nitrospiraceae;Nitrospira;NA
db1f5cd18b8dea50d664d6eed9d89ca4;0.419279478667159;0.234379024365116;0.096794397312532;0;0;0;0;0;0;0;0;0;0;0;0;0;0;0;0;0;0;0;0;0;0;0;0;0;0;0;0;0;0;d__Bacteria;Chloroflexi;Anaerolineae;Ardenticatenales;uncultured;uncultured;NA
5194d6f6df81e258c299fb5e8abb32ed;1.99680314766999;1.6277752021841;0.768661390423048;0;0;0;0.00840312596285818;0;0;0;0.101499341144628;0.0920987812975219;0.0193560874895154;0.0287112739602417;0.0248626901430735;0.0299718264831059;0.0291415512507861;0.0517662139177164;0.0626390478864721;0.0546098222356131;0.0672400312744331;0.0597403287045642;0.0656845266022333;0.0555618873945749;0.0382354346890981;0.0564452612234182;0.0802771210205092;0.0329924117452986;0.0329626057550268;0.0396839712832353;0.0498775732293461;0.0221741781695216;0.0456089940936353;d__Bacteria;Chloroflexi;Anaerolineae;Caldilineales;Caldilineaceae;uncultured;NA
413b2ab9fc61622f95fafb6b71a82b3e;0;0;0;0;0;0;0;0;0;0;0;0;0;0;0.00452048911692245;0;0;0;0;0;0;0;0;0;0;0;0;0;0;0;0;0;0;d__Bacteria;Chloroflexi;Anaerolineae;Caldilineales;Caldilineaceae;NA;NA
769bf0592baef9621328efb535be8b1c;0.00737735153080044;0;0;0;0;0;0;0;0;0;0;0;0;0;0;0;0;0;0;0;0;0;0;0;0;0;0;0;0;0;0;0;0;d__Bacteria;Chloroflexi;Anaerolineae;SBR1031;SBR1031;SBR1031;NA
25b8610a4a4fe23317cef409f2cea4dd;0.0639370466002705;0.0180291557203936;0.0128110231737175;0;0;0;0;0;0;0;0;0;0;0;0;0;0;0;0;0;0;0;0;0;0;0;0;0;0;0;0;0;0;d__Bacteria;Chloroflexi;Anaerolineae;Anaerolineales;Anaerolineaceae;uncultured;NA
00b8623dbee69cef88626b52c845f364;0.462314029263494;0.922062535414413;0.19074190058646;0;0;0.0062933982252617;0.0168062519257164;0.0333941277710704;0.0301131123783713;0.0565450947130336;0.0943765803625485;0.14136092013108;0.0483902187237886;0.0423833091794044;0.0971905160138327;0.123883549463504;0.0843571220417491;0.221855202504499;0.317515173769359;0.331425128050618;0.37842064112588;0.516421952579455;0.461132186758536;0.374686573968543;0.57034523411238;0.665529010238908;0.60812668389509;0.459254371494556;0.50786829607745;0.528518344817634;0.593996553913122;0.728976107323022;0.727463455793482;d__Bacteria;Chloroflexi;Anaerolineae;SBR1031;A4b;A4b;NA
444561f1f9cda1108f50b365ef9e9179;0.0147547030616009;0;0;0;0;0;0;0;0;0;0;0;0;0;0;0;0;0;0;0;0;0;0;0;0;0;0;0;0;0;0;0;0;d__Bacteria;Chloroflexi;N9D0;N9D0;N9D0;N9D0;NA
51b934033518abe653dd4fc58dea5797;0.361490225009222;0.236954618039458;0.148038490007402;0;0;0;0;0;0;0;0;0;0;0;0;0;0;0;0;0;0;0;0;0;0;0.00262536098713573;0;0.00659848234905972;0;0;0;0;0;d__Bacteria;Chloroflexi;OLB14;OLB14;OLB14;OLB14;NA
e1d830281ca7432058c31e4e3dbb7b2f;0.118037624492807;0.0875701849276258;0.0213517052895291;0;0;0;0;0;0;0;0;0;0;0;0;0;0;0;0;0;0;0;0;0;0;0;0;0;0;0;0;0;0;d__Bacteria;Chloroflexi;Dehalococcoidia;S085;S085;S085;NA
01ae4385b59183593d0b3b027ed22ab9;0.164760850854543;0.0721166228815742;0.0654785628878893;0;0;0;0;0;0;0;0;0;0;0;0;0;0;0;0;0;0;0;0;0;0;0;0;0;0;0;0;0;0;d__Bacteria;Chloroflexi;JG30-KF-CM66;JG30-KF-CM66;JG30-KF-CM66;JG30-KF-CM66;NA
9eeea9aa04ce8bc18db9a35721d8281b;0.0233616131808681;0;0;0;0;0;0;0;0;0;0;0;0;0;0;0;0;0;0;0;0;0;0;0;0;0;0;0;0;0;0;0;0;d__Bacteria;Chloroflexi;Chloroflexia;Thermomicrobiales;Thermomicrobiaceae;Nitrolancea;NA
c8283c8fde5671307a4a30ad65fa7dc2;4.60592647239641;4.6798537062793;2.5678984228207;0.105697851629713;0.253755582622818;0;0;0;0;0;0;0;0;0;0;0;0;0;0;0;0;0;0;0;0;0;0;0;0;0;0;0;0;d__Bacteria;Chloroflexi;Chloroflexia;Thermomicrobiales;AKYG1722;AKYG1722;NA
2f75eeda30194d5a86acf4d692bfe1a4;5.67687200295094;5.25678668933189;4.43546091214485;1.35686544417679;2.35738936256598;0.0923031739705049;0.0980364695666788;0;0;0;0;0;0;0;0.00678073367538368;0;0.00460129756591359;0;0.00863986867399615;0;0;0;0.00268100108580544;0.00427399133804422;0.00955885867227453;0.0170648464163823;0.0274921647330511;0.0131969646981194;0.020754233253165;0.0288610700241711;0.0272059490341888;0.027717722711902;0.0570112426170441;d__Bacteria;Chloroflexi;Chloroflexia;Thermomicrobiales;JG30-KF-CM45;JG30-KF-CM45;NA
abc7337969e22f241588f94bf06ddce2;0.0934464527234723;0.0334827177664452;0.0341627284632466;0;0;0;0;0;0;0;0;0;0;0;0;0;0;0;0;0;0;0;0;0;0;0;0;0;0;0;0;0;0;d__Bacteria;Chloroflexi;Gitt-GS-136;Gitt-GS-136;Gitt-GS-136;Gitt-GS-136;NA
56f28d63852bf2fd53c18f958b378b6b;0.0172138202385344;0;0.0142344701930194;0;0;0;0;0;0;0;0;0;0;0;0;0;0;0;0;0;0;0;0;0;0;0;0;0;0;0;0;0;0;d__Bacteria;Chloroflexi;KD4-96;KD4-96;KD4-96;KD4-96;NA
eb6f8a57c7cd1a444a7b13ee659eca9a;0.038116316242469;0.0540874671611807;0;0;0;0;0;0;0;0;0;0;0;0;0;0;0;0;0;0;0;0.00398268858030428;0;0;0;0;0;0;0.00976669800148942;0.00721526750604279;0.0181372993561259;0;0.00456089940936353;d__Bacteria;Acidobacteriota;Acidobacteriae;PAUC26f;PAUC26f;PAUC26f;NA
ca71f289862427ce343c8001d088ab31;0.0196729374154678;0.00515118734868387;0;0;0;0.0104889970421028;0.0224083359009552;0.0385316858896966;0.122334519037133;0.121789434766534;0.306278713629403;0.107091606159909;0.0532292405961675;0.0273440704383254;0.0723278258707592;0.045956800607429;0.0138038926977408;0.059161387334533;0.0669589822234702;0.0885055739680627;0.0688037529319781;0.108860154528317;0.0884730358315795;0.0926031456576248;0.248530325479138;0.257285376739302;0.181448287238137;0.122731771692511;0.240504938286677;0.245319095205455;0.310601251473656;0.174621653084983;0.221203621354131;d__Bacteria;Acidobacteriota;Acidobacteriae;Acidobacteriae;Acidobacteriae;Paludibaculum;NA
913394ee530dca49bf41aaf49a799c42;0;0;0;0.125362568211986;0.0380633373934227;0.0335647905347291;0.0224083359009552;0;0.00752827809459281;0.00652443400535004;0;0;0;0;0;0;0;0;0;0;0;0;0;0;0;0;0;0;0;0;0;0;0;d__Bacteria;Acidobacteriota;Acidobacteriae;Bryobacterales;Bryobacteraceae;Bryobacter;NA
501e800038f5570e2a9b0b8ef481aa32;0.0172138202385344;0.00772678102302581;0;0;0;0;0;0;0;0;0;0;0;0;0;0;0;0;0;0;0;0;0;0;0;0;0;0;0;0;0;0;0;d__Bacteria;Acidobacteriota;Acidobacteriae;Solibacterales;Solibacteraceae;Candidatus_Solibacter;NA
eab9022c72215f492029f155e72d0966;0.0245911717693348;0.00772678102302581;0.00711723509650971;0;0;0;0;0;0;0;0;0;0;0;0;0;0;0;0;0;0;0;0;0;0;0;0;0;0;0;0;0;0;d__Bacteria;Abditibacteriota;Abditibacteria;Abditibacteriales;Abditibacteriaceae;Abditibacterium;NA
fbff3e242d0444576eefc7b4fb395f6c;0;0;0;0.0344132540189765;0.109114900527812;0;0;0;0;0;0;0;0.072585328085683;0.0478521232670695;0.0406844020523021;0.0239774611864847;0.0475467415144404;0.00986023122242217;0.0215996716849904;0.0150647785477553;0.0234558248631744;0;0.00402150162870816;0;0;0;0;0;0;0;0;0;0;d__Bacteria;Desulfobacterota;Desulfovibrionia;Desulfovibrionales;Desulfovibrionaceae;Desulfovibrio;NA
08aec6a3a66c837faa2247f6920cb001;0.0110660272962007;0;0.00711723509650971;0;0;0;0;0;0;0;0;0;0;0;0;0;0;0;0;0;0;0;0;0;0;0;0;0;0;0;0;0;0;d__Bacteria;Bdellovibrionota;Oligoflexia;0319-6G20;0319-6G20;0319-6G20;NA
aa1e81be1b8fe597dd1628ead7a1f129;0.0110660272962007;0;0;0;0;0;0;0;0;0;0;0;0;0;0;0;0;0;0;0;0;0;0;0;0;0;0;0;0;0;0;0;0;d__Bacteria;Myxococcota;NA;NA;NA;NA;NA
00ce6b5d1632433e18a311b060f0644f;0.0135251444731341;0.0206047493947355;0;0;0;0;0;0;0;0;0;0;0;0;0;0;0;0;0;0;0;0;0;0;0;0;0;0;0;0;0;0;0;d__Bacteria;Myxococcota;bacteriap25;bacteriap25;bacteriap25;bacteriap25;NA
914092ffc57250f368670889a8ca9882;0;0;0;0;0.00761266747868453;0;0;0;0;0;0.0124648313686385;0.0149928248623873;0;0;0;0;0.00306753171060906;0;0.00431993433699808;0.0169478758662248;0;0.0053102514404057;0;0.00712331889674037;0;0;0.00549843294661022;0.0092378752886836;0.00366251175055853;0;0;0.0166306336271412;0.0136826982280906;d__Bacteria;Desulfobacterota;Desulfobulbia;Desulfobulbales;Desulfobulbaceae;Desulfobulbus;NA
4faa241c13303127991948896ab645f9;0.0110660272962007;0.0154535620460516;0;0;0;0;0;0;0;0;0;0;0;0;0;0;0;0;0;0;0;0;0;0;0;0;0;0;0;0;0;0;0;d__Bacteria;Desulfobacterota;Desulfobulbia;Desulfobulbales;Desulfocapsaceae;[Desulfobacterium]_catecholicum_group;NA
43cf5efaaac1d21da43ac99bcf92e453;0.0172138202385344;0.0128779683717097;0;0;0;0;0;0;0;0;0;0;0;0;0;0;0;0;0;0;0;0;0.00536200217161088;0;0;0;0;0;0;0.00360763375302139;0;0;0;d__Bacteria;Desulfobacterota;Desulfobulbia;Desulfobulbales;Desulfocapsaceae;Desulfofustis;NA
e244c1974660671e409db5855367ef6a;0.0172138202385344;0;0;0;0.129415347137637;0;0;0;0.0207027647601302;0.0282725473565168;0.0641048470387122;0.14136092013108;0.0161300729079295;0.0246096633944929;0.0316434238184572;0;0.0475467415144404;0.0147903468336332;0.053999179212476;0.0696746007833685;0.0938232994526974;0.0252236943419271;0.0469175190015952;0.0128219740141327;0.0159314311204575;0.0144394854292465;0.0109968658932204;0.046189376443418;0.0231959077535374;0.0162343518885963;0.0158701369366101;0.027717722711902;0.0159631479327723;d__Bacteria;Desulfobacterota;Desulfovibrionia;Desulfovibrionales;Desulfomicrobiaceae;Desulfomicrobium;NA
2b15e8a799d1cbd104e64f25b25618cf;0.061477929423337;0.0566630608355226;0;0;0.0101502233049127;0;0;0;0.0884572676114656;0.258802548878885;0.0124648313686385;0.0321274818479728;0.0661332989225111;0.0396489021355719;0.0519856248446082;0.045956800607429;0.0153376585530453;0.0197204624448443;0.0237596388534894;0.0188309731846942;0.00625488663017983;0;0.00536200217161088;0;0;0;0.0120965524825425;0;0;0;0;0;0;d__Bacteria;Desulfobacterota;Desulfuromonadia;PB19;PB19;PB19;NA
e9f2096bac85517be82897e1b1626ea3;0.0454936677732694;0;0.00711723509650971;0;0;0;0;0;0;0;0;0;0;0;0;0;0;0;0;0;0;0;0;0;0;0;0;0;0;0;0;0;0;d__Bacteria;NB1-j;NB1-j;NB1-j;NB1-j;NB1-j;NA
c09a76f2ea0e5d9b0b1d302b0526bef2;0.0319685233001353;0.0592386545098645;0;0;0;0;0;0;0;0;0;0;0;0;0;0;0;0;0;0;0;0;0;0;0;0;0;0;0;0;0;0;0;d__Bacteria;Myxococcota;Polyangia;Polyangiales;Sandaracinaceae;uncultured;NA
d0f29d272868a63c490e7fa34aead636;0.181974671093078;0.231803430690774;0.0170813642316233;0;0;0;0;0;0;0;0;0;0.0209690947803084;0.00683601760958136;0.00678073367538368;0;0;0;0;0;0;0;0;0;0;0;0;0;0;0;0;0;0;d__Bacteria;Myxococcota;Polyangia;Polyangiales;Phaselicystidaceae;Phaselicystis;NA
6d2774a278abf677a73165a4bf347970;0.0454936677732694;0.0231803430690774;0;0.0073742687183521;0.0735891189606171;0;0;0;0.0263489733310748;0.0391466040321002;0.0516400156700737;0.310565657863737;0.0306471385250661;0.511334117196686;0.0384241574938408;0.0439586788418886;0.0690194634887038;0.0221855202504499;0.00863986867399615;0.0941548659234709;0.0484753713838937;0.0159307543212171;0;0;0.0541668658095557;0.028878970858493;0;0;0.0109875352516756;0.0811717594429814;0.0204044617756416;0.013858861355951;0.0524503432076806;d__Bacteria;Bdellovibrionota;Bdellovibrionia;Bdellovibrionales;Bdellovibrionaceae;Bdellovibrio;NA
76e4cbee7d7aad1272739f4b5c668537;0;0;0;0;0;0;0;0;0;0.0152236793458168;0;0.0107091606159909;0;0;0;0;0;0;0;0;0;0;0;0;0;0;0;0;0;0;0;0;0;d__Bacteria;Bdellovibrionota;Oligoflexia;Silvanigrellales;Silvanigrellaceae;Silvanigrella;NA
c2efc299a8026dc644a5dca6e4ce7995;0;0;0.00711723509650971;0.0614522393196008;0.0329882257409663;0;0;0;0;0;0;0;0;0;0;0;0;0;0;0;0;0;0;0;0;0;0;0;0;0;0;0;0;d__Bacteria;Bdellovibrionota;Bdellovibrionia;Bacteriovoracales;Bacteriovoracaceae;Peredibacter;NA
86e5b4ce93c051c6750947170a1bc158;0.0122955858846674;0.0257559367434194;0;0;0;0;0;0;0;0;0;0;0;0;0;0;0;0;0;0;0;0;0;0;0;0;0;0;0;0;0;0;0;d__Bacteria;Desulfobacterota;Desulfobacteria;Desulfobacterales;Desulfococcaceae;Desulfococcus;NA
8c6b86c65b10ec66c44f277164d75466;0.0270502889462683;0;0;0;0;0;0;0;0;0;0;0;0;0;0;0;0;0;0;0;0;0;0;0;0;0;0;0;0;0;0;0;0;d__Bacteria;Desulfobacterota;Desulfuromonadia;Bradymonadales;Bradymonadales;Bradymonadales;NA
c0b155ab27f821ae405cedee93f86ba8;0.0442641091848027;0.0515118734868387;0;0;0;0;0;0;0;0;0;0;0;0;0;0;0;0;0;0;0;0;0;0;0;0;0;0;0;0;0;0;0;d__Bacteria;Bdellovibrionota;Bdellovibrionia;Bdellovibrionales;Bdellovibrionaceae;OM27_clade;NA
56a776d5273511974c82a06522c52841;0.402065658428624;0.324524802967084;0.0327392814439447;0;0;0;0;0.00770633717793933;0;0;0;0;0;0;0;0;0;0;0;0;0;0;0;0;0;0;0;0;0;0;0;0;0;d__Bacteria;Gemmatimonadota;Gemmatimonadetes;Gemmatimonadales;Gemmatimonadaceae;uncultured;NA
b91537925cad1e23aebc228d84ae3afb;0.0184433788270011;0;0;0;0;0;0;0;0;0;0;0;0;0;0;0;0;0;0;0;0;0;0;0;0;0;0;0;0;0;0;0;0;d__Bacteria;Acidobacteriota;Thermoanaerobaculia;Thermoanaerobaculales;Thermoanaerobaculaceae;Subgroup_10;NA
d3ef48a0793aed9997e149d2836cc2b7;0;0;0;0;0;0;0;0;0.0696365723749835;0.0869924534046671;0.0997186509491079;0.269870847522971;0.0516162333053745;0.0369144950917394;0.0519856248446082;0.045956800607429;0;0;0.00431993433699808;0;0;0;0;0;0;0;0.00549843294661022;0;0;0;0;0;0;d__Bacteria;Bacteroidota;Kapabacteria;Kapabacteriales;Kapabacteriales;Kapabacteriales;NA
527b3eff9876b112656614fecd77c3fe;0.0725439567195377;0.0566630608355226;0.00711723509650971;0;0;0;0;0;0;0;0;0;0;0;0;0;0;0;0;0;0;0;0;0;0;0;0;0;0;0;0;0;0;d__Bacteria;Latescibacterota;Latescibacterota;Latescibacterota;Latescibacterota;Latescibacterota;NA
052f174cab37be599600e58c78283fa2;0;0;0;0;0.0177628907835972;0;0;0;0;0;0;0;0;0;0;0;0;0;0;0;0;0;0;0;0;0;0;0;0;0;0;0;0;d__Bacteria;Spirochaetota;Leptospirae;Leptospirales;Leptospiraceae;Leptonema;NA
882b5eaba6986842bdf69f26a48a72ea;0;0;0;0.0270389853006244;0.350182704019488;0;0;0;0;0;0;0;0.00322601458158591;0;0;0;0.00306753171060906;0;0;0;0.0187646598905395;0.00663781430050713;0;0;0.00318628622409151;0;0.00659811953593226;0;0;0;0.034007436292736;0;0.0501698935029988;d__Bacteria;Bacteroidota;Bacteroidia;Bacteroidales;Williamwhitmaniaceae;Blvii28_wastewater-sludge_group;NA
26547c96837ae7efcfa67fca0cc71140;0.0061477929423337;0;0;0;0;0;0;0;0;0;0;0;0;0;0;0;0;0;0;0;0;0.0106205028808114;0;0.00284932755869615;0;0;0;0;0;0;0;0;0;d__Bacteria;Bacteroidota;Bacteroidia;Bacteroidales;Bacteroidaceae;Bacteroides;NA
4aad10f6f45a20a35b2f32840b9a11fb;0.463543587851961;0.33225158399011;0.049820645675568;0;0.0329882257409663;1.18525666575762;1.12881992101062;0.0128438952965655;0.00564620857094461;0.0195733020160501;0.0462979450835144;0.0107091606159909;0;0.0136720352191627;0;0.0159849741243231;0.026074019540177;0.032045751472872;0.0323995075274856;0.107336547152757;0.18921032056294;0.386320792289515;0.390085657984691;0.582687485753362;0.44289378514872;0.49225518508795;0.486061472480343;0.473771032662488;0.355263639804178;0.41307406472095;0.523714518908135;0.645822939187316;0.684134911404529;d__Bacteria;Bacteroidota;Bacteroidia;Chitinophagales;Saprospiraceae;uncultured;NA
cbd4d09a1c3ed444c64afefbe825ce83;0.194270256977745;0.141657652088806;0.0142344701930194;0;0;0;0;0;0;0;0.518180846896257;0.14136092013108;0;0;0;0;0;0;0;0;0;0;0;0;0;0;0;0;0;0;0;0;0;d__Bacteria;Bacteroidota;Bacteroidia;Chitinophagales;Saprospiraceae;Lewinella;NA
1e1a7e9dd7b0890fb53dcbd3e3be3d13;0;0.00257559367434194;0;0;0;0;0;0;0;0;0;0;0;0;0;0;0;0;0;0;0;0;0;0;0;0;0;0;0;0;0;0;0;d__Bacteria;Bacteroidota;Bacteroidia;Chitinophagales;Saprospiraceae;NA;NA
8f72900386b424d9d69facbd7f127421;0.185663346858478;0.175140369855252;0.00569378807720777;0;0;0;0;0;0;0;0;0;0;0;0;0;0;0;0;0;0;0;0;0;0;0;0;0;0;0;0;0;0;d__Bacteria;Bacteroidota;Bacteroidia;Chitinophagales;Saprospiraceae;Phaeodactylibacter;NA
e08a54ae0f63399e627c6ede9afc5026;0;0;0.00996412913511359;0;0;0;0;0;0;0;0;0;0;0;0;0;0;0;0;0;0;0;0;0;0;0;0;0;0;0;0;0;0;d__Bacteria;Bacteroidota;Bacteroidia;Chitinophagales;Chitinophagaceae;Parasegetibacter;NA
878f1954b4dd631f130f0ebe5d756cf6;0;0;0;0;0.0456760048721072;0.0230757934926262;0.0392145878266715;0;0;0;0;0;0;0;0;0;0;0;0;0;0;0;0;0;0;0;0;0;0;0;0;0;0;d__Bacteria;Bacteroidota;Bacteroidia;Chitinophagales;Chitinophagaceae;uncultured;NA
071288cc79cb1d5ecce5e4004cfe5e1b;0.106971597196606;0.0849945912532839;0.0683254569264932;0.0565360601740327;0;0;0.00560208397523879;0;0;0;0;0;0;0;0;0;0;0;0;0;0;0;0;0;0;0;0;0;0;0;0;0;0;d__Bacteria;Bacteroidota;Bacteroidia;Chitinophagales;Chitinophagaceae;Terrimonas;NA
670c09fcd5488be658d4d98111784f5f;0;0;0;0.0196647165822723;0.0634388956557044;0.0167823952673645;0.014005209938097;0;0;0;0;0;0;0;0;0;0;0.0147903468336332;0.00431993433699808;0.0112985839108165;0.00938232994526974;0.0053102514404057;0;0.0056986551173923;0.00637257244818302;0.00918876345497506;0;0;0;0;0.0158701369366101;0;0.0273653964561812;d__Bacteria;Bacteroidota;Bacteroidia;Chitinophagales;Chitinophagaceae;Taibaiella;NA
41f4cfc812ef6cd99be84723eb441063;0.0172138202385344;0;0;0;0.0126877791311409;0;0;0;0;0;0;0;0;0;0;0;0;0;0;0;0;0;0;0;0;0;0.00549843294661022;0;0;0;0;0;0;d__Bacteria;Bacteroidota;Bacteroidia;Chitinophagales;Chitinophagaceae;Edaphobaculum;NA
2b8cfb0ca195d583d2e5e5e97640d518;0.371326693716956;0.249832586411168;0;0.00245808957278403;0.0558262281770199;0;0;0;0;0;0;0;0;0;0;0;0;0.00493011561121108;0;0;0;0;0;0;0;0;0;0;0;0;0;0;0;d__Bacteria;Bacteroidota;Bacteroidia;Chitinophagales;uncultured;uncultured;NA
355b83c640522992ab1a454a448e4702;0.233616131808681;0.283315304177613;0;0;0;0;0;0;0;0;0.0124648313686385;0.0920987812975219;0.0596812697593393;0.030078477482158;0.0316434238184572;0.00799248706216157;0.0138038926977408;0.0147903468336332;0.00863986867399615;0;0;0;0;0;0;0;0;0;0;0;0;0;0;d__Bacteria;Bacteroidota;Bacteroidia;Cytophagales;Microscillaceae;Chryseolinea;NA
54c624960bf272992b26e242f673cac6;0.0491823435386696;0.0309071240921032;0;0.528489258148567;0.504973609419407;0.0230757934926262;0.0336125038514327;0.393023196074906;0.730242975175503;0.367543115634719;0.434488407706827;1.20370965323738;0.266146202980837;0.23105739520385;0.366159618470719;0.193817811257418;0.0889584196076627;0.0616264451401385;0.0496792448754779;0.0489605302802049;0.0140734949179046;0.062395454424767;0.0308315124867626;0.0527125598358787;0;0;0.0241931049650849;0.0211151435169911;0.020754233253165;0.0144305350120856;0.0113358120975787;0.027717722711902;0.0114022485234088;d__Bacteria;Bacteroidota;Bacteroidia;Cytophagales;Microscillaceae;uncultured;NA
9554c5f2061c3816e67e3353934540fb;0;0;0;0;0;0.0062933982252617;0;0.0154126743558787;0.0508158771385015;0.0413214153672169;0.0890345097759892;0.02356015335518;0.0193560874895154;0.0164064422629953;0.0158217119092286;0.0479549223729694;0;0;0.00863986867399615;0.00564929195540826;0;0.00663781430050713;0.00804300325741632;0.0128219740141327;0.00955885867227453;0;0;0.00527878587924777;0.00610418625093089;0.0126267181355749;0;0.013858861355951;0;d__Bacteria;Bacteroidota;Bacteroidia;Cytophagales;Cyclobacteriaceae;uncultured;NA
02965fea6e51d4f8c16ac6f7df8cb95a;0;0;0;0;0.0101502233049127;0;0;0;0;0;0;0;0;0;0;0;0;0.00986023122242217;0;0;0;0;0;0;0;0;0;0;0;0;0;0;0;d__Bacteria;Bacteroidota;Bacteroidia;Cytophagales;Spirosomaceae;Dyadobacter;NA
aac82b58a16a66692bc05f1140d315f0;0;0;0;0.0221228061550563;0.0279131140885099;0;0;0;0;0;0;0;0;0;0;0;0;0;0;0;0;0;0;0;0;0;0;0;0;0;0;0;0;d__Bacteria;Bacteroidota;Bacteroidia;Cytophagales;Spirosomaceae;uncultured;NA
136936629841a692912ea51dda2703ec;0.028279847534735;0;0.00284689403860388;0.157317732658178;0.553187170117743;0.367114896473599;0.389344836279096;0.120732615787716;0.31430561044925;0.247928492203301;0.16560418818334;0.663967958191437;0.500032260145816;0.23105739520385;0.305133015392265;0.269746438347953;0.242335005138116;0.266226243005398;0.250556191545888;0.340840614642965;0.190774042220485;0.347821469346574;0.262738106408933;0.454467745612036;0.238971466806863;0.236282488842216;0.167152361576951;0.139887825800066;0.19167144827923;0.23269237706988;0.353677337444455;0.2827207716614;0.460650840345716;d__Bacteria;Bacteroidota;Bacteroidia;Cytophagales;Spirosomaceae;Persicitalea;NA
b294950f80dd4c82ead2ac35d20554a5;0;0;0;0.073742687183521;0.185241575314657;0.0545427846189347;0.0420156298142909;0;0;0;0.0195875921507176;0.00642549636959455;0;0;0;0;0;0;0;0;0;0;0;0;0;0;0;0;0;0;0;0;0;d__Bacteria;Bacteroidota;Bacteroidia;Cytophagales;Spirosomaceae;Leadbetterella;NA
71818bb97cba69e54b078f54d2024dfe;0;0;0;0;0.00507511165245635;0;0;0;0;0;0;0;0;0;0;0;0;0;0;0;0;0;0;0;0;0;0;0;0;0;0;0;0;d__Bacteria;Bacteroidota;Bacteroidia;Cytophagales;Amoebophilaceae;Candidatus_Amoebophilus;NA
85bb590c2c2b64f051b09a24e983ddcd;0;0;0;0;0;0;0;0;0;0;0;0;0.0145170656171366;0;0;0;0;0;0;0;0;0;0;0;0;0;0;0;0;0;0;0;0;d__Bacteria;Bacteroidota;Bacteroidia;Cytophagales;Cyclobacteriaceae;Algoriphagus;NA
6d80c301d027576d26e472c7e26278df;0;0;0;0;0;0;0.0168062519257164;0.0333941277710704;0.0112924171418892;0;0;0;0;0;0;0;0;0;0;0;0;0;0;0;0;0;0;0.00659848234905972;0.00976669800148942;0.0144305350120856;0.0272059490341888;0.0249459504407118;0;d__Bacteria;Bacteroidota;Bacteroidia;Cytophagales;Cyclobacteriaceae;Lunatimonas;NA
f87a51a84a758c5a3f8fd3d33fb0b5db;0.066396163777204;0.0489362798124968;0.00284689403860388;0.11553020992085;0.0406008932196508;0;0;0;0;0;0;0;0.0112910510355507;0.00820322113149763;0.0090409782338449;0.00599436529662118;0.00920259513182718;0;0;0.00941548659234709;0.0125097732603597;0.00265512572020285;0;0;0;0.00787608296140719;0.00549843294661022;0.00395908940943583;0;0.0126267181355749;0;0.0110870890847608;0.0114022485234088;d__Bacteria;Bacteroidota;Rhodothermia;Balneolales;Balneolaceae;uncultured;NA
a74bc827e74caea6cca0cb660bbd077a;0.028279847534735;0.0154535620460516;0.0185048112509252;0.00491617914556806;0.0152253349573691;0;0;0.0154126743558787;0.018820695236482;0.0130488680107001;0.024929662737277;0.00856732849279273;0;0;0;0;0;0;0;0;0;0;0.00402150162870816;0;0.00955885867227453;0.00656340246783933;0.0109968658932204;0.00527878587924777;0.00732502350111707;0.00901908438255348;0.0158701369366101;0;0.0114022485234088;d__Bacteria;Deinococcota;Deinococci;Deinococcales;Trueperaceae;Truepera;NA
0ab29aaf88713886c0b3b28de6191a85;0.00983646870773392;0;0;0;0;0;0;0;0;0;0;0;0;0;0;0;0;0;0;0;0;0;0;0;0;0;0;0;0;0;0;0;0;d__Bacteria;Gemmatimonadota;BD2-11_terrestrial_group;BD2-11_terrestrial_group;BD2-11_terrestrial_group;BD2-11_terrestrial_group;NA
5f81c584ef35f3cb94bd005a06b80c64;0.33566949465142;0.211198681296039;0.00569378807720777;0;0;0;0;0;0;0;0;0;0;0;0;0;0;0;0;0;0;0;0;0;0;0;0;0;0;0;0;0;0;d__Bacteria;Cyanobacteria;Vampirivibrionia;Obscuribacterales;Obscuribacteraceae;Obscuribacteraceae;NA
faba95fac6c77687363fa553ea8c0fbb;0.193040698389278;0.236954618039458;0.10248818538974;0;0;0;0;0;0;0;0;0;0;0;0;0;0;0;0;0;0;0;0;0;0;0;0;0;0;0;0;0;0;d__Bacteria;Actinobacteriota;Actinobacteria;uncultured;uncultured;uncultured;NA
c71451389513dafd377396aa030b6793;0.486905201032829;0.38633905115129;0.216363946933895;0;0;0;0;0;0;0;0;0;0;0;0;0;0;0;0;0;0;0;0;0;0;0;0;0;0;0;0;0;0;d__Bacteria;Actinobacteriota;Actinobacteria;Pseudonocardiales;Pseudonocardiaceae;Pseudonocardia;NA
b02a8d33d018119dedb2db15db887bfd;0;0;0;0;0;0;0;0;0;0;0;0;0;0;0;0.00599436529662118;0;0;0;0;0;0;0;0;0;0;0;0;0;0;0;0;0;d__Bacteria;Actinobacteriota;Actinobacteria;Propionibacteriales;Propionibacteriaceae;Cutibacterium;NA
b2d06c0d40f5b6bdc5b49ebe7d804c03;0;0;0.0199282582702272;0;0;0;0;0;0;0;0;0;0;0;0;0;0;0;0;0;0;0;0;0;0;0;0;0;0;0;0;0;0;d__Bacteria;Actinobacteriota;Actinobacteria;Propionibacteriales;Nocardioidaceae;Marmoricola;NA
1c0c1290f927f57025e7799a00f3d2d2;0.195499815566212;0.262710554782877;0.0654785628878893;0;0;0;0;0;0;0;0;0;0;0;0;0;0;0;0;0;0;0;0;0;0;0;0;0;0;0;0;0;0;d__Bacteria;Actinobacteriota;Actinobacteria;Propionibacteriales;Nocardioidaceae;NA;NA
b6148b30b638f67d70d1584910110ca4;0.38485183819009;0.193169525575645;0.115299208563457;0.0172066270094882;0.0406008932196508;0;0.0196072939133358;0.292840812761694;0.129862797131726;0.121789434766534;0.197656611702696;0.149928248623873;0.0774243499580618;0.0519537338328184;0.0587663585199919;0.0319699482486463;0.0398779122379178;0.091207138807405;0.0626390478864721;0.107336547152757;0.0344018764659891;0.118153094549027;0.0831110336599686;0.095452473216321;0.0796571556022878;0.114203202940404;0.105569912574916;0.0870999670075883;0.0866794447632186;0.122659547602727;0.117892445814818;0.149675702644271;0.0980593373013158;d__Bacteria;Actinobacteriota;Actinobacteria;Propionibacteriales;Nocardioidaceae;Nocardioides;NA
87584dd5d7e3411e46cdf63b82a73205;0.677486782245174;0.934940503786123;0.347321072709674;0.00491617914556806;0.043138449045879;0;0.0308114618638133;0;0;0;0;0;0.0177430801987225;0.00957042465341391;0;0.00399624353108078;0.00460129756591359;0.00739517341681662;0.00647990150549712;0;0;0;0;0.00854798267608844;0.012745144896366;0.0105014439485429;0;0;0;0;0.0226716241951573;0;0.0114022485234088;d__Bacteria;Actinobacteriota;Actinobacteria;Corynebacteriales;Mycobacteriaceae;Mycobacterium;NA
a92980ff6a4730633ffc589522c774da;0.260666420754949;0.321949209292742;0.19074190058646;0.0147485374367042;0.0279131140885099;0;0;0;0;0;0;0;0;0;0;0;0;0;0;0;0;0;0;0;0;0;0;0;0;0;0;0;0;d__Bacteria;Actinobacteriota;Actinobacteria;Corynebacteriales;Nocardiaceae;Rhodococcus;NA
89a8648166575f33d71b2a8b75e2a4c9;0.0196729374154678;0.0231803430690774;0;0;0;0;0;0;0;0;0;0;0;0;0;0;0;0;0;0;0;0;0.00536200217161088;0.00854798267608844;0.0111520017843203;0.00656340246783933;0.00549843294661022;0;0;0;0.00906864967806294;0;0.0205240473421359;d__Bacteria;Actinobacteriota;Actinobacteria;Corynebacteriales;Nocardiaceae;Gordonia;NA
c6d9d44f8267f0e0cb95e43458777858;0.00983646870773392;0;0;0.0221228061550563;0.104039788875355;0.0524449852105142;0.0644239657152461;0;0;0;0.00534207058655935;0;0;0;0.0135614673507674;0;0;0;0;0;0;0;0;0;0;0.0039380414807036;0;0;0;0;0;0;0;d__Bacteria;Actinobacteriota;Actinobacteria;Corynebacteriales;Dietziaceae;Dietzia;NA
a591a1096a14d0a01871f16397922725;0.0504119021271364;0.0154535620460516;0.0227751523088311;0.0368713435917605;0.0228380024360536;0;0;0;0;0;0;0;0;0;0;0;0;0;0;0;0;0;0;0;0;0;0;0;0;0;0;0;0;d__Bacteria;Actinobacteriota;Actinobacteria;Corynebacteriales;Corynebacteriaceae;Corynebacterium;NA
fb9535984ebbcb33a54e845072dbba94;0;0;0;0;0.241067803491677;0.132161362730496;0.134450015405731;0;0;0;0;0;0;0;0;0;0;0;0;0;0;0;0;0;0;0;0;0;0;0;0;0;0;d__Bacteria;Actinobacteriota;Actinobacteria;Corynebacteriales;Nocardiaceae;Nocardia;NA
68c117642134faa018f502315c817426;0.0295094061232018;0.0309071240921032;0.0213517052895291;0;0;0;0;0;0;0;0;0;0;0;0;0;0;0;0;0;0;0;0;0;0;0;0;0;0;0;0;0;0;d__Bacteria;Actinobacteriota;Actinobacteria;Frankiales;Frankiales;Frankiales;NA
5eb42a12445fcf7ae9a0b4a8cf77915c;0;0.00515118734868387;0;0;0;0;0;0;0;0;0;0;0;0;0;0.00399624353108078;0;0;0.00647990150549712;0.00564929195540826;0;0;0;0;0.00477942933613727;0;0;0;0.0122083725018618;0;0;0;0;d__Bacteria;Actinobacteriota;Actinobacteria;Micrococcales;Brevibacteriaceae;Brevibacterium;NA
07031e1e9e040bc3e6c7c2e427425ecf;0.0504119021271364;0.0334827177664452;0.0298923874053408;0;0.0152253349573691;0;0;0;0;0;0;0;0;0;0;0;0;0;0;0;0;0;0;0;0;0;0;0;0;0;0;0;0;d__Bacteria;Actinobacteriota;Actinobacteria;Micrococcales;Cellulomonadaceae;Actinotalea;NA
43b85b1971bb309ac7f7358561b7a6f4;0.290175826878151;0.195745119249987;0.125263337698571;0.208937613686643;0.241067803491677;0.0251735929010468;0.0336125038514327;0;0;0;0;0;0;0;0;0;0;0.0369758670840831;0.0302395403589865;0.0640253088279602;0.0172009382329945;0.0119480657409128;0;0.0170959653521769;0.0223040035686406;0.059070622210554;0.0736790014845769;0.0263939293962389;0.0146500470022341;0.0378801544067246;0.0294731114537045;0.0304894949830922;0.0364871952749082;d__Bacteria;Actinobacteriota;Actinobacteria;Micrococcales;Microbacteriaceae;Leucobacter;NA
cca697dcb9a6f0996cb4809241f85cfa;0;0.0437850924638129;0;0;0;0;0;0;0;0;0;0;0;0;0;0;0;0;0;0;0;0;0;0;0;0;0;0;0;0;0;0;0;d__Bacteria;Actinobacteriota;Actinobacteria;Micrococcales;Microbacteriaceae;Microbacterium;NA
6197c51e0918afcc196d6b1926ff4876;0;0.00515118734868387;0;0.496534093702375;0.702902963865205;0.218171138475739;0.310915660625753;0.179814534151918;0.133626936179022;0.0652443400535004;0.236831796004131;0.1178007667759;0.485515194528679;0.125782724016297;0.198901521144588;0.0859192359182369;0.124235034279667;0.135578179308305;0.0907186210769596;0.111102741789696;0.037529319781079;0.0557576401242599;0.0804300325741632;0.0840551629815364;0.192770316557536;0.147020215279601;0.153956122505086;0.093698449356648;0.135512934770666;0.122659547602727;0.0838850095220822;0.069294306779755;0.102620236710679;d__Bacteria;Actinobacteriota;Actinobacteria;Micrococcales;Microbacteriaceae;NA;NA
81ef178bf02e22b6467c873aa5ff3e35;0;0;0;0;0;0;0;0;0;0;0.0712276078207913;0;0;0;0;0;0;0;0;0;0;0;0;0;0;0;0;0;0;0;0;0;0;d__Bacteria;Actinobacteriota;Actinobacteria;Micrococcales;Microbacteriaceae;Chryseoglobus;NA
d421325c569f153eff7ccdda5a06554f;0;0;0;0;0;0;0;0;0;0;0;0;0;0;0;0;0;0;0;0;0;0;0;0;0;0;0;0;0.00732502350111707;0;0;0;0;d__Bacteria;Actinobacteriota;Actinobacteria;Micrococcales;Intrasporangiaceae;Ornithinimicrobium;NA
017436fd80e76ba48a329e6c2201c33c;0.633222673060371;0.419821768917736;0.572225701759381;0;0;0;0;0;0;0;0;0;0;0;0;0;0;0;0;0;0;0;0;0;0;0;0;0;0;0;0;0;0;d__Bacteria;Actinobacteriota;Actinobacteria;Micrococcales;Intrasporangiaceae;NA;NA
33afa62515f1a85104127aecbbfd4f22;1.41276281814828;1.05341781280585;0.728804873882594;0;0.0203004466098254;0;0;0;0;0;0;0;0;0;0;0;0;0;0;0;0;0;0;0;0;0;0;0;0;0;0;0;0;d__Bacteria;Actinobacteriota;Actinobacteria;Micrococcales;NA;NA;NA
b6de06aacd6839b7240a969694e8dea6;0.800442641091848;0.837067944161129;0.539486420315436;0.31709355488914;0.340032480714576;0;0;0;0;0;0;0;0;0;0;0;0;0;0;0;0;0;0;0;0;0;0;0;0;0;0;0;0;d__Bacteria;Actinobacteriota;Actinobacteria;Micrococcales;Intrasporangiaceae;Tetrasphaera;NA
37020b47521b3745084f867b8c1f7bc3;0.0135251444731341;0;0;0;0;0;0;0;0;0;0;0;0;0;0;0;0;0;0;0;0;0;0;0;0;0;0;0;0;0;0;0;0;d__Bacteria;Actinobacteriota;Actinobacteria;Bifidobacteriales;Bifidobacteriaceae;Bifidobacterium;NA
ac03c0f0a463e59c28f817c60e7ecd8a;0.0110660272962007;0;0;0;0;0;0;0;0;0;0;0;0;0;0;0;0;0;0;0;0;0;0;0;0;0;0;0;0;0;0;0;0;d__Bacteria;Actinobacteriota;Actinobacteria;Actinomycetales;Actinomycetaceae;Actinomyces;NA
a2ea9ce90906f9c08cf94daccc8fbb91;0.0368867576540022;0.0283315304177613;0.0113875761544155;0;0;0;0;0;0;0;0;0;0;0;0;0;0;0;0;0;0;0;0;0;0;0;0;0;0;0;0;0;0;d__Bacteria;Actinobacteriota;Actinobacteria;Micrococcales;Bogoriellaceae;Georgenia;NA
2b868acb906ca5a23d3950b48894cd70;0;0;0;0;0;0.0293691917178879;0.0308114618638133;0;0.018820695236482;0;0.0213682823462374;0;0;0.00820322113149763;0.0113012227923061;0;0;0;0;0;0;0;0;0;0;0;0;0;0;0;0;0;0;d__Bacteria;Actinobacteriota;Actinobacteria;Micrococcales;Micrococcaceae;Micrococcus;NA
4adeb7bc59573887de5df3285c6fb0d2;0;0;0;0;0;0;0;0;0;0;0.00890345097759892;0.00856732849279273;0;0;0;0;0;0;0;0;0;0;0;0;0;0;0.00329905976796613;0;0;0;0;0;0;d__Bacteria;Actinobacteriota;Actinobacteria;Micrococcales;Micrococcaceae;Nesterenkonia;NA
985fa4abf1a907a81c09b4843bb8ff55;2.02508299520472;1.3084015865657;1.07327905255366;0.0467037018828966;0.0203004466098254;0;0;0;0;0;0;0;0;0;0;0;0;0;0;0;0;0;0;0;0;0;0;0;0;0;0;0;0;d__Bacteria;Actinobacteriota;Acidimicrobiia;Actinomarinales;uncultured;uncultured;NA
c6bb76a5bf065c1977687d613142a88e;0.0491823435386696;0.038633905115129;0.024198599328133;0;0.0228380024360536;0;0;0;0;0;0;0;0;0;0;0;0;0;0;0;0;0;0;0;0;0;0;0;0;0;0;0;0;d__Bacteria;Actinobacteriota;Acidimicrobiia;Microtrichales;Microtrichaceae;uncultured;NA
96fcd0fdbd784d232fdc52d0f8dbdf68;0.0196729374154678;0.0231803430690774;0.00569378807720777;0;0;0;0;0;0;0;0;0;0;0;0;0;0;0;0;0;0;0;0;0;0;0;0;0;0;0;0;0;0;d__Bacteria;Actinobacteriota;Acidimicrobiia;Microtrichales;NA;NA;NA
ea103df5d9628fc14406f36339f1fbaf;0.0196729374154678;0.00772678102302581;0;0;0;0;0;0;0;0;0;0;0;0;0;0;0;0;0;0;0;0;0;0;0;0;0;0;0;0;0;0;0;d__Bacteria;Actinobacteriota;Acidimicrobiia;Microtrichales;Microtrichaceae;Sva0996_marine_group;NA
454159d6b1705336c689985b87fef972;0.0245911717693348;0.0180291557203936;0.0128110231737175;0;0.00507511165245635;0.0335647905347291;0.0448166718019103;0;0;0.00652443400535004;0.065885537234232;0.0535458030799546;0;0;0;0;0;0;0;0.00564929195540826;0;0.0238961314818257;0.00938350380031904;0.00997264645543652;0.0286765760168236;0.028878970858493;0.0186946720184747;0.0250742329264269;0.0427293037565162;0.0577221400483423;0.0430760859707989;0.0471201286102334;0.0661330414357711;d__Bacteria;Actinobacteriota;Acidimicrobiia;Microtrichales;Iamiaceae;Iamia;NA
db1dd15af734fec4b09dddb1086b7274;1.78040083609984;1.3882449904703;0.963673632067415;0.0270389853006244;0.0380633373934227;0;0;0;0;0;0;0;0.00483902187237886;0;0;0;0;0;0;0;0;0;0;0;0;0;0.00219937317864409;0;0;0;0;0;0;d__Bacteria;Actinobacteriota;Acidimicrobiia;Microtrichales;uncultured;uncultured;NA
f04892a3036f1b0ef34667596065fd6e;2.2845198573712;2.69922217071035;1.58144963844446;0.103239762056929;0.121802679658952;0;0;0;0.0150565561891856;0.0239229246862835;0.0213682823462374;0.0278438176015764;0;0;0;0;0;0;0;0.00376619463693884;0;0;0;0;0;0;0;0;0;0;0;0;0;d__Bacteria;Actinobacteriota;Acidimicrobiia;Microtrichales;Microtrichaceae;IMCC26207;NA
773df97e67640e553574e6aaf8717be2;0.308619205705152;0.33225158399011;0.163696407219723;0;0.00761266747868453;0;0;0;0;0;0.00890345097759892;0;0;0;0;0;0;0;0;0;0;0;0;0;0;0;0;0;0;0;0;0;0;d__Bacteria;Actinobacteriota;Acidimicrobiia;IMCC26256;IMCC26256;IMCC26256;NA
2dc62c84865bdd1809d2a8f472117610;0;0.0154535620460516;0;0;0;0;0;0;0;0;0;0;0;0;0;0;0;0;0;0;0;0;0;0;0;0;0;0;0;0;0;0;0;d__Bacteria;Actinobacteriota;Acidimicrobiia;Microtrichales;Ilumatobacteraceae;CL500-29_marine_group;NA
2065212d7f0577a467fed8f640b2ff34;0.593876798229436;0.533147890588781;0.414223082616865;0.0319551644461924;0;0;0;0;0;0;0.0106841411731187;0;0.00322601458158591;0;0;0;0;0;0;0;0;0.0212410057616228;0;0.0056986551173923;0;0;0;0;0;0;0;0;0;d__Bacteria;Actinobacteriota;Acidimicrobiia;Microtrichales;Ilumatobacteraceae;Ilumatobacter;NA
6964208f11bf2e771e52ad67a69a6fde;0.0184433788270011;0;0;0.0221228061550563;0.0456760048721072;0.0335647905347291;0.0588218817400073;0.0179814534151918;0.0282310428547231;0.0239229246862835;0.0213682823462374;0;0.00806503645396477;0;0.00452048911692245;0;0;0;0;0.0150647785477553;0.00781860828772478;0.0278788200621299;0.024129009772249;0.0327672669250057;0.0430148640252354;0.0275662903649252;0.026392478143729;0.0422302870339822;0.0305209312546544;0.018038168765107;0.0521447356488619;0.0443483563390432;0;d__Bacteria;Actinobacteriota;Acidimicrobiia;Microtrichales;Ilumatobacteraceae;uncultured;NA
f2f983457e86694bb08b87a69765038a;0.811508668388049;0.687683511049297;0.589307065991004;0;0;0;0;0;0;0;0;0;0;0;0;0;0;0;0;0;0;0;0;0;0;0;0;0;0;0;0;0;0;d__Bacteria;Actinobacteriota;Acidimicrobiia;Microtrichales;Ilumatobacteraceae;NA;NA
0dd0a79d719f0825a8bd96de71eab320;0;0;0;0;0;0;0;0.023119011533818;0.0131744866655374;0.0217481133511668;0.0356138039103957;0;0;0;0;0;0;0;0;0;0;0;0;0;0;0;0;0.0092378752886836;0.00610418625093089;0;0.0204044617756416;0.0498919008814236;0.0273653964561812;d__Bacteria;Actinobacteriota;Thermoleophilia;Gaiellales;uncultured;uncultured;NA
15e05255b2aa8ee3524ca61eb207bb18;0.0061477929423337;0.00772678102302581;0;0;0;0;0;0;0;0;0;0;0;0;0;0;0;0;0;0;0;0;0;0;0;0;0;0;0;0;0;0;0;d__Bacteria;Actinobacteriota;Coriobacteriia;Coriobacteriales;Coriobacteriaceae;Collinsella;NA
2ddb20b1534564a53c0e9f2657731292;16.6887987212591;25.0759800133931;10.5107327905255;0.324467823607492;0.296894031668697;0;0;0;0;0;0;0;0;0;0;0;0;0;0;0.00564929195540826;0;0;0;0;0;0.00787608296140719;0.0120965524825425;0;0;0;0;0;0.00912179881872705;d__Bacteria;Actinobacteriota;Thermoleophilia;Solirubrobacterales;67-14;67-14;NA
acd685a09a15d56929ac108e0a1ff3f3;0.697159719660642;0.394065832174316;0.239139099242726;0.0147485374367042;0.0152253349573691;0;0;0;0;0;0;0;0;0;0;0;0;0;0;0;0;0;0;0;0;0;0;0;0;0;0;0;0;d__Bacteria;Dadabacteria;Dadabacteriia;Dadabacteriales;Dadabacteriales;Dadabacteriales;NA
0db00cf67b886b94fc12341744bb71a5;0;0;0;0.661226095078905;1.24847746650426;1.60271874803331;1.08400324920871;0.863109763929204;0.438522199010031;0.276201039559818;0.726521599772072;7.17727944483711;0.559713529905155;0.388285800224221;0.565061139615306;0.291725777768897;0.280679151520729;0.576823526511697;0.714949132773182;1.74939740885809;1.43706020328382;2.7002628574463;2.86464966018311;2.98182129017552;0.643629817266485;0.697033342084537;0.3442019024578;0.199274166941603;0.4150846650633;0.535733612323677;0.822979958284211;0.97566383945895;1.15390755056897;d__Bacteria;Verrucomicrobiota;Verrucomicrobiae;Verrucomicrobiales;Verrucomicrobiaceae;Prosthecobacter;NA
9b87c99ddf0156e50de15cd0b4c4cb7b;0;0.00515118734868387;0;0;0;0;0.0280104198761939;0;0;0;0;0;0;0;0;0;0;0;0;0;0;0;0;0;0;0;0;0;0;0;0;0;0;d__Bacteria;Proteobacteria;NA;NA;NA;NA;NA
d533ab83364b0c97c47be27475a07e87;0;0;0;0.0540779706012487;0.137028014616322;0.268518324277833;0.182067729195261;0.0128438952965655;0.0244669038074266;0.0326221700267502;0.0338331137148759;0.139219088007882;0.0919414155751984;0.0533209373547346;0.0519856248446082;0.0159849741243231;0.052148039080354;0.059161387334533;0.0755988508974664;0.0715576981018379;0.0547302580140735;0.0238961314818257;0.0321720130296653;0.00854798267608844;0;0;0.00329905976796613;0;0;0;0;0;0;d__Bacteria;Firmicutes;Desulfitobacteriia;Desulfitobacteriales;Desulfitobacteriales;TC1;NA
ec3ddf38801f13d5d603ea293e15c0ef;0;0;0;0;0.0304506699147381;0;0;0;0;0;0;0;0.0322601458158591;0.0218752563506604;0.0226024455846123;0.00599436529662118;0.0168714244083498;0.00493011561121108;0.0367194418644837;0.00941548659234709;0.0203283815480844;0.00929294002070998;0.0214480086864435;0.0056986551173923;0.00955885867227453;0.0039380414807036;0.00219937317864409;0;0.00976669800148942;0.0126267181355749;0;0;0.00456089940936353;d__Bacteria;Firmicutes;Desulfitobacteriia;Desulfitobacteriales;uncultured;uncultured;NA
2a58b27e9bb5299c78d1f2d0e81f57e9;0;0;0;0;0;0;0;0;0;0;0;0;0;0;0.0090409782338449;0;0;0;0;0;0;0;0;0;0;0;0;0;0.00244167450037236;0;0;0.0055435445423804;0;d__Bacteria;Firmicutes;Clostridia;Lachnospirales;Lachnospiraceae;NA;NA
c505b1e72a2648c7f996e558367d4f7f;0;0;0;0;0;0;0;0;0;0;0;0;0.00806503645396477;0.00683601760958136;0;0;0.0138038926977408;0.0246505780560554;0.0129598030109942;0.0131816812292859;0.0125097732603597;0.0172583171813185;0.0134050054290272;0.0056986551173923;0.00955885867227453;0.0341296928327645;0.0197943586077968;0.0158363576377433;0;0.0108229012590642;0.0204044617756416;0.0083153168135706;0.0205240473421359;d__Bacteria;Firmicutes;Bacilli;Mycoplasmatales;Mycoplasmataceae;Mycoplasma;NA
13f7a1ef880f3b73eeffa18951ffe96f;0;0;0;0;0;0;0;0;0;0;0;0;0;0.00683601760958136;0;0.0119887305932424;0;0;0;0;0;0;0.00938350380031904;0;0;0;0;0;0;0;0;0.0055435445423804;0;d__Bacteria;Firmicutes;Bacilli;Lactobacillales;Streptococcaceae;Streptococcus;NA
e1d098412c88700cbd3c119e7c62f2ca;0.0061477929423337;0;0;0;0;0;0;0;0;0;0;0;0;0;0;0;0;0;0;0;0;0;0;0;0;0;0;0;0;0;0;0;0;d__Bacteria;Firmicutes;Bacilli;Lactobacillales;Aerococcaceae;Aerococcus;NA
b6c1a8ba78f65c4a4e96627ccc53ac86;0;0;0;0;0;0;0;0;0;0;0;0;0;0;0.0113012227923061;0;0;0;0;0;0;0;0;0;0.00318628622409151;0;0;0.0197954470471792;0;0.0108229012590642;0.0068014872585472;0;0;d__Bacteria;Firmicutes;Bacilli;Lactobacillales;Lactobacillaceae;Lactobacillus;NA
3f826c1e3798634f944b6478f0725a10;0;0;0;0;0;0;0;0;0;0;0;0;0;0;0;0;0;0;0;0;0;0.00663781430050713;0;0;0.00796571556022877;0;0.00549843294661022;0;0.00610418625093089;0;0;0;0;d__Bacteria;Firmicutes;Bacilli;Bacillales;Planococcaceae;Planococcus;NA
f8f58a46afe955948a775e51fd45e607;0.0233616131808681;0;0;0;0;0;0;0;0;0;0;0;0;0;0;0;0;0;0;0;0;0;0;0;0;0;0;0;0;0;0;0;0;d__Bacteria;Firmicutes;Bacilli;Lactobacillales;Aerococcaceae;Aerosphaera;NA
2164e40cb22143f4fb8ebe25ee8bb325;0.0344276404770687;0.0489362798124968;0.00854068211581165;0;0;0;0;0;0;0;0;0;0;0;0;0;0;0;0;0;0;0;0;0;0;0;0;0;0;0;0;0;0;d__Bacteria;Firmicutes;Bacilli;Lactobacillales;Carnobacteriaceae;Trichococcus;NA
75bde2ff9f4850876dfab6c40262d864;0.16599040944301;0.164837995157884;0;0;0;0;0;0;0;0;0;0;0;0;0;0;0;0;0;0;0;0;0;0;0;0;0;0;0;0;0;0;0;d__Bacteria;Firmicutes;Bacilli;Lactobacillales;Enterococcaceae;Enterococcus;NA
bc6829c508d006f217e9c904e07ecf24;0;0;0;0;0.0228380024360536;0;0;0;0;0;0;0;0;0;0;0;0;0;0;0;0;0;0;0;0;0;0;0;0;0;0;0;0;d__Bacteria;Firmicutes;Bacilli;Acholeplasmatales;Acholeplasmataceae;EUB33-2;NA
2d9bac922d6d9141d00c2d19085368f1;0;0;0;0.0614522393196008;0.378095818107998;0.0608361828441964;0.0420156298142909;0;0;0.00869924534046672;0;0.00642549636959455;0;0;0;0.00599436529662118;0.00613506342121812;0.0221855202504499;0.0345594746959846;0.045194335643266;0.0328381548084441;0.0292063829222314;0.0790895320312605;0.038465922042398;0.425369210916217;0.316355998949856;0.139660196843899;0.164962058726493;0.120862887768432;0.165951152638984;0.224449079532058;0.0803813958645158;0.161911929032405;d__Bacteria;Firmicutes;Bacilli;Acholeplasmatales;Acholeplasmataceae;Acholeplasma;NA
d685c82c6a6dc94094dd78eee36ee894;0;0;0;0.467037018828966;1.03024766544864;1.72229331431329;1.37531161592112;0.0128438952965655;0;0.147887170787934;0.281349050892126;0.477628563473195;0.395186786244274;0.272073500861338;0.404583775964559;0.251763342458089;0.35890121014126;0.414129711341731;0.503272350260276;0.393567339560108;0.229867083659109;0.107532591668215;0.12332604994705;0.0470139047184864;0.0191177173445491;0.0183775269099501;0.0164952988398306;0.00527878587924777;0.0109875352516756;0.0432916050362567;0.077083522263535;0.0249459504407118;0;d__Bacteria;Firmicutes;Bacilli;Erysipelotrichales;Erysipelotrichaceae;Erysipelothrix;NA
7f90c5f2bb9797fa5a4b9d9adda2f080;0.00491823435386696;0.0103023746973677;0;0;0;0;0;0;0;0;0;0;0;0;0;0;0;0;0;0;0;0;0;0;0;0;0;0;0;0;0;0;0;d__Bacteria;Firmicutes;Bacilli;Erysipelotrichales;Erysipelatoclostridiaceae;Erysipelatoclostridium;NA
4f904ebdd10ebd14b54b088e8710dd22;0.033198081888602;0.0231803430690774;0.0128110231737175;0;0;0;0;0;0;0;0;0;0;0.00273440704383254;0;0;0;0;0;0;0;0;0;0.00284932755869615;0;0;0;0;0;0;0;0;0;d__Bacteria;Firmicutes;Bacilli;Erysipelotrichales;Erysipelotrichaceae;Turicibacter;NA
388532646b93a7c612ff13feb9741522;0;0;0;0;0;0;0;0;0;0;0;0;0;0;0;0;0;0;0;0;0;0.00265512572020285;0;0;0;0;0;0;0.00244167450037236;0.00721526750604279;0;0;0;d__Bacteria;Firmicutes;Clostridia;Oscillospirales;Oscillospiraceae;UCG-005;NA
0f4628feaad5d180d991daad542a4993;0.00368867576540022;0;0;0;0;0;0;0;0;0;0;0;0;0;0;0;0;0;0;0;0;0;0;0;0;0;0;0;0;0;0;0;0;d__Bacteria;Firmicutes;Clostridia;Oscillospirales;Oscillospiraceae;NA;NA
4a99d98fcac5c79fba8b44d07de165e8;0;0;0;0;0;0;0;0;0;0;0;0;0;0;0;0;0;0;0;0;0;0;0;0;0;0.0131268049356787;0;0;0;0;0;0;0;d__Bacteria;Firmicutes;Clostridia;Oscillospirales;Oscillospiraceae;UCG-002;NA
703302fac9fa527282c77a2ea41f4438;0;0;0;0;0.0177628907835972;0;0;0;0;0;0;0;0;0;0;0;0;0;0;0;0;0;0;0;0;0;0;0;0;0;0;0;0;d__Bacteria;Firmicutes;Clostridia;Clostridia;Hungateiclostridiaceae;NA;NA
b6a1cfc87c3ffa7f96227d4a372d8dd7;0.0061477929423337;0;0;0;0;0;0;0;0;0;0;0;0;0;0;0;0;0;0;0;0;0;0;0;0;0;0;0;0;0;0;0;0;d__Bacteria;Firmicutes;Clostridia;Oscillospirales;Ruminococcaceae;Subdoligranulum;NA
b59b70ce7593ed774b50f6f131c86e05;0;0;0;0;0.0152253349573691;0;0;0;0;0;0;0;0;0;0;0;0;0;0;0;0;0;0;0;0;0;0;0;0;0;0;0;0;d__Bacteria;Firmicutes;Clostridia;NA;NA;NA;NA
b83de3365a8e94f96014506e03c05566;0.199188491331612;0.213774274970381;0.0341627284632466;0.0294970748734084;0.0304506699147381;0.014684595858944;0.0252093778885746;0;0.00564620857094461;0;0;0;0;0.00546881408766509;0.00452048911692245;0;0;0;0;0;0;0;0;0;0;0;0;0;0;0;0;0;0;d__Bacteria;Firmicutes;Clostridia;Clostridiales;Clostridiaceae;Proteiniclasticum;NA
f2cbb29998f80ea0d81f9cde98ee136e;0.0393458748309357;0.0231803430690774;0.0113875761544155;0;0;0;0;0;0;0;0;0;0;0.0164064422629953;0.00452048911692245;0;0;0;0;0;0.0187646598905395;0;0;0;0.00955885867227453;0;0.00329905976796613;0.0092378752886836;0;0.00541145062953209;0.0068014872585472;0;0;d__Bacteria;Firmicutes;Clostridia;Clostridiales;Clostridiaceae;Clostridium_sensu_stricto_1;NA
acae24369aa6c0e39841b2e4ad57f769;0;0;0;0;0;0;0;0;0;0;0;0.0899569491743237;0.0112910510355507;0.0287112739602417;0;0.00799248706216157;0.00460129756591359;0;0;0;0;0;0;0;0;0;0;0;0;0.00541145062953209;0;0;0;d__Bacteria;Firmicutes;Clostridia;Clostridiales;Clostridiaceae;Clostridium_sensu_stricto_7;NA
e0d2d410c13601fc5a7a699c16c07453;0.00983646870773392;0;0;0;0.0634388956557044;0.0335647905347291;0.0308114618638133;0;0;0;0.00890345097759892;0.0406948103407655;0.00967804374475772;0.0191408493068278;0.0135614673507674;0.00799248706216157;0.0184051902636544;0.00493011561121108;0.0107998358424952;0.0131816812292859;0.0140734949179046;0.00398268858030428;0.0107240043432218;0.0113973102347846;0.0382354346890981;0.0144394854292465;0.00549843294661022;0.0290333223358628;0.0402876292561439;0.0216458025181284;0.0249387866146731;0.0166306336271412;0.0342067455702264;d__Bacteria;Firmicutes;Clostridia;Peptococcales;Peptococcaceae;uncultured;NA
8a82ec0b5b722b6825a138c1a7d6cb62;0.00737735153080044;0.0128779683717097;0;0;0;0;0;0;0;0;0;0;0;0;0;0;0;0;0;0;0;0;0;0;0;0;0;0;0;0;0;0;0;d__Bacteria;Firmicutes;BRH-c20a;BRH-c20a;BRH-c20a;BRH-c20a;NA
3f4d73521ceac5aa678a264fd9e7c9d2;0;0;0;0;0;0;0;0;0;0;0;0;0;0;0;0.00599436529662118;0;0;0;0;0;0;0;0;0;0;0;0.00263939293962389;0;0;0;0;0;d__Bacteria;Firmicutes;Negativicutes;Acidaminococcales;Acidaminococcaceae;Phascolarctobacterium;NA
93e3fc5f4c04adb9d5e23b3520155baf;0.0221320545924013;0;0;0;0;0;0;0;0;0;0;0;0;0;0;0;0;0;0;0;0;0;0;0;0;0;0;0;0;0;0;0;0;d__Bacteria;Firmicutes;Clostridia;Eubacteriales;Alkalibacteraceae;Alkalibacter;NA
ac0c207f77be2ff082e25753bc8a7d55;0.0110660272962007;0;0;0;0;0;0;0;0;0;0;0;0;0;0;0;0;0;0;0;0;0;0;0;0;0;0;0;0;0;0;0;0;d__Bacteria;Firmicutes;Clostridia;Eubacteriales;Eubacteriaceae;uncultured;NA
74158a627d88242451315d39354c8096;0.0184433788270011;0.0154535620460516;0;0;0;0;0;0;0;0;0;0;0;0;0;0;0;0;0;0;0;0;0;0;0;0;0;0;0;0;0;0;0;d__Bacteria;Firmicutes;Clostridia;Eubacteriales;Eubacteriaceae;Acetobacterium;NA
e38c2b714346052929ffe762bb3bf7cb;0;0;0;0;0;0;0;0;0;0;0;0;0;0;0;0;0;0;0;0;0.00469116497263487;0;0;0;0;0;0;0;0;0;0;0;0;d__Bacteria;Firmicutes;Clostridia;Christensenellales;Christensenellaceae;uncultured;NA
2f7dd1d96946ef4c34786898f63f9656;0;0;0;0;0.0126877791311409;0;0;0;0;0;0;0;0;0;0;0;0;0.00986023122242217;0.00431993433699808;0;0;0;0;0;0.00318628622409151;0;0;0;0;0;0;0;0;d__Bacteria;Firmicutes;Clostridia;Christensenellales;Christensenellaceae;Christensenellaceae_R-7_group;NA
4a5fc33ce1371dd246353e97bcd2a0e0;0;0;0;0;0;0;0;0;0;0;0;0;0;0;0;0;0;0;0;0;0;0;0;0;0;0;0;0;0;0;0;0.0083153168135706;0;d__Bacteria;Firmicutes;Clostridia;Clostridiales;Clostridiaceae;NA;NA
ec7c428a3c0e7ff01e402b267b9a5b21;0;0;0;0.078658866329089;0.228380024360536;0.488787262161992;0.428559424105767;0.0256877905931311;0.0169386257128338;0.0152236793458168;0.0160262117596781;0.0449784745871619;0.0548422478869604;0.0246096633944929;0.0180819564676898;0.0359661917797271;0.0398779122379178;0.0197204624448443;0.0410393762014817;0.0301295570955107;0;0.0132756286010143;0.0067025027145136;0.00854798267608844;0;0;0;0.0422302870339822;0.0512751645078195;0.0162343518885963;0;0.027717722711902;0.0114022485234088;d__Bacteria;Firmicutes;Clostridia;Peptostreptococcales-Tissierellales;Peptostreptococcaceae;Acetoanaerobium;NA
b3ad340898f67b1e8dd3ff9f03d30375;0.00983646870773392;0.00515118734868387;0;0.0122904478639202;0.159866017052375;0.0440537875768319;0;0;0;0;0;0.0299856497247746;0.0290341312342732;0;0.0158217119092286;0;0.0138038926977408;0.0123252890280277;0.0302395403589865;0.022597167821633;0.0312744331508991;0.00929294002070998;0.0174265070577354;0.00712331889674037;0;0;0;0.00791817881887166;0.0109875352516756;0.00541145062953209;0;0;0;d__Bacteria;Firmicutes;Clostridia;Peptostreptococcales-Tissierellales;Anaerovoracaceae;Anaerovorax;NA
df3d6113f855e22f2a6d44e60f01baa7;0.0565596950694701;0.0721166228815742;0.0128110231737175;0;0;0;0;0;0;0;0;0;0;0;0;0;0;0;0;0;0;0;0;0;0;0;0;0;0;0;0;0;0;d__Bacteria;Firmicutes;Clostridia;Peptostreptococcales-Tissierellales;Peptostreptococcaceae;Romboutsia;NA
b39545bc0c96aa3bb848e56a1564fdb6;0.0270502889462683;0.0334827177664452;0;0;0;0;0;0;0;0;0;0;0;0;0;0;0;0;0;0;0;0;0;0;0;0;0;0;0;0;0;0;0;d__Bacteria;Firmicutes;Clostridia;Peptostreptococcales-Tissierellales;Peptostreptococcaceae;Paeniclostridium;NA
4e15ac4eb524a0cb9d01d69312c72f80;0;0;0;0;0.0329882257409663;0.0356625899431496;0;0;0;0;0;0;0.0145170656171366;0.0246096633944929;0;0;0;0;0;0;0;0;0;0;0;0;0;0;0;0;0;0;0;d__Bacteria;Firmicutes;Clostridia;Peptostreptococcales-Tissierellales;Peptostreptococcales-Tissierellales;NA;NA
8fa94c4ec9dfa63afcac0b382bb50a84;0;0;0;0;0;0;0;0;0;0;0;0;0;0;0;0.00599436529662118;0;0;0;0;0;0;0.00268100108580544;0;0;0;0;0;0;0;0;0;0;d__Bacteria;Firmicutes;Clostridia;Peptostreptococcales-Tissierellales;NA;NA;NA
c7d7c7b0952d4febdcf74339b6f5b7cf;0;0;0;0;0;0.0251735929010468;0;0;0;0;0;0;0;0;0;0;0;0;0;0.00753238927387767;0;0.00796537716060856;0.0067025027145136;0;0.0143382880084118;0.019690207403518;0.0142959256611866;0.0857802705377763;0.100108654515267;0.059525956924853;0.0702820350049878;0.0360330395254726;0.0729743905498164;d__Bacteria;Firmicutes;Clostridia;Peptostreptococcales-Tissierellales;Peptostreptococcales-Tissierellales;Anoxynatronum;NA
da9e70ea06ee0dc645c7c7dc35e51e29;0;0;0;0;0;0;0;0;0;0;0;0;0;0;0;0;0;0;0;0.0112985839108165;0;0;0;0;0;0;0;0.0369515011547344;0.0500543272576333;0.0216458025181284;0.0294731114537045;0;0.0296458461608629;d__Bacteria;Firmicutes;Clostridia;Peptostreptococcales-Tissierellales;Acidaminobacteraceae;Acidaminobacter;NA
3d49c5f67146e9f804d08040f42198a0;0.00491823435386696;0;0;0.0835750454746571;1.68239951278928;0.975476724915564;0.728270916781042;0.0513755811862622;0;0.150061982123051;0.144235905837102;0.621131315727473;1.34524808052132;1.01583221678379;0.630608231810682;0.223789637740524;0.849706283838709;0.465895925259447;0.909346177938095;0.796550165712564;0.964816262705238;0.400923983750631;0.437003176986287;0.255014816503305;0.511398938966687;0.329482803885534;0.173750481112883;0.954140547674035;1.41372953571559;1.08048630902991;0.854720232157432;0.645822939187316;0.814120544571389;d__Bacteria;Firmicutes;Clostridia;Peptostreptococcales-Tissierellales;Fusibacteraceae;Fusibacter;NA
4aaba39c0c0a3eaf0dac3a0577f7a844;0;0;0;0;0.0355257815671945;0;0;0;0;0;0;0;0;0;0.0090409782338449;0;0;0;0;0.00941548659234709;0.00625488663017983;0;0.00536200217161088;0;0;0.00787608296140719;0.00989717930389839;0.0184757505773672;0.00976669800148942;0.00901908438255348;0.0748163598440192;0.0360330395254726;0;d__Bacteria;Firmicutes;Clostridia;Peptostreptococcales-Tissierellales;Dethiosulfatibacteraceae;Dethiosulfatibacter;NA
da31d7d83022116c5d964efe359628e6;0.22623878027788;0.200896306598671;0.0142344701930194;0;0;0;0;0;0;0;0;0;0;0;0;0;0;0;0;0;0;0;0;0;0;0;0;0;0;0;0;0;0;d__Bacteria;Firmicutes;Clostridia;Peptostreptococcales-Tissierellales;Peptostreptococcales-Tissierellales;uncultured;NA
b4329a142cc6cb9d813e16d34a621994;0.100823804254273;0.0695410292072323;0.0156579172123214;0;0;0;0;0;0;0;0;0;0;0;0;0;0;0;0;0;0;0;0;0;0;0;0;0;0;0;0.0068014872585472;0;0.00684134911404529;d__Bacteria;Firmicutes;Clostridia;Peptostreptococcales-Tissierellales;Peptostreptococcales-Tissierellales;Soehngenia;NA
ebc72870a6cf8d2d5df71becfa8d49e0;0.00737735153080044;0;0;0;0;0;0.014005209938097;0;0;0;0;0;0;0;0;0;0;0;0;0.0131816812292859;0.00312744331508991;0.0053102514404057;0.00536200217161088;0;0;0;0.00659811953593226;0;0;0;0;0;0;d__Bacteria;Firmicutes;Clostridia;Clostridia;Hungateiclostridiaceae;Ercella;NA
138941a5ff41ade4d82e48e506a45d82;0.212713635804746;0.14680883943749;0;0;0;0;0;0;0;0;0;0;0;0;0;0;0;0;0;0;0;0;0;0;0;0;0;0;0;0;0;0;0;d__Bacteria;Calditrichota;Calditrichia;Calditrichales;Calditrichaceae;Calorithrix;NA
07fc8a3a4c0c1f7770da04e34f980454;0.33198081888602;0.337402771338794;0;1.48960228110712;1.08861144945189;1.04470410539344;1.19324388672586;0.0154126743558787;0.0112924171418892;0;1.28921970155632;0.0535458030799546;1.37105619717401;1.35489869021903;0.795606084578351;0.541490998461446;0.314422000337429;0.219390144698893;0.15767760330043;0.0922717686050015;0.0390930414386239;0.01858588004142;0.0254695103151517;0.0299179393663095;0.0254902897927321;0.019690207403518;0.0186946720184747;0.0171560541075553;0.0195333960029788;0.018038168765107;0;0;0;d__Bacteria;Proteobacteria;Gammaproteobacteria;Burkholderiales;Comamonadaceae;Hydrogenophaga;NA
3259e0bd30bc0375588fde56e0fbb59e;0;0;3.25115299208563;0.11553020992085;0;0;0;0;0;0;0;0;0;0;0;0;0;0;0;0.0112985839108165;0;0;0;0;0;0;0;0;0;0;0;0;0;d__Bacteria;Proteobacteria;Gammaproteobacteria;Burkholderiales;Comamonadaceae;Acidovorax;NA
7c9b0a6fd7cf7a1771c91182126020cf;0;0;0;0;0;0;0;0;0;0;0;0;0;0;0.00452048911692245;0;0;0;0;0;0;0;0;0;0;0;0;0;0;0;0;0;0;d__Bacteria;Proteobacteria;Gammaproteobacteria;Burkholderiales;NA;NA;NA
d46bafcaa2bca4ee02ff75b9e18010a5;0.141399237673675;0.118477309019729;0.048397198656266;0;0;0;0;0;0;0;0;0;0;0;0;0;0;0;0;0;0;0;0;0;0;0;0;0;0;0;0;0;0;d__Bacteria;Proteobacteria;Gammaproteobacteria;Burkholderiales;Comamonadaceae;Ottowia;NA
55cbf8850eea57ed8c5432721260c923;0.408213451370958;0.329675990315768;0.227751523088311;0;0.0152253349573691;0.0062933982252617;0;0;0;0;0;0;0;0;0;0;0;0;0.0129598030109942;0.00941548659234709;0.00469116497263487;0;0;0.00284932755869615;0;0;0;0;0;0;0;0;0;d__Bacteria;Proteobacteria;Gammaproteobacteria;Burkholderiales;Comamonadaceae;NA;NA
7e73c3f451c71ca4288b93bf201c8199;0.0319685233001353;0;0;0;0;0;0;0;0;0;0;0;0;0;0;0;0;0;0;0;0;0;0;0;0;0;0;0;0;0;0;0;0;d__Bacteria;Proteobacteria;Gammaproteobacteria;Burkholderiales;Comamonadaceae;uncultured;NA
dc0aabe5af793a7708c4e4e16cb00119;0;0;1.64408130729374;0.0344132540189765;0;0;0;0;0;0;0;0;0;0;0;0;0;0;0;0;0;0;0;0;0;0;0;0;0;0;0;0;0;d__Bacteria;Proteobacteria;Gammaproteobacteria;Burkholderiales;Comamonadaceae;Pseudorhodoferax;NA
be8dcafae13ffef295809aa39d3913a6;0;0;0;0.0934074037657932;0.0482135606983354;0;0;0;0;0;0;0;0;0;0;0;0;0;0;0;0;0;0;0;0;0;0;0;0;0;0;0;0;d__Bacteria;Proteobacteria;Gammaproteobacteria;Burkholderiales;Comamonadaceae;Lampropedia;NA
f215252b0148eef32fe032cca4bb007e;0;0;0.0398565165404544;0;0;0;0;0;0;0;0;0;0;0;0;0;0;0;0;0;0;0;0;0;0;0;0;0;0;0;0;0;0;d__Bacteria;Proteobacteria;Gammaproteobacteria;Burkholderiales;Comamonadaceae;Aquabacterium;NA
53bd2edec845654a76de457d22177430;0;0.00515118734868387;0;0;0;0;0;0;0;0;0;0;0;0;0;0;0;0;0;0;0;0;0;0;0;0;0;0;0;0;0;0;0;d__Bacteria;Proteobacteria;Gammaproteobacteria;Competibacterales;Competibacteraceae;NA;NA
186395853dda173fed85fe65afd19145;0.670109430714374;0.486787204450626;0.00711723509650971;0;0;0;0;0;0;0;0;0;0;0;0;0;0;0;0.00431993433699808;0;0;0;0;0;0;0;0;0;0;0;0;0;0;d__Bacteria;Proteobacteria;Gammaproteobacteria;Competibacterales;Competibacteraceae;Candidatus_Competibacter;NA
44716a0a14bde51ccb54a94a4b71856f;0.531169310217632;0.399217019523;0.049820645675568;0;0;0;0;0;0;0;0;0;0;0;0;0;0;0;0;0;0;0;0;0;0;0;0;0;0;0;0;0;0;d__Bacteria;Proteobacteria;Gammaproteobacteria;Burkholderiales;Nitrosomonadaceae;Nitrosomonas;NA
13b6805f123c0a25c5c3414d1a176b69;0;0;0;0;0;0;0;0;0;0;0;0;0;0;0;0;0;0;0;0;0.0109460516028147;0;0.00938350380031904;0.0056986551173923;0;0.00262536098713573;0.00659811953593226;0.00395908940943583;0;0;0.0068014872585472;0.0194024058983314;0;d__Bacteria;Proteobacteria;Gammaproteobacteria;Burkholderiales;Hydrogenophilaceae;uncultured;NA
bfb5b51834ddd2ee38153073eb36d6ca;0;0;0.0953709502932301;0;0;0;0;0;0;0;0;0;0;0;0;0;0;0;0;0;0;0;0;0;0;0;0;0;0;0;0;0;0;d__Bacteria;Proteobacteria;Gammaproteobacteria;Burkholderiales;Oxalobacteraceae;Massilia;NA
8b8d4dad7273a4c4b12db12a4c11a6e6;0.0959055699004058;0.0695410292072323;0;0;0;0;0;0;0;0;0;0;0;0;0;0;0;0;0;0;0;0;0;0;0;0;0;0;0;0;0;0;0;d__Bacteria;Proteobacteria;Gammaproteobacteria;Burkholderiales;Nitrosomonadaceae;Ellin6067;NA
4a22f643f3ef1837f8bac27aa3221db2;0.676257223656707;0.548601452634832;0.23486875818482;0.363797256772037;0.400933820544052;0.0860097757452432;0.078429175653343;0;0;0.0108740566755834;0.00712276078207913;0;0.00967804374475772;0;0;0;0;0;0;0;0;0;0;0;0;0;0;0;0;0;0;0;0;d__Bacteria;Proteobacteria;Gammaproteobacteria;Burkholderiales;Burkholderiaceae;Limnobacter;NA
dfa0ff9feccab01a1267db375e69f4e6;0;0;0;0;0;0;0;0;0;0;0.00534207058655935;0;0.0112910510355507;0.0109376281753302;0.00452048911692245;0;0;0;0;0;0;0;0.00536200217161088;0;0;0;0;0;0;0;0;0;0.00456089940936353;d__Bacteria;Proteobacteria;Gammaproteobacteria;Burkholderiales;Burkholderiaceae;Lautropia;NA
7a382c5d65d181188f5f9e7a285d0429;0;0;0.00854068211581165;0;0;0;0;0;0;0;0;0;0;0;0;0;0;0;0;0;0;0;0;0;0;0;0;0;0;0;0;0;0;d__Bacteria;Proteobacteria;Gammaproteobacteria;Burkholderiales;Alcaligenaceae;Verticiella;NA
cf7ed1749d759f6a4ae7e6c9acbfd0bb;0;0;0;0;0;0;0;0;0;0;0.024929662737277;0.297714665124548;0;0;0.0113012227923061;0.00999060882770196;0.0245402536848725;0.0197204624448443;0.0151197701794933;0.00753238927387767;0;0;0.00402150162870816;0;0.00637257244818302;0;0;0;0;0;0;0;0;d__Bacteria;Proteobacteria;Gammaproteobacteria;Burkholderiales;Alcaligenaceae;GKS98_freshwater_group;NA
662474740a197ea075ea742fdc68fb07;0.0110660272962007;0;0;0;0;0;0;0;0;0;0;0;0;0;0;0;0;0;0;0;0;0;0;0;0;0;0;0;0;0;0;0;0;d__Bacteria;Proteobacteria;Gammaproteobacteria;Burkholderiales;Alcaligenaceae;Pigmentiphaga;NA
7c11c2b300adbba9be85f68ed7149e51;0.0405754334194024;0.0180291557203936;0;0;0;0;0;0;0;0;0;0;0;0;0;0;0;0;0;0;0;0;0;0;0;0;0;0;0;0;0;0;0;d__Bacteria;Proteobacteria;Gammaproteobacteria;Burkholderiales;TRA3-20;TRA3-20;NA
48d639cc2520c3b4656161d96495359d;0.0159842616500676;0.0257559367434194;0;3.99685364534684;2.15438489646772;7.67165243659401;11.097728354948;3.38821957923399;10.9479984190616;2.48580935603836;17.4935004807864;2.55092205872904;11.2281437512098;9.84113095075333;8.38324706733269;8.81171698603313;3.07826807159619;6.24399142159884;5.51871611551504;3.08451340765291;0.9147771696638;1.37668268592518;1.85257175029156;1.42323911556873;0.317035479297105;0.269099501181412;0.208940451971188;0.877598152424942;0.393109594559949;0.346332840290054;0.507844381971524;0.521093186983757;0.346628355111628;d__Bacteria;Proteobacteria;Gammaproteobacteria;Burkholderiales;Rhodocyclaceae;Azoarcus;NA
61ec79351e256684db245b933007c28d;0.0061477929423337;0;0;0;0;0;0;0;0;0;0;0;0.00806503645396477;0;0;0;0;0;0;0;0;0;0;0;0;0;0;0;0;0;0;0;0;d__Bacteria;Proteobacteria;Gammaproteobacteria;Burkholderiales;Rhodocyclaceae;Denitromonas;NA
a0ac69ece95eedd253449c219426c83e;1.30087298659781;1.32900633596044;0;0;0;0;0;0;0;0;0;0;0;0;0;0;0;0;0;0;0;0;0;0;0;0;0;0;0;0;0;0;0;d__Bacteria;Proteobacteria;Gammaproteobacteria;Burkholderiales;Rhodocyclaceae;Rhodocyclaceae;NA
5a6bc89dca189d989be619b80564ee46;1.16316242468954;1.13583681038479;0.273301827705973;2.18032545105944;0.532886723507917;0.203486542616795;0.32211982857623;0.071925813660767;0.00752827809459281;0.0173984906809334;0.154920047010221;10.1672770888218;0.177430801987225;0.340433676957152;0.528897226679927;0.923132255679661;3.5552692525959;1.02546404713191;1.72149383329373;4.39891533594456;12.3659108678655;16.0887343015692;11.8661108057749;12.8547412810577;14.9882903981265;17.3090049881859;18.5319184032551;21.5123721544045;15.5131789381158;18.207727551499;20.5450258456516;22.3155385553523;23.5342409523158;d__Bacteria;Proteobacteria;Gammaproteobacteria;Burkholderiales;Rhodocyclaceae;Thauera;NA
ac71778c48ef3b2bbb4705d80ac8f442;0;0;0;0;0;0;0;0;0.182560743793876;6.2721558904765;0.0231489725417572;0.231317869305404;0.0403251822698239;0.118946706406716;0.0813688041046041;0.0999060882770196;0.0444792098038313;0;0.0151197701794933;0.00564929195540826;0;0;0;0;0;0;0;0;0;0;0;0;0;d__Bacteria;Proteobacteria;Gammaproteobacteria;Burkholderiales;Rhodocyclaceae;Dechlorobacter;NA
c634055d1c5e41d01687d8b5b5ecbe30;0;0;0;0;0;0.0713251798862993;0.0700260496904849;0;0.427229781868142;15.5542506687545;0.0445172548879946;0.726081089764184;0.0741983353764759;0.318558420606491;0.264448613339963;0.341678821907407;0.111964907437231;0.027115635861661;0;0.0188309731846942;0;0;0;0.0128219740141327;0;0.00656340246783933;0;0.00659848234905972;0;0;0;0;0;d__Bacteria;Proteobacteria;Gammaproteobacteria;Burkholderiales;Rhodocyclaceae;Azonexus;NA
a042afd7d8653b06fccb4f466e4b64b9;0.00860691011926718;0;0;0;0;0;0;0;0;0;0;0;0.0548422478869604;0.0273440704383254;0;0;0;0;0;0;0;0;0;0;0;0;0;0;0;0;0;0;0;d__Bacteria;Proteobacteria;Gammaproteobacteria;Burkholderiales;Rhodocyclaceae;Methyloversatilis;NA
fc30389e3fd2306ad0329781e30e5764;0;0;0;0;0;0;0.0168062519257164;0;0.0131744866655374;0.0108740566755834;0.0284910431283165;0;0.00967804374475772;0.00820322113149763;0;0;0.00306753171060906;0;0;0;0;0;0;0;0;0;0;0;0;0.00360763375302139;0;0.0110870890847608;0;d__Bacteria;Proteobacteria;Gammaproteobacteria;Burkholderiales;Rhodocyclaceae;NA;NA
d4739673639ee9ef597b818e683351e5;0.207795401450879;0.242105805388142;0;0;0;0;0;0;0;0;0;0;0;0;0;0;0;0;0;0;0;0;0;0;0;0;0;0;0;0;0;0;0;d__Bacteria;Proteobacteria;Gammaproteobacteria;Burkholderiales;Nitrosomonadaceae;mle1-7;NA
7e9a28cc44b8c20263b2494e46b8f41e;0;0;0;0;0;0;0;0.0205502324745049;0.0131744866655374;0.741610665274787;0.178069019551978;2.78866542440403;0.893606039099297;0.303519181865412;0.307393259950727;0.123883549463504;0.0506142732250495;0.0394409248896887;0.0345594746959846;0.0301295570955107;0.00469116497263487;0.00796537716060856;0;0;0;0;0;0;0;0;0;0;0;d__Bacteria;Bacteroidota;Bacteroidia;Flavobacteriales;NA;NA;NA
5c1a576317579e52444f6eadc8c52398;0.300012295585885;0.218925462319065;0;0;0;0;0;0;0;0;0;0;0;0;0;0;0;0;0;0;0;0;0;0;0;0;0;0;0;0;0;0;0;d__Bacteria;Bacteroidota;Bacteroidia;Flavobacteriales;Flavobacteriaceae;Lutibacter;NA
ee5f44ecb72a45dee2f830fe41dbc5d7;0;0;0;0.199105255395507;0.40347137637028;0.0188801946757851;0;0;0;0;0;0;0;0;0;0;0;0;0;0;0;0;0;0;0;0;0;0;0;0;0;0;0;d__Bacteria;Bacteroidota;Bacteroidia;Flavobacteriales;Weeksellaceae;uncultured;NA
2093a6fabe96dfcd644d539d89943424;0.157383499323743;0.0746922165559161;0.414223082616865;17.1476328597414;10.8379009338205;26.8958862153601;23.4391193523991;0.0179814534151918;3.46112585398905;5.0847089015028;0.890345097759892;0.167062905609458;1.85657139170269;1.32345300921495;1.15724521393215;0.777269366795213;0.542953112777803;0.283481647644637;0.172797373479923;0.0828562820126544;0.0234558248631744;0.0106205028808114;0;0.00712331889674037;0;0;0;0;0;0;0;0;0;d__Bacteria;Bacteroidota;Bacteroidia;Flavobacteriales;Flavobacteriaceae;Flavobacterium;NA
c11304bc9a42c95c5ef99a3c6d14d903;2.03368990532399;1.69989182506568;0.0569378807720777;0;0;0;0;0;0;0;0;0;0;0;0;0;0;0;0;0;0;0;0;0;0;0;0;0;0;0;0;0;0;d__Bacteria;Bacteroidota;Bacteroidia;Flavobacteriales;Flavobacteriaceae;Arcticiflavibacter;NA
16d97036473bf8c6d42edf10e6f13c39;0.0159842616500676;0.0180291557203936;0;0;0;0;0;0;0;0;0;0;0;0;0;0;0;0;0;0;0;0;0;0;0;0;0;0;0;0;0;0;0;d__Bacteria;Bacteroidota;Bacteroidia;Flavobacteriales;Flavobacteriaceae;Aquibacter;NA
37bd84c3149391c6718f2ce6ffba1ef1;0;0;0;0;0.0558262281770199;0.0985965721957666;0.0868323016162012;2.51740347812685;0.698247793273484;0.291424718905635;1.12361551337298;0.207757715950224;1.76946899799987;1.71310601296109;1.82853784779513;1.42266269706476;2.43408641236829;2.30236399043558;1.94613041881763;2.32185899367279;1.24941360437842;2.12144545044208;1.36999155484658;1.71102119899704;1.74130542146601;1.24704646888947;0.67300819266509;0.774661827779611;0.872898633883117;0.735957285616364;0.807109821347601;0.726204335051832;0.820961893685435;d__Bacteria;Bacteroidota;Bacteroidia;Flavobacteriales;Flavobacteriaceae;Subsaxibacter;NA
91a03cae7ed2aa07f8f3944fc1aa6ae8;0.0885282183696053;0.0695410292072323;0.00711723509650971;0;0;0;0;0;0;0;0;0;0;0;0;0;0;0;0;0;0;0;0;0;0;0;0;0;0;0;0;0;0;d__Bacteria;Bacteroidota;Bacteroidia;Flavobacteriales;Flavobacteriaceae;Arenibacter;NA
9de1ef55311805f063e4c769bc5f8978;1.1533259559818;0.989027970947303;0.105335079428344;0;0;0;0;0;0;0;0;0;0;0;0;0;0;0;0;0;0;0;0;0;0;0;0;0.00263939293962389;0;0;0;0;0;d__Bacteria;Bacteroidota;Bacteroidia;Flavobacteriales;Flavobacteriaceae;uncultured;NA
57bd4bd33819f7d7be8df3c23ed7ee3e;0.168449526619943;0.0798434039046;0.0427034105790582;0;0;0;0;0;0;0;0;0;0;0;0;0;0;0;0;0;0;0;0;0;0;0;0;0;0;0;0;0;0;d__Bacteria;Bacteroidota;Bacteroidia;Flavobacteriales;Flavobacteriaceae;Vitellibacter;NA
8008390e27911611faa11399d6d966eb;0;0;27.7187838068667;0.0122904478639202;0.071051563134389;0.0335647905347291;0.0336125038514327;0;0;0;0;0;0.00967804374475772;0;0.0135614673507674;0;0;0;0;0;0;0;0;0;0;0;0;0;0;0;0;0;0;d__Bacteria;Bacteroidota;Bacteroidia;Flavobacteriales;Weeksellaceae;Chryseobacterium;NA
07cf211e307bfdd0662e23fde96b1a10;0;0;0;0;0;0;0;0.408435870430784;0.0508158771385015;0.0369717926969835;0.0587627764521529;0.0149928248623873;0.0209690947803084;0.0123048316972465;0;0.0219793394209443;0.0383441463826132;0.0369758670840831;0.0453593105384798;0.0376619463693884;0.0656763096168882;0.0849640230464913;0.0777490314883578;0.0897538180989287;0.137010307635935;0.059070622210554;0.0439874635728817;0.102936324645332;0.14039628377141;0.082975576319492;0.117892445814818;0.0803813958645158;0.0980593373013158;d__Bacteria;Bacteroidota;Bacteroidia;Flavobacteriales;Cryomorphaceae;Cryomorpha;NA
609bfd8c00e302f663d31a2e7aded3c9;0;0;0;0.0417875227373285;0.850081201786439;0.0188801946757851;0.0308114618638133;0.0411004649490097;0.00752827809459281;0;0;0;0;0;0;0;0;0;0;0;0;0;0;0;0;0;0;0;0;0;0;0;0;d__Bacteria;Bacteroidota;Bacteroidia;Bacteroidales;ML635J-40_aquatic_group;ML635J-40_aquatic_group;NA
9a6e9cf3be6811837df93db369f20bad;0.00491823435386696;0.0103023746973677;0;0;0;0;0;0;0;0;0.00356138039103957;0.25916168690698;0;0;0;0.00399624353108078;0;0;0;0;0;0;0;0;0;0;0;0;0;0;0;0;0;d__Bacteria;Bacteroidota;Bacteroidia;Flavobacteriales;Cryomorphaceae;Vicingus;NA
021d879d42a84230ff0f15dbb7512a6b;0.0061477929423337;0;0;0;0;0;0;0;0;0;0;0;0;0;0;0;0;0;0;0;0;0;0;0;0;0;0;0;0;0;0;0;0;d__Bacteria;Bacteroidota;Bacteroidia;Sphingobacteriales;Lentimicrobiaceae;Lentimicrobiaceae;NA
1da5963f10ec4bf13628fb4db9ee8b54;0.00491823435386696;0;0;0;0.00761266747868453;0;0;0;0;0;0;0;0;0;0;0;0;0;0;0;0;0;0;0;0;0;0;0;0;0;0;0;0;d__Bacteria;Bacteroidota;Bacteroidia;NA;NA;NA;NA
a5f3d2dbc83d677aac0e1d5749419f89;0;0;0;0.12782065778477;0.294356475842469;0.0461515869852525;0.09243438559144;0;0.0169386257128338;0;0.00712276078207913;0;0.00483902187237886;0;0;0;0;0;0;0.00753238927387767;0.035965598123534;0.0159307543212171;0.0160860065148326;0.0170959653521769;0.0111520017843203;0.0183775269099501;0.0109968658932204;0.00659848234905972;0.00976669800148942;0.0144305350120856;0.124693933073365;0.13304506901713;0.209801372830722;d__Bacteria;Bacteroidota;Bacteroidia;Flavobacteriales;Crocinitomicaceae;Fluviicola;NA
71c07090f59ca3083fb0714e1c939792;0;0;0;0;0;0;0;0;0;0;0.00890345097759892;0.0149928248623873;0;0;0;0;0;0;0;0;0;0;0;0;0;0;0;0;0;0;0;0;0;d__Bacteria;Bacteroidota;Bacteroidia;Cytophagales;Cyclobacteriaceae;Marinoscillum;NA
68433fbbc8e1b70ea250129395cdd7d1;0.0319685233001353;0.0309071240921032;0;0;0;0;0;0;0;0;0;0;0;0;0;0;0;0;0;0;0;0;0;0;0;0;0.0109968658932204;0.00659848234905972;0;0.00721526750604279;0.0113358120975787;0.0083153168135706;0;d__Bacteria;Bacteroidota;Bacteroidia;Bacteroidales;Prolixibacteraceae;Sunxiuqinia;NA
db9cba84c933c7e10b15abfef1cea92f;0.312307881470552;0.236954618039458;0.0199282582702272;0;0;0;0;0;0;0;0;0;0;0;0;0;0;0;0;0;0;0;0;0;0;0;0;0;0;0;0;0;0;d__Bacteria;Bacteroidota;Bacteroidia;Bacteroidales;Prolixibacteraceae;Mangrovibacterium;NA
10743ad7ff9356b06f585eb5dbdb85e9;0.0750030738964712;0.0643898418585484;0;0;0;0;0;0;0;0;0;0;0;0;0;0;0;0;0;0;0;0;0;0;0;0;0;0;0;0;0;0;0;d__Bacteria;Bacteroidota;Bacteroidia;Bacteroidales;Prolixibacteraceae;NA;NA
3d2e6ad7e955a2882c9c2738477e9515;0.245911717693348;0.175140369855252;0;0;0.0101502233049127;0;0;0;0;0;0;0;0;0;0;0;0;0;0;0;0;0;0;0;0;0;0;0;0;0;0;0;0;d__Bacteria;Bacteroidota;Bacteroidia;Bacteroidales;Prolixibacteraceae;uncultured;NA
82b2f3bfd30bf28eea85cb48e0066f7b;0.0627074880118038;0.041209498789471;0;0.073742687183521;0.0913520097442144;0;0;0;0;0;0;0;0;0;0;0;0;0;0;0;0;0;0;0;0;0;0;0;0;0;0;0;0;d__Bacteria;Bacteroidota;Bacteroidia;Bacteroidales;Bacteroidetes_vadinHA17;Bacteroidetes_vadinHA17;NA
bee806ab2cc99dcf9c5d5409a5ac1300;2.74806344522316;3.90717560397672;0.298923874053408;0.0663684184651689;0.197929354445798;0.00839119763368227;0.00840312596285818;0.00770633717793933;0.0169386257128338;0.0108740566755834;0.0783503686028705;0.00642549636959455;0.00483902187237886;0;0;0;0;0;0;0;0;0;0;0;0;0.0039380414807036;0;0;0;0;0;0;0;d__Bacteria;Bacteroidota;Bacteroidia;Flavobacteriales;NS9_marine_group;NS9_marine_group;NA
6b7dcd0f1f6862e18346b98cc76e3c09;0.0467232263617361;0.0360583114407871;0.00284689403860388;0;0;0;0;0;0;0;0;0;0;0;0;0;0;0;0;0;0;0;0;0;0;0;0;0;0;0;0;0;0;d__Bacteria;Bacteroidota;Bacteroidia;Sphingobacteriales;env.OPS_17;env.OPS_17;NA
bd952ec5f13bbce87478c47fcd2f7f29;0;0;0;0;0;0;0;0;0;0;0;0.0107091606159909;0;0;0;0;0;0;0;0;0;0;0;0;0;0;0;0;0;0;0;0;0;d__Bacteria;Bacteroidota;Bacteroidia;Bacteroidetes_VC2.1_Bac22;Bacteroidetes_VC2.1_Bac22;Bacteroidetes_VC2.1_Bac22;NA
e5d243c7a1c8dc72f4ed576cfd012ba1;0;0;0;0.0196647165822723;0.522736500203004;0.339843504164132;0.380941710316238;0.0128438952965655;0.0376413904729641;0.245753680868185;0.0801310587983902;0.674677118807428;0.367765662300794;0.339066473435236;0.357118640236874;0.171838471836474;0.171781775794107;0.221855202504499;0.444953236710802;0.265516721904188;0.453479280688038;0.116825531688925;0.0643440260593306;0.076931844084796;0.0318628622409151;0.0223155683906537;0.026392478143729;0.022434839986803;0.00610418625093089;0;0.00906864967806294;0;0;d__Bacteria;Bacteroidota;Bacteroidia;Sphingobacteriales;Lentimicrobiaceae;Lentimicrobium;NA
26d3e91d95b34559d5a2b96224f0d7b0;0;0;0;0.0344132540189765;0.147178237921234;0.0125867964505234;0;0;0;0;0;0;0;0;0;0;0;0;0;0;0.00781860828772478;0.00265512572020285;0;0;0.00318628622409151;0.00525072197427146;0.00549843294661022;0.00527878587924777;0.00488334900074471;0;0.0136029745170944;0;0.0364871952749082;d__Bacteria;Bacteroidota;Bacteroidia;Bacteroidales;Marinilabiliaceae;Mangroviflexus;NA
d1a1e353a06688f068dfa480ccb184f5;0.0172138202385344;0;0;0;0;0;0;0;0;0;0;0;0;0;0;0;0;0;0;0;0;0;0;0;0;0;0;0;0;0;0;0;0;d__Bacteria;Bacteroidota;Bacteroidia;Bacteroidales;Marinilabiliaceae;Marinilabiliaceae;NA
cd3be2b3065d47732e3656f3234927a3;0;0;0;0;0;0;0;0.0282565696524442;0;0.00434962267023336;0.00890345097759892;0;0.0209690947803084;0.0136720352191627;0.0113012227923061;0;0;0;0;0;0;0;0;0;0;0;0;0;0;0;0;0;0;d__Bacteria;Bacteroidota;Bacteroidia;Bacteroidales;Marinilabiliaceae;Alkaliflexus;NA
1ffef036a5b477c9d2b68f957d1a4e71;0.0270502889462683;0.00515118734868387;0;0;0;0;0;0;0;0;0;0;0;0;0;0;0;0;0;0;0;0;0;0;0;0;0;0;0;0;0;0;0;d__Bacteria;Bacteroidota;Bacteroidia;Bacteroidales;Paludibacteraceae;Paludibacter;NA
ba7aa0fab66f59a6b2508cbf9780e84b;0;0;0;0.147485374367042;0.266443361753959;0.0062933982252617;0;0;0;0;0;0;0.285502290470353;0.329496048781822;0.485952580069163;0.157851619477691;0.182518136781239;0.0345108092784776;0.0626390478864721;0.0282464597770413;0.0203283815480844;0.0106205028808114;0.033512513572568;0.0270686118076134;0.200736032117765;0.0971383565240221;0.0835761807884753;0.197954470471791;0.522518343079684;0.402251163461885;0.959009703455155;0.13581684128832;0.186996875783905;d__Bacteria;Bacteroidota;Bacteroidia;Bacteroidales;Paludibacteraceae;uncultured;NA
1872302fec0c3cdaeae7dcfbd220da2a;0.00983646870773392;0.0180291557203936;0;0.0172066270094882;0.253755582622818;0.0923031739705049;0.0728270916781042;0;0;0;0;0;0;0;0;0;0;0;0;0;0;0;0;0;0;0;0.00439874635728817;0.00527878587924777;0;0;0;0;0;d__Bacteria;Bacteroidota;Bacteroidia;Bacteroidales;Dysgonomonadaceae;Proteiniphilum;NA
dc71adfc6c1a31506710bf5bc75f355c;0;0;0;0;0.0507511165245635;0;0;0;0;0;0;0;0;0;0;0;0;0;0;0;0;0;0;0;0;0;0;0;0;0;0;0;0;d__Bacteria;Bacteroidota;Bacteroidia;Bacteroidales;Dysgonomonadaceae;Petrimonas;NA
b43deb89b2301394248b95ca1c09be05;0;0;0;0;0.00761266747868453;0;0;0;0;0;0;0;0;0;0;0;0;0;0;0;0;0;0;0;0;0;0;0;0;0;0;0;0;d__Bacteria;Bacteroidota;Bacteroidia;Bacteroidales;M2PB4-65_termite_group;M2PB4-65_termite_group;NA
6ce7b2f395dc9d76ca908903d819230b;0;0;0;0;0.129415347137637;0;0;0;0;0;0;0;0;0;0;0;0.00613506342121812;0;0.00431993433699808;0.00753238927387767;0;0;0;0;0;0;0;0;0;0;0;0;0;d__Bacteria;Bacteroidota;Bacteroidia;Bacteroidales;Rikenellaceae;uncultured;NA
e82bde81def95d53bc758fe024b220c1;0;0;0;0.184356717958802;0.416159155501421;0.306278713629403;0.355732332427663;0.136145290143595;0.0395234599966123;0.115265000761184;0.220805584244453;0;0.46938512162075;0.329496048781822;0.592184074316841;0.76528063620197;0.814429669166705;0.372223728646437;0.373674320150334;0.235387164808677;0.232994526974199;0.290736266362212;0.454429684044022;0.742249829040347;1.56924596536507;0.729850354423733;0.257326661901358;0.22434839986803;0.607976950592717;0.459973303510228;0.353677337444455;0.230057098508787;0.346628355111628;d__Bacteria;Bacteroidota;Bacteroidia;Sphingobacteriales;Sphingobacteriaceae;Pseudopedobacter;NA
3c985440c3d8f87af181fd54523d6548;0;0;0;0.0491617914556806;0.0558262281770199;0.0902053745620844;0.0728270916781042;0.208071103804362;0.425347712344494;1.54411604793284;1.31593005448912;0.130651759515089;0.771017484999032;0.355472915698231;0.623827498135298;0.645393330269547;0.526081688369453;0.776493208765746;0.85318703155712;1.45186803253992;0.750586395621579;0.304011894963227;0.331103634096972;0.453043081832688;0.304290334400739;0.16014702021528;0.137460823665255;0.84196634774002;0.804531747872691;0.418485515350482;0.129228257912397;0.0886967126780864;0.0592916923217258;d__Bacteria;Bacteroidota;Bacteroidia;Sphingobacteriales;Sphingobacteriaceae;Pedobacter;NA
19337b9e6a9f05c75b0e5474e40e279a;0;0;0.0142344701930194;0;0;0;0;0;0;0;0;0;0;0;0;0;0;0;0;0;0;0;0;0;0;0;0;0;0;0;0;0;0;d__Bacteria;Bacteroidota;Bacteroidia;Sphingobacteriales;Sphingobacteriaceae;Nubsella;NA
6d7288899fd0419f0aae07deb34f4b79;0;0;0;0;0;0;0;0;0;0.0152236793458168;0;0;0;0;0;0;0;0;0;0;0;0;0;0;0;0;0;0;0;0;0.0362745987122517;0;0;d__Bacteria;Bacteroidota;Bacteroidia;Sphingobacteriales;NS11-12_marine_group;NS11-12_marine_group;NA
b09ed0ebe9c599c70a6c005898b29d3b;0;0;0;0.0147485374367042;0.0126877791311409;0;0;0;0;0;0;0;0;0;0;0;0;0;0;0;0;0;0;0;0;0;0;0;0;0;0;0;0;d__Bacteria;Bacteroidota;Bacteroidia;Sphingobacteriales;NA;NA;NA
f2d01dc94b53d2e1e0890040050fc43b;0.253289069224149;0.133930871065781;0.0256220463474349;0;0;0;0;0;0;0;0;0;0;0;0;0;0;0;0;0;0;0;0;0;0;0;0;0;0;0;0;0;0;d__Bacteria;Bacteroidota;Bacteroidia;Sphingobacteriales;AKYH767;AKYH767;NA
aca423d31a1c70f15f3b460904f7cebc;0.00737735153080044;0.0103023746973677;0;0;0;0;0;0;0;0;0;0;0;0;0;0;0;0;0;0;0;0;0;0;0;0;0;0;0;0;0;0;0;d__Bacteria;Bacteroidota;Bacteroidia;Sphingobacteriales;LiUU-11-161;LiUU-11-161;NA
d68c24828d85460143608f9e57e887c2;0;0;0;0;0.0126877791311409;0;0;0;0;0;0;0;0;0;0;0;0;0;0;0;0;0;0;0;0;0;0;0;0;0;0;0;0;d__Bacteria;Bacteroidota;Bacteroidia;Bacteroidales;Rikenellaceae;Anaerocella;NA
0cec7bba2ac242fe4300d6bf401216cb;0;0;0;0;0;0;0;0;0;0;0;0;0;0;0;0;0;0.00493011561121108;0;0;0;0;0;0;0;0.00656340246783933;0;0;0;0;0;0;0;d__Bacteria;Bacteroidota;Bacteroidia;Bacteroidales;p-2534-18B5_gut_group;p-2534-18B5_gut_group;NA
331fa22caec0f6a3ebbdb2a010b6c795;0;0;0;0;0.0152253349573691;0;0;0;0;0;0.0124648313686385;0;0;0;0;0;0;0.0197204624448443;0;0.00753238927387767;0;0;0;0;0;0;0.00219937317864409;0;0;0.00360763375302139;0;0;0;d__Bacteria;Bacteroidota;Bacteroidia;Sphingobacteriales;Sphingobacteriaceae;NA;NA
5d83b5f86e759b57b28d23bfe16e0b98;0.270502889462683;0.198320712924329;0.0455503046176621;0;0;0;0;0.166970638855352;0.22020213426684;0.154411604793284;0.482567042985861;0.254878022660584;0.204851925930705;0.0669929725738973;0.0994507605722939;0.0319699482486463;0.0414116780932223;0.0468360983065053;0.0367194418644837;0.0753238927387767;0.0406567630961689;0.0637230172848684;0.0495985200874006;0.0299179393663095;0.0350491484650066;0.019690207403518;0.0164952988398306;0.00659848234905972;0.013429209752048;0.0126267181355749;0.0385417611317675;0.0249459504407118;0.03876764497959;d__Bacteria;Bacteroidota;Bacteroidia;Flavobacteriales;Flavobacteriaceae;NA;NA
37fb674aab7f67e677b12c90fe8d1724;0;0;0;0;0.0583637840032481;0.234953533743103;0.243690652922887;2.65868632638907;5.01947941956976;4.60842521911224;9.59613946365611;0.891002163250444;5.06161687850829;6.69246123978015;10.5937662455078;12.9498271624673;12.8284176137671;14.760766139966;14.8908136596324;14.8180927990359;13.6309616888194;13.8186018107957;15.2200431641175;18.590437656713;21.206327964441;19.6311367813074;13.1049650849508;14.3147476080501;16.6204783240346;17.8343374580613;20.7808107372812;19.4495260269416;23.7007137807576;d__Bacteria;Bacteroidota;Bacteroidia;Flavobacteriales;Flavobacteriaceae;Planktosalinus;NA
acdca5bed6fab031b0800103f26c0da6;0;0;0;0;0.086276898091758;0;0;0;0;0;0;0.0171346569855855;0;0;0;0;0;0;0;0.00941548659234709;0.0140734949179046;0;0.00268100108580544;0.0056986551173923;0;0.0039380414807036;0;0.00527878587924777;0.00610418625093089;0;0;0;0;d__Bacteria;Spirochaetota;Leptospirae;Leptospirales;Leptospiraceae;RBG-16-49-21;NA
96405de70524106be309ba9ffb42e6de;0;0.00515118734868387;0;0;0;0;0;0;0;0;0;0;0;0;0;0;0;0;0;0;0;0;0;0;0;0;0;0;0;0;0;0;0;d__Bacteria;Proteobacteria;Gammaproteobacteria;Chromatiales;Chromatiaceae;NA;NA
4b0c7d0eb46561b3290bb6a1698b2ecc;0.11311939013894;0.0849945912532839;0;0;0.106577344701583;0.0545427846189347;0.0336125038514327;0.023119011533818;0.0602262247567425;0.060894717383267;0.117525552904306;0.122084431022296;0.0225821020711014;0.00273440704383254;0.00678073367538368;0;0.0184051902636544;0.0197204624448443;0.0172797373479923;0.0395450436878578;0.035965598123534;0.0491198258237528;0.0388745157441789;0.0512878960565307;0.0366422915770524;0.0301916513520609;0.0175949854291527;0.0158363576377433;0.00976669800148942;0.0198419856416177;0.0272059490341888;0.027717722711902;0.0273653964561812;d__Bacteria;Hydrogenedentes;Hydrogenedentia;Hydrogenedentiales;Hydrogenedensaceae;Hydrogenedensaceae;NA
41a2511da52919134656bcfebdb3cadb;0;0;0;0;0.29181892001624;0.0104889970421028;0;0;0.122334519037133;0.0717687740588504;0.117525552904306;0;0.0790373572488548;0.0382816986136556;0.0655470921953755;0.0359661917797271;0.00766882927652265;0;0;0;0;0;0;0.00997264645543652;0;0;0;0;0.00488334900074471;0;0;0;0;d__Bacteria;WPS-2;WPS-2;WPS-2;WPS-2;WPS-2;NA
babfab5ea7d5cb95b33bf41247cc294a;0.0061477929423337;0;0;0;0;0;0;0;0;0;0;0;0;0;0;0;0;0;0;0;0;0;0;0;0;0;0;0;0;0;0;0;0;d__Bacteria;Verrucomicrobiota;Chlamydiae;Chlamydiales;NA;NA;NA
3721fd3ed2ac2675af613a8376266c94;0.0405754334194024;0.0309071240921032;0.00569378807720777;0;0;0;0;0;0;0;0;0;0;0;0;0;0;0;0;0;0;0;0;0;0;0;0;0;0;0;0;0;0;d__Bacteria;Verrucomicrobiota;Chlamydiae;Chlamydiales;Chlamydiaceae;NA;NA
f3d6beb893c54667086af9077ac758a7;0;0.00515118734868387;0;0;0;0;0;0;0;0;0;0;0;0;0;0;0;0;0;0;0;0;0;0;0;0;0;0;0;0;0;0;0;d__Bacteria;Verrucomicrobiota;Chlamydiae;Chlamydiales;Chlamydiaceae;Chlamydiaceae;NA
fac545243e66e6f61f643764a38addde;0;0;0;0;0;0;0;0;0;0;0;0.00856732849279273;0.00483902187237886;0;0;0;0.0168714244083498;0.0123252890280277;0;0;0;0;0;0;0;0;0;0;0;0;0;0;0;d__Bacteria;Verrucomicrobiota;Chlamydiae;Chlamydiales;Simkaniaceae;uncultured;NA
6899b616fad532b5a40dae7b2ba3490b;0.0676257223656707;0.0360583114407871;0;0;0;0;0;0;0;0;0;0;0;0;0;0;0;0;0;0;0;0;0;0;0;0;0;0;0;0;0;0;0;d__Bacteria;Proteobacteria;Gammaproteobacteria;KI89A_clade;KI89A_clade;KI89A_clade;NA
a248b531fe61e97a0d195d195824b4d9;0.00983646870773392;0.0154535620460516;0;0;0;0;0;0;0;0;0;0;0;0;0;0;0;0;0;0;0;0;0;0;0;0;0;0;0;0;0;0;0;d__Bacteria;Proteobacteria;Gammaproteobacteria;Gammaproteobacteria_Incertae_Sedis;Unknown_Family;uncultured;NA
e77f1e71cdc5c242451cd302f75c515b;0.0061477929423337;0;0;0;0;0;0;0;0;0;0;0;0;0;0;0;0;0;0;0;0;0;0;0;0;0;0;0;0;0;0;0;0;d__Bacteria;Proteobacteria;Gammaproteobacteria;Acidithiobacillales;Acidithiobacillaceae;KCM-B-112;NA
827828ac998428214788acdcee38e117;0.00737735153080044;0;0;0;0;0;0;0;0;0;0;0;0;0;0;0;0;0;0;0;0;0;0;0;0;0;0;0;0;0;0;0;0;d__Bacteria;Proteobacteria;Gammaproteobacteria;Immundisolibacterales;Immundisolibacteraceae;NA;NA
dcd608aac8f09573c8935b9c25541e8e;0.0196729374154678;0.0154535620460516;0;0;0;0;0;0;0;0;0;0;0;0;0;0;0;0;0;0;0;0;0;0;0;0;0;0;0;0;0;0;0;d__Bacteria;Proteobacteria;Gammaproteobacteria;CCD24;CCD24;CCD24;NA
45203d8f6616349d3d2cf1754a88f64e;0.908643796876921;0.981301189924278;0.318852132323635;0;0.0101502233049127;0;0;0;0;0;0;0;0;0;0;0;0;0;0;0;0;0;0;0;0;0;0;0;0;0;0;0;0;d__Bacteria;Proteobacteria;Gammaproteobacteria;Steroidobacterales;Steroidobacteraceae;uncultured;NA
881e866230397c50f585f517a25b499e;0.189352022623878;0.185442744552619;0.0313158344246427;0;0;0;0;0;0;0;0;0;0;0;0;0;0;0;0;0;0;0;0;0;0;0;0;0;0;0;0;0;0;d__Bacteria;Proteobacteria;Gammaproteobacteria;PLTA13;PLTA13;PLTA13;NA
b57ae88baffd709217aee53af5453cd2;0.103282921431206;0.0901457786019677;0;0;0;0;0;0;0;0;0;0;0;0;0;0;0;0;0;0;0;0;0;0;0;0;0;0;0;0;0;0;0;d__Bacteria;Proteobacteria;Gammaproteobacteria;R7C24;R7C24;R7C24;NA
45270213191d7f7933b301d802fb5222;0.0147547030616009;0.00772678102302581;0;0.0245808957278403;0;0;0;0.0102751162372524;0.0395234599966123;0.0108740566755834;0;0.0599712994495491;0.0451642041422027;0.0164064422629953;0.0519856248446082;0;0.0322090829613951;0;0;0.00753238927387767;0;0;0;0;0;0;0;0;0;0;0;0;0;d__Bacteria;Proteobacteria;Gammaproteobacteria;Gammaproteobacteria_Incertae_Sedis;Unknown_Family;Candidatus_Berkiella;NA
79c9ffc3031f5a238fbb104b30056599;0.0061477929423337;0;0;0;0;0;0;0;0;0;0;0;0;0;0;0;0;0;0;0;0;0;0;0;0;0;0;0;0;0;0;0;0;d__Bacteria;Proteobacteria;Gammaproteobacteria;Thiotrichales;Thiotrichaceae;Thiothrix;NA
04125fe1e9cbd13616623cd113471e22;0.0110660272962007;0;0;0;0;0;0;0;0;0;0;0;0;0;0;0;0;0;0;0;0;0;0;0;0;0;0;0;0;0;0;0;0;d__Bacteria;Proteobacteria;Gammaproteobacteria;uncultured;uncultured;uncultured;NA
81c015fe56a9dd08973e4ca1c5350599;0.0258207303578015;0.041209498789471;0.00569378807720777;0;0;0;0;0;0;0;0;0;0;0;0;0;0;0;0;0;0;0;0;0;0;0;0;0;0;0;0;0;0;d__Bacteria;Proteobacteria;Gammaproteobacteria;Diplorickettsiales;Diplorickettsiaceae;Aquicella;NA
7e2a737ed2728c564dbbd703ea1fd483;0.0590188122464035;0.0309071240921032;0.0128110231737175;0;0;0;0;0;0;0;0;0;0;0;0;0;0;0;0;0;0;0;0;0;0;0;0;0;0;0;0;0;0;d__Bacteria;Proteobacteria;Gammaproteobacteria;Legionellales;Legionellaceae;Legionella;NA
428e204116ba858d40433915f5ce2e16;0.0147547030616009;0.00772678102302581;0;0.00491617914556806;0;0.0503471858020936;0.0364135458390521;0;0;0;0;0;0;0;0;0;0;0;0;0;0;0;0;0;0;0;0;0;0;0;0;0;0;d__Bacteria;Proteobacteria;Gammaproteobacteria;Legionellales;Legionellaceae;uncultured;NA
dfcabe51515f5a3307b2f99ccd04a79e;0.00983646870773392;0;0.00427034105790582;0;0;0;0;0;0;0;0;0;0;0;0;0;0;0;0;0;0;0;0;0;0;0;0;0;0;0;0;0;0;d__Bacteria;Proteobacteria;Gammaproteobacteria;EC3;EC3;EC3;NA
354ab34ba124e412bbac9d0b9a3bc6e9;0.102053362842739;0.0798434039046;0.0113875761544155;0;0;0;0;0;0;0;0;0;0;0;0;0;0;0;0;0;0;0;0;0;0;0;0;0;0;0;0;0;0;d__Bacteria;Proteobacteria;Gammaproteobacteria;AT-s2-59;AT-s2-59;AT-s2-59;NA
e2fea939352c857a103c2ae492365725;0.0061477929423337;0;0;0;0;0;0;0;0;0;0;0;0;0;0;0;0;0;0;0;0;0;0;0;0;0;0;0;0;0;0;0;0;d__Bacteria;Proteobacteria;Gammaproteobacteria;Ga0077536;Ga0077536;Ga0077536;NA
bdeb3ff7b6b5e8b6a981fc56fcaf1bf7;0.0122955858846674;0.0103023746973677;0;0;0;0;0;0;0;0;0;0;0;0;0;0;0;0;0;0;0;0;0;0;0;0;0;0;0;0;0;0;0;d__Bacteria;Proteobacteria;Gammaproteobacteria;Tenderiales;Tenderiaceae;Candidatus_Tenderia;NA
d125067a3ba8c16c3177836da3f2225c;0.917250706996188;0.757224540256529;0.0455503046176621;0;0;0;0;0;0;0;0;0;0;0;0;0;0;0;0;0;0;0;0;0;0;0;0;0;0;0;0;0;0;d__Bacteria;Proteobacteria;Gammaproteobacteria;Ectothiorhodospirales;Thioalkalispiraceae;uncultured;NA
eb217478dc54f53a7586c59926a12ae9;0.786917496618714;0.723741822490084;0;0;0;0;0;0;0;0;0;0;0;0;0;0;0;0;0;0;0;0;0;0;0;0;0;0;0;0;0;0;0;d__Bacteria;Proteobacteria;Gammaproteobacteria;Chromatiales;Chromatiaceae;Candidatus_Thiobios;NA
8c72cda9526f8075468aae0d468735c8;0.43772285749416;0.293617678874981;0.142344701930194;0;0;0;0;0;0;0;0;0;0;0;0;0;0;0;0;0;0;0;0;0;0;0;0;0;0;0;0;0;0;d__Bacteria;Proteobacteria;Gammaproteobacteria;Arenicellales;Arenicellaceae;Candidatus_Thiosymbion;NA
d68b3912ac62a644386e6cad7cf776e4;0.259436862166482;0.247256992736826;0.167966748277629;0;0;0;0;0;0;0;0;0;0;0;0;0;0;0;0;0;0;0;0;0;0.00318628622409151;0;0;0;0;0;0;0;0;d__Bacteria;Proteobacteria;Gammaproteobacteria;NA;NA;NA;NA
bc592bdcf4cbc7e5f56184ab2df71b24;0.227468338866347;0.208623087621697;0.0398565165404544;0;0;0;0;0;0;0;0;0;0;0;0;0;0;0;0;0;0;0;0;0;0;0;0;0;0;0;0;0;0;d__Bacteria;Proteobacteria;Gammaproteobacteria;Chromatiales;Chromatiaceae;uncultured;NA
198619cbe1b94a10b16c24da0d31e715;0.205336284273946;0.190593931901303;0;0;0;0;0.0168062519257164;0;0;0;0;0;0;0;0;0;0;0;0;0;0;0.0053102514404057;0.00402150162870816;0;0.00318628622409151;0.00656340246783933;0.00439874635728817;0;0.00610418625093089;0.00541145062953209;0.00453432483903147;0.0083153168135706;0.00912179881872705;d__Bacteria;Proteobacteria;Gammaproteobacteria;Steroidobacterales;Woeseiaceae;JTB255_marine_benthic_group;NA
4861dbd67f46174e6e9a7c4533cdfc36;0;0;0;0.403126689936581;0.213154689403167;0.0293691917178879;0.0224083359009552;0.0333941277710704;0.00941034761824102;0;0.137113145055023;0.0321274818479728;0.0161300729079295;0;0.0090409782338449;0.00799248706216157;0.0122701268424362;0.0123252890280277;0;0.0131816812292859;0;0.00929294002070998;0.0107240043432218;0.018520629131525;0.0159314311204575;0.0183775269099501;0.0076978061252543;0.0092378752886836;0.0183125587527927;0.0108229012590642;0;0;0.0159631479327723;d__Bacteria;Proteobacteria;Gammaproteobacteria;Xanthomonadales;Rhodanobacteraceae;Pseudofulvimonas;NA
590fbac870d67a0d7adf154ea3e3235e;0;0;0;0.253183225996755;0.0761266747868453;0.0230757934926262;0.0336125038514327;0.00770633717793933;0;0.0347969813618669;0.0231489725417572;0.0149928248623873;0.035486160397445;0.0205080528287441;0.0339036683769184;0.0139868523587827;0.0153376585530453;0;0.0151197701794933;0.0244802651401024;0.00469116497263487;0.0146031914611157;0.0120645048861245;0.018520629131525;0;0;0.00329905976796613;0.00791817881887166;0.0122083725018618;0;0.0113358120975787;0.0110870890847608;0.0159631479327723;d__Bacteria;Proteobacteria;Gammaproteobacteria;Xanthomonadales;Rhodanobacteraceae;Aquimonas;NA
9bc5dcabb998503281e3c2ff394b6364;0.0061477929423337;0;0;0;0;0;0;0;0;0;0;0;0;0;0;0;0;0;0;0;0;0;0;0;0;0;0;0;0;0;0;0;0;d__Bacteria;Proteobacteria;Gammaproteobacteria;Xanthomonadales;uncultured;uncultured;NA
695d7f620d696b4b7e1df8f8fee9e3e5;0;0;0;0.0983235829113613;0.121802679658952;0;0;0;0;0;0.0142455215641583;0.0214183212319818;0.0112910510355507;0;0;0;0;0;0;0;0;0;0;0;0;0;0;0;0;0;0;0;0;d__Bacteria;Proteobacteria;Gammaproteobacteria;Xanthomonadales;Xanthomonadaceae;Arenimonas;NA
0dc7298094235ab57aba8dd88a847a0b;0;0;0;0;0;0.00839119763368227;0.0196072939133358;0;0;0;0.0516400156700737;0;0.0451642041422027;0.0109376281753302;0.020342201026151;0.0119887305932424;0.0122701268424362;0.0172554046392388;0;0.022597167821633;0.00938232994526974;0.0252236943419271;0.0147455059719299;0.0398905858217461;0.0207108604565948;0.0131268049356787;0.00989717930389839;0;0;0;0;0;0;d__Bacteria;Proteobacteria;Gammaproteobacteria;Xanthomonadales;Xanthomonadaceae;Luteimonas;NA
dcb9163ed0435c4a78471655159710c9;0;0;0.532369185218926;0.272847942579028;0.200466910272026;0.0692273804778787;0.0700260496904849;0.0102751162372524;0.0169386257128338;0.00869924534046672;0.0160262117596781;0;0;0;0;0;0.00613506342121812;0.00493011561121108;0;0.0131816812292859;0;0.00929294002070998;0.00268100108580544;0.00997264645543652;0;0;0;0.00659848234905972;0.00732502350111707;0.00721526750604279;0.00906864967806294;0;0.0136826982280906;d__Bacteria;Proteobacteria;Gammaproteobacteria;Xanthomonadales;Xanthomonadaceae;Pseudoxanthomonas;NA
a22679e53c11aba5867a14375e321a9a;0;0;0.203552923760178;0;0;0;0;0;0;0;0;0;0;0;0;0;0;0;0;0;0;0;0;0;0;0;0;0;0;0;0;0;0;d__Bacteria;Proteobacteria;Gammaproteobacteria;Xanthomonadales;Xanthomonadaceae;Stenotrophomonas;NA
4bd51b0c515dc5722fb3f4c650eb684f;0;0;0;0;0;0;0;0;0;0;0;0;0;0;0;0;0;0;0;0;0;0;0;0;0;0;0;0;0;0;0;0.0083153168135706;0.0114022485234088;d__Bacteria;Proteobacteria;Gammaproteobacteria;Salinisphaerales;Solimonadaceae;Polycyclovorans;NA
f1a05a366fab98470bf824a754db63c1;0;0;0;0;0;0;0;0;0;0;0;0;0;0;0;0;0;0;0;0;0;0;0.00536200217161088;0;0;0;0;0;0;0;0;0;0;d__Bacteria;Proteobacteria;Gammaproteobacteria;Salinisphaerales;Solimonadaceae;NA;NA
0aa6767415c3c1d08d147c80b16ec596;0.00983646870773392;0;14.5960257359221;0.747259230126346;0.497360941940723;0.0335647905347291;0.0224083359009552;0;0;0.0173984906809334;0;0;0.0145170656171366;0.0109376281753302;0.106231494247678;0.10190421004256;0.0889584196076627;0.027115635861661;0.0107998358424952;0;0;0;0;0.0142466377934807;0;0;0;0;0;0;0;0;0;d__Bacteria;Proteobacteria;Gammaproteobacteria;Pseudomonadales;Moraxellaceae;Acinetobacter;NA
01954cf7aebc10d45612f237903df8e7;0.0344276404770687;0.038633905115129;0.00854068211581165;0;0;0;0;0;0;0;0;0;0;0;0;0;0;0;0;0;0;0;0;0;0;0;0;0;0;0;0;0;0;d__Bacteria;Proteobacteria;Gammaproteobacteria;Aeromonadales;Aeromonadaceae;Aeromonas;NA
4b648c30f4ffa5ff0a83cb9f9c518a58;0.0196729374154678;0.0103023746973677;0;0;0;0;0;0;0;0;0;0;0;0;0;0;0;0;0;0;0;0;0;0;0;0;0;0;0;0;0;0;0;d__Bacteria;Proteobacteria;Gammaproteobacteria;Cellvibrionales;Porticoccaceae;C1-B045;NA
448a6a0489400d6bed0ba06ca1c96215;0.0061477929423337;0;0;0;0;0;0;0;0;0;0;0;0;0;0;0;0;0;0;0;0;0;0;0;0;0;0;0;0;0;0;0;0;d__Bacteria;Proteobacteria;Gammaproteobacteria;Oceanospirillales;Oleiphilaceae;Oleiphilus;NA
e890793b54d7b03b1c3a3a11cd77c548;0.0061477929423337;0;0;0;0;0;0;0;0;0;0;0;0;0;0;0;0;0;0;0;0;0;0;0;0;0;0;0;0;0;0;0;0;d__Bacteria;Proteobacteria;Gammaproteobacteria;Cellvibrionales;Cellvibrionaceae;NA;NA
b9c0c37bedd2308afda1bcdc5981cdba;0.0442641091848027;0.0128779683717097;0;0;0;0;0;0;0;0;0;0;0;0;0;0;0;0;0;0;0;0;0;0;0;0;0;0;0;0;0;0;0;d__Bacteria;Proteobacteria;Gammaproteobacteria;Oceanospirillales;Hahellaceae;Hahella;NA
c644dd2fe8dd44028035444047c3d983;0;0;0.0782895860616068;0;0;0;0;0;0;0;0;0;0;0;0;0;0.00766882927652265;0.0221855202504499;0;0.0131816812292859;0.151681000781861;0.0491198258237528;0.0402150162870816;0.292056074766355;0.0605394382577387;0.0616959831976897;0.0318909110903393;0.0501484658528538;0.0524960017580056;0.0306648869006818;0.0272059490341888;0.0498919008814236;0.07753528995918;d__Bacteria;Proteobacteria;Gammaproteobacteria;Pseudomonadales;Pseudomonadaceae;NA;NA
7d1056cdb2c52aaeebcc69fae394fce9;0;0;2.42697716790981;0.0147485374367042;0;0.0104889970421028;0;0;0;0;0;0;0.0387121749790309;0.0287112739602417;0.0113012227923061;0.0239774611864847;0;0;0;0;0.00312744331508991;0;0.0067025027145136;0;0;0;0;0;0.00732502350111707;0;0;0;0;d__Bacteria;Proteobacteria;Gammaproteobacteria;Pseudomonadales;Pseudomonadaceae;Pseudomonas;NA
b6c2c21e90eb0af56c2302d3dffef690;0;0;0;0;0.0228380024360536;0;0;0;0;0;0;0;0;0;0;0;0;0;0;0;0;0;0;0;0;0;0;0;0;0;0;0;0;d__Bacteria;Proteobacteria;Gammaproteobacteria;Oceanospirillales;Halomonadaceae;Marinospirillum;NA
7dab2e0b6aa403b6032ad60940f322a4;0.00737735153080044;0;0;0;0;0;0;0;0;0.0347969813618669;0.0160262117596781;0.0149928248623873;0.00806503645396477;0.00683601760958136;0;0;0;0;0;0;0;0;0;0.00712331889674037;0.00318628622409151;0.0039380414807036;0;0;0.00244167450037236;0.00721526750604279;0;0;0.00228044970468176;d__Bacteria;Proteobacteria;Gammaproteobacteria;Oceanospirillales;Halomonadaceae;Halomonas;NA
444f43306046cbff6823fc36e78c4523;0;0;0;0.073742687183521;0.0507511165245635;0.0566405840273553;0.0896333436038206;0;0;0;0;0;0.0661332989225111;0.0437505127013207;0.0226024455846123;0.0319699482486463;0.0199389561189589;0.0172554046392388;0.0237596388534894;0.0263633624585719;0.0500390930414386;0.053102514404057;0.0214480086864435;0.0356165944837018;0.0111520017843203;0.0183775269099501;0.0076978061252543;0.0211151435169911;0.0122083725018618;0.00541145062953209;0.0113358120975787;0;0;d__Bacteria;Proteobacteria;Gammaproteobacteria;Alteromonadales;Alteromonadaceae;Alishewanella;NA
e59e5ee8021a1a92897c307c1183f787;0;0;0;0;0;0.0062933982252617;0;0;0;0;0.0178069019551978;0.0342693139711709;0.0290341312342732;0.0164064422629953;0.0135614673507674;0;0;0;0;0.00564929195540826;0;0;0;0.00712331889674037;0;0;0;0;0;0;0;0;0;d__Bacteria;Proteobacteria;Gammaproteobacteria;Alteromonadales;Alteromonadaceae;Rheinheimera;NA
311bdaff4571aeb94322e9d12e2eb165;0;0.00515118734868387;0;0;0;0;0;0;0;0;0;0;0;0;0;0;0;0;0;0;0;0;0;0;0;0;0;0;0;0;0;0;0;d__Bacteria;Proteobacteria;Gammaproteobacteria;Cellvibrionales;Halieaceae;NA;NA
40d2b6bab160f074e2a9d541296dd530;1.33161195130948;0.734044197187452;0.15373227808461;0;0;0;0;0;0;0;0;0;0;0;0;0;0;0;0;0;0;0;0;0;0;0;0;0;0;0;0;0;0;d__Bacteria;Proteobacteria;Gammaproteobacteria;Cellvibrionales;Halieaceae;Halioglobus;NA
0b49fafba255128ce52127194e5db0e2;0;0;0;0;0;0;0;0.0154126743558787;0.0903393371351138;0.0173984906809334;0.0231489725417572;0.0214183212319818;0;0;0.0271229347015347;0.0179830958898635;0.0337428488166996;0;0.00647990150549712;0.00753238927387767;0.00469116497263487;0;0.00536200217161088;0.00712331889674037;0.0143382880084118;0.0144394854292465;0;0.287693830419004;0.120862887768432;0.0126267181355749;0;0.0194024058983314;0.00684134911404529;d__Bacteria;Proteobacteria;Alphaproteobacteria;Paracaedibacterales;Paracaedibacteraceae;uncultured;NA
1129fe4eda8e5099b5a907eead4ac04d;0.0762326324849379;0.041209498789471;0.0142344701930194;0;0;0;0;0;0;0.00434962267023336;0;0;0;0;0;0;0;0;0;0;0;0;0;0;0.00637257244818302;0;0.00549843294661022;0;0.00488334900074471;0;0;0;0;d__Bacteria;Proteobacteria;Alphaproteobacteria;Thalassobaculales;uncultured;uncultured;NA
4e033f07e10b872e1b18f8914015e927;0.0135251444731341;0.0154535620460516;0.00711723509650971;0;0;0;0;0;0;0;0;0;0;0;0;0;0;0;0;0;0;0;0;0;0;0;0;0;0;0;0;0;0;d__Bacteria;Proteobacteria;Alphaproteobacteria;Holosporales;Holosporaceae;uncultured;NA
4549656004161e3d3bf00ff54f3df29c;0.0479527849502029;0.0566630608355226;0;0.0073742687183521;0.0152253349573691;0;0;0;0.00941034761824102;0;0.0302717333238363;0.0107091606159909;0;0.00546881408766509;0;0.00799248706216157;0;0;0;0;0.00469116497263487;0.0106205028808114;0;0.0056986551173923;0;0;0.00439874635728817;0;0;0;0;0;0;d__Bacteria;Proteobacteria;Alphaproteobacteria;Azospirillales;Azospirillales_Incertae_Sedis;Stella;NA
7f8f2c791eeef80418972928b9d08620;0.0713143981310709;0.0437850924638129;0.0113875761544155;0;0;0;0;0;0;0;0;0;0;0;0;0;0;0;0;0;0;0;0;0;0;0;0;0;0;0;0;0;0;d__Bacteria;Proteobacteria;Alphaproteobacteria;Rickettsiales;AB1;AB1;NA
3713aa5a61d5ae08db14c45ce01e9d71;0;0;0.00996412913511359;0;0;0;0;0;0;0;0;0;0;0;0;0;0;0;0;0;0;0;0;0;0;0;0;0;0;0;0;0;0;d__Bacteria;Proteobacteria;Alphaproteobacteria;Reyranellales;Reyranellaceae;Reyranella;NA
210d13fdba4cb1d1452298df110c0617;0.195499815566212;0.141657652088806;0.00569378807720777;0;0;0;0;0;0;0;0;0;0;0;0;0;0;0;0;0;0;0;0;0;0;0;0;0;0;0;0;0;0;d__Bacteria;Proteobacteria;Alphaproteobacteria;Reyranellales;Reyranellaceae;uncultured;NA
d4d70971fc465020d97ef323c4a3dbd9;0.00491823435386696;0;0;0;0;0;0;0;0;0;0;0;0;0;0;0;0;0;0;0;0;0;0;0;0;0;0;0;0;0;0;0;0;d__Bacteria;Proteobacteria;Alphaproteobacteria;Defluviicoccales;uncultured;uncultured;NA
d315de4fb4c11b3e2671c72658f432fe;9.5081765646133;8.81625714727245;4.80128679610545;0.16469200137653;0.40347137637028;0;0;0;0;0;0;0;0.0838763791212336;0.0519537338328184;0.133354428949212;0.131876036525666;0.0490805073697449;0.101067370029827;0.0971985225824567;0.135583006929798;0.0953870211102424;0.134083848870244;0.174265070577354;0.0612605425119672;0.0143382880084118;0.0695720661590969;0.0626821355913565;0.116133289343451;0.0744710722613568;0.0559183231718316;0.0838850095220822;0.108099118576418;0.166472828441769;d__Bacteria;Proteobacteria;Alphaproteobacteria;Defluviicoccales;Defluviicoccaceae;Defluviicoccus;NA
1c7367a2d83f5da41cecdbe015cc2d62;0;0;0;0;0.0177628907835972;0;0;0;0;0;0;0;0;0;0;0;0;0;0;0;0;0;0;0;0;0;0;0;0;0;0;0;0;d__Bacteria;Proteobacteria;Alphaproteobacteria;Rhodospirillales;Rhodospirillaceae;Caenispirillum;NA
e585cfbd74c1e13a261d69e0f3548184;0;0;0;0;0;0.0062933982252617;0;0.0128438952965655;0;0;0;0;0;0;0;0;0;0;0;0;0;0;0;0;0;0;0.00219937317864409;0;0;0;0;0;0;d__Bacteria;Proteobacteria;Alphaproteobacteria;Rickettsiales;Rickettsiaceae;uncultured;NA
f23e94d3e8e2ea5090e1100fd5b5962a;0.0122955858846674;0;0;0;0;0;0;0;0;0;0;0;0;0;0;0;0;0;0;0;0;0;0;0;0;0;0;0;0;0;0;0;0;d__Bacteria;Proteobacteria;Alphaproteobacteria;Rickettsiales;SM2D12;SM2D12;NA
a0bf61154033d4be8ca74f58cb9ebdcd;0;0;0.0142344701930194;0;0;0.0671295810694581;0.0504187557771491;0;0;0;0;0;0;0;0;0;0;0;0;0;0;0;0;0;0;0;0;0;0;0;0.034007436292736;0.0055435445423804;0;d__Bacteria;Proteobacteria;Alphaproteobacteria;Azospirillales;Azospirillaceae;Azospirillum;NA
e8cef77ef630d1d154c529e45661a09c;0.186892905446945;0.0824189975789419;0.00996412913511359;0;0;0;0;0;0;0;0;0;0;0;0;0;0;0;0;0;0;0;0;0;0;0;0;0;0;0;0;0;0;d__Bacteria;Proteobacteria;Alphaproteobacteria;Kiloniellales;Fodinicurvataceae;uncultured;NA
7f0995b169367450e8b629d9e2e59d5d;0;0.00515118734868387;0;0;0;0;0;0;0;0;0;0;0;0;0;0;0;0;0;0;0;0;0;0;0;0;0;0;0;0;0;0;0;d__Bacteria;Proteobacteria;Alphaproteobacteria;Acetobacterales;Acetobacteraceae;uncultured;NA
771ed5d92ac7cf6c242c394d51bed6a5;0;0;0.0640551158685874;0.0614522393196008;0.043138449045879;0;0;0.0256877905931311;0.0169386257128338;0.067419151388617;0.0498593254745539;0.0107091606159909;0.0677463062133041;0.0669929725738973;0.0519856248446082;0.0899154794493176;0.0414116780932223;0.0517662139177164;0.058319113549474;0.0433112383247966;0.0172009382329945;0;0;0.0626852062913152;0;0.0262536098713573;0.0307912245010172;0.0488287693830419;0.0451709782568886;0.0360763375302139;0.0249387866146731;0.0110870890847608;0.0136826982280906;d__Bacteria;Proteobacteria;Alphaproteobacteria;Acetobacterales;Acetobacteraceae;Roseomonas;NA
d84192f3b6a8acd3c555f7f3e625fe65;0.125414976023608;0.0798434039046;0.0199282582702272;0.0147485374367042;0;0;0;0;0;0;0;0;0;0;0;0;0;0;0;0;0;0;0;0;0;0;0;0;0;0;0;0;0;d__Bacteria;Proteobacteria;Alphaproteobacteria;Tistrellales;Geminicoccaceae;uncultured;NA
15b80b4eccaf2695447a7f122b0f6993;0.0221320545924013;0.0231803430690774;0.00711723509650971;0;0;0;0;0;0;0;0;0;0;0;0;0;0;0;0;0;0;0;0;0;0;0;0;0;0;0;0;0;0;d__Bacteria;Proteobacteria;Alphaproteobacteria;Tistrellales;Geminicoccaceae;Candidatus_Alysiosphaera;NA
a7c57ac20b6af1acb9085f903106c92d;0;0;0;0;0;0;0;0;0;0;0;0;0;0;0;0;0;0;0.00647990150549712;0.00564929195540826;0.0156372165754496;0.0159307543212171;0.0214480086864435;0.019945292910873;0.00477942933613727;0.0105014439485429;0.0076978061252543;0.0197954470471792;0.0146500470022341;0.0144305350120856;0.0204044617756416;0.0110870890847608;0.00684134911404529;d__Bacteria;Proteobacteria;Alphaproteobacteria;Puniceispirillales;uncultured;uncultured;NA
c9b91855ebab73930fbbea660977913b;0.0258207303578015;0.0309071240921032;0;0;0.0507511165245635;0.0251735929010468;0;0;0;0;0;0.0128509927391891;0;0;0;0;0;0;0.0107998358424952;0.00941548659234709;0.00938232994526974;0.01858588004142;0.0187670076006381;0.0128219740141327;0.0270834329047778;0.0472564977684432;0.0329905976796613;0.0211151435169911;0.0256375822539097;0.0270572531476604;0.034007436292736;0.0194024058983314;0.0592916923217258;d__Bacteria;Proteobacteria;Alphaproteobacteria;Micavibrionales;uncultured;uncultured;NA
4baa27ce2e7b6c8f7a3c9ac2aa93bfd7;0.0172138202385344;0.0154535620460516;0;0.0860331350474411;0.0101502233049127;0.115378967463131;0.170863561244783;0.23119011533818;0.711422279939021;0.826428307344338;0.815556109548061;0.0856732849279273;0.232273049874185;0.218752563506604;0.311913749067649;0.219793394209443;0.17945060507063;0.172554046392388;0.0799187852344644;0.0979210605604098;0.0531665363565285;0.0331890715025356;0.0308315124867626;0.0128219740141327;0.0159314311204575;0.0328170123391966;0.0131962390718645;0.0145166611679314;0.0170917215026065;0;0.0068014872585472;0.0110870890847608;0.0273653964561812;d__Bacteria;Proteobacteria;Alphaproteobacteria;Rhodospirillales;uncultured;uncultured;NA
8961ae98d719665f9ef6248e2811cd2a;0.0418049920078692;0.0206047493947355;0;0.0245808957278403;0;0;0;0;0.112924171418892;0.0260977360214001;0.0961572705580683;0.00856732849279273;0.201625911349119;0.135353148669711;0.0519856248446082;0.0239774611864847;0.00613506342121812;0;0;0;0;0;0.0067025027145136;0;0;0;0;0;0;0;0;0;0;d__Bacteria;Proteobacteria;Alphaproteobacteria;Micavibrionales;Micavibrionaceae;uncultured;NA
8d5c5661ab38f9de15169363bfba46aa;0.0491823435386696;0.0540874671611807;0;0;0;0.0209779940842057;0;0;0;0;0;0;0;0;0;0;0;0;0;0;0;0;0;0;0;0;0;0;0;0;0;0;0;d__Bacteria;Proteobacteria;Alphaproteobacteria;Parvibaculales;Parvibaculaceae;Parvibaculum;NA
2e005e1ab0fe13b687ce4b3b0fa63abe;0.10943071437354;0.0746922165559161;0;0;0;0;0;0;0;0;0;0;0;0;0;0;0;0;0;0;0;0;0;0;0;0;0;0;0;0;0;0;0;d__Bacteria;Proteobacteria;Alphaproteobacteria;Caulobacterales;Parvularculaceae;Amphiplicatus;NA
62c5f1b4b9cd5cc7eed8ce57a7f0ef12;0.0061477929423337;0;0;0;0;0;0;0;0;0;0;0;0;0;0;0;0;0;0;0;0;0;0;0;0;0;0;0;0;0;0;0;0;d__Bacteria;Proteobacteria;Alphaproteobacteria;Sneathiellales;Sneathiellaceae;Sneathiella;NA
511316b52890639c88b13dbc8ad7e227;0.204106725685479;0.17256477618091;0.024198599328133;0;0;0;0;0;0;0;0;0;0;0;0;0;0;0;0;0;0;0;0;0;0;0;0;0;0;0;0;0;0;d__Bacteria;Proteobacteria;Alphaproteobacteria;Sphingomonadales;Sphingomonadaceae;Altererythrobacter;NA
2c7d866fb878dd6da38890183f10928f;0.122955858846674;0.0721166228815742;0.0128110231737175;0;0;0;0;0;0;0;0;0;0;0;0.00678073367538368;0;0;0;0;0;0;0;0.00804300325741632;0;0;0;0;0;0;0;0;0;0;d__Bacteria;Proteobacteria;Alphaproteobacteria;Sphingomonadales;Sphingomonadaceae;NA;NA
40aaeee2ca17944e79c54567451246bc;0.00491823435386696;0;0;0;0;0.0251735929010468;0.0364135458390521;0;0;0;0;0.0149928248623873;0;0;0;0;0;0;0;0;0;0.00796537716060856;0.00402150162870816;0.00997264645543652;0;0.00525072197427146;0.0153956122505086;0;0.0109875352516756;0;0;0;0.0136826982280906;d__Bacteria;Proteobacteria;Alphaproteobacteria;Sphingomonadales;Sphingomonadaceae;Sphingosinicella;NA
94ef6f4321cdc0d7db09c0c723e307fc;0.0110660272962007;0;0.327392814439447;0.0589941497468168;0.0329882257409663;0;0;0;0;0;0;0;0.00967804374475772;0;0;0.00799248706216157;0;0;0;0;0;0;0;0;0;0;0;0;0;0;0;0;0;d__Bacteria;Proteobacteria;Alphaproteobacteria;Sphingomonadales;Sphingomonadaceae;Sphingomonas;NA
ed6be6f35c692c6166ff8442f30ba282;0.0159842616500676;0;0.563685019643569;0;0;0;0;0;0;0.0239229246862835;0.00712276078207913;0.0128509927391891;0.0419381895606168;0.0109376281753302;0;0;0;0;0;0;0;0;0;0;0;0;0;0;0;0;0;0;0;d__Bacteria;Proteobacteria;Alphaproteobacteria;Sphingomonadales;Sphingomonadaceae;Sphingobium;NA
fb87462572fc5566450774faba6bb877;0;0;0.00854068211581165;0;0.0228380024360536;0.0188801946757851;0.0364135458390521;0.0154126743558787;0;0.0195733020160501;0.00890345097759892;0;0.00806503645396477;0;0;0.0159849741243231;0.00613506342121812;0;0;0.00941548659234709;0;0.01858588004142;0.00402150162870816;0.0128219740141327;0;0;0;0;0;0;0;0;0;d__Bacteria;Proteobacteria;Alphaproteobacteria;Sphingomonadales;Sphingomonadaceae;Novosphingobium;NA
de591a1c1111e5a4fb1078d988982659;0.00860691011926718;0;0.159426066161817;0.0983235829113613;0.0913520097442144;0.113281168054711;0.159659393294305;0.0693570346014539;0.0734007114222799;0.121789434766534;0.151358666619182;0.0257019854783782;0.07097232079489;0.0259768669164092;0;0;0.00766882927652265;0.0123252890280277;0;0.0112985839108165;0;0;0;0;0.00637257244818302;0;0;0;0;0;0.0068014872585472;0;0;d__Bacteria;Proteobacteria;Alphaproteobacteria;Sphingomonadales;Sphingomonadaceae;Sphingopyxis;NA
262259af1422a097100b3380887e9d04;0;0;0.232021864146216;0;0;0;0;0;0;0.0195733020160501;0;0;0;0.00410161056574882;0;0;0;0;0;0;0;0;0;0;0;0;0;0;0;0;0;0.013858861355951;0;d__Bacteria;Proteobacteria;Alphaproteobacteria;Sphingomonadales;Sphingomonadaceae;Blastomonas;NA
7854da004130b608c6b43e3741c5b925;0.122955858846674;0.0901457786019677;0.00996412913511359;0;0;0;0;0;0;0;0;0;0.0225821020711014;0.00546881408766509;0;0;0;0;0;0;0;0;0;0;0;0;0;0;0;0;0;0;0;d__Bacteria;Proteobacteria;Alphaproteobacteria;Sphingomonadales;Sphingomonadaceae;Erythrobacter;NA
6df01be392785b7c5e5e64515e6f56ae;0.0713143981310709;0.0592386545098645;0;2.87104862101175;1.6747868453106;0.608361828441964;0.55460631354864;0.395591975134219;0.082811059040521;0;0.211902133266854;0.0835314528047292;0.54035744241564;0.166798829673785;0.155956874533825;0.0659380182628329;0.0306753171060906;0.0369758670840831;0.0172797373479923;0.0244802651401024;0.0125097732603597;0.01858588004142;0.0348530141154707;0.0512878960565307;0.0462011502493269;0.0275662903649252;0.0274921647330511;0.0593863411415374;0.0708085605107983;0.0541145062953209;0.0544118980683776;0.0886967126780864;0.0752548402544982;d__Bacteria;Proteobacteria;Alphaproteobacteria;Caulobacterales;Hyphomonadaceae;Hyphomonas;NA
72dcbb984f483da885f474228138c569;0.147547030616009;0.115901715345387;0.0412799635597563;0;0;0;0;0;0;0;0;0;0;0;0;0;0;0;0;0.00564929195540826;0;0;0.00536200217161088;0;0;0;0;0;0;0;0;0;0;d__Bacteria;Proteobacteria;Alphaproteobacteria;Caulobacterales;Hyphomonadaceae;Hirschia;NA
9034a30d9db87b43b3d9966782f9c471;0.104512480019673;0.0669654355328903;0;0.0073742687183521;0.0609013398294762;0.0818141769284021;0.109240637517156;0.0333941277710704;0.00752827809459281;0;0.0462979450835144;0.14136092013108;0.0451642041422027;0.0328128845259905;0.0316434238184572;0;0.0138038926977408;0.0197204624448443;0;0.0338957517324495;0.0172009382329945;0.0584127658444627;0.0630035255164278;0.0683838614087075;0.078064012490242;0.0616959831976897;0.0538846428767801;0.121412075222699;0.122083725018618;0.106425195714131;0.147365557268523;0.146903930373081;0.148229230804315;d__Bacteria;Proteobacteria;Alphaproteobacteria;Caulobacterales;Hyphomonadaceae;SWB02;NA
7f2e9ebab27b8bb00747abc695d3cb76;0;0;0;0.174524359667666;0.26390580592773;1.73278231135539;2.27164505195933;0.344216393947957;0.306777332354657;0.369717926969835;0.0730082980163111;0.18848122684144;0.253242144654494;0.0820322113149763;0.0678073367538368;0.0719323835594541;0.0567493366462676;0.133113121502699;0.120958161435946;0.180777342573064;0.136043784206411;0.122135783129331;0.124666550489953;0.16241167084568;0.323408051745288;0.210028878970859;0.147358002969154;0.281095348069944;0.548155925333594;0.303041235253797;0.30833408905414;0.249459504407118;0.218923171649449;d__Bacteria;Proteobacteria;Alphaproteobacteria;Caulobacterales;Hyphomonadaceae;Glycocaulis;NA
26301148d144a89f65ded106c3c1fcfa;0;0.00772678102302581;0;0;0;0;0;0;0;0;0;0;0;0;0;0;0;0;0;0;0;0;0;0;0;0;0;0;0;0;0;0;0;d__Bacteria;Proteobacteria;Alphaproteobacteria;Rhizobiales;Beijerinckiaceae;NA;NA
08995258dcab3634cbbe385927d19c0b;0;0;2.80561407504413;0.567818691313111;0.416159155501421;0.717447397679834;0.941150107840117;0.822009298980195;0.50251256281407;2.12261586307388;0.779942305637665;0.199190387457431;0.598425704884186;0.415629870662547;0.266708857898425;0.247767098927009;0.230064878295679;0.209529913476471;0.183597209322418;0.186426634528472;0.0547302580140735;0.107532591668215;0.124666550489953;0.116822429906542;0.0685051538179675;0.0787608296140719;0.0395887172155936;0.0870999670075883;0.131850423020107;0.059525956924853;0.077083522263535;0.0997838017628472;0.0638525917310894;d__Bacteria;Proteobacteria;Alphaproteobacteria;Caulobacterales;Caulobacteraceae;Brevundimonas;NA
47d011cc4bf606d64d6b234fdd3cc9f8;0;0;0.0213517052895291;0.0221228061550563;0;0.0314669911263085;0.0420156298142909;0.00770633717793933;0;0;0;0.0278438176015764;0;0.00410161056574882;0;0.00999060882770196;0.00460129756591359;0;0;0.00564929195540826;0;0;0;0.00854798267608844;0;0;0.0076978061252543;0;0.00732502350111707;0;0;0;0;d__Bacteria;Proteobacteria;Alphaproteobacteria;Caulobacterales;Caulobacteraceae;Phenylobacterium;NA
52d6fae91fe613402b5eb064db422d2a;0;0;0.0128110231737175;0;0;0;0;0;0;0;0;0;0;0;0;0;0;0;0;0;0;0;0;0;0;0;0;0;0;0;0;0;0;d__Bacteria;Proteobacteria;Alphaproteobacteria;Caulobacterales;Caulobacteraceae;Caulobacter;NA
6829fcedab49f530667fa69ee76d6183;0.0147547030616009;0;0;0;0;0;0;0;0;0;0;0;0;0;0;0;0;0;0;0;0;0;0;0;0;0;0;0;0;0;0;0;0;d__Bacteria;Proteobacteria;Alphaproteobacteria;Caulobacterales;Caulobacteraceae;uncultured;NA
bc0b3b6456fe004855bb8a9698b46e53;0;0;0;32.631139078708;16.9889362565976;9.74427825211353;12.9128035629254;43.1914511032906;0.886454745638304;9.43433157173615;10.5826418319741;2.04330784553107;10.6313310536164;13.8579748981433;14.397757837398;17.7692968609507;16.6229543397905;25.9570586930264;26.4034386677322;25.7871346791202;19.0195465207193;29.3643629025834;33.9977747690988;38.8448826077046;48.9955232678551;51.2194801785245;59.0135811293781;52.659848234906;54.799721649107;53.6256719217865;46.835041262356;47.3723598869117;40.7790016191193;d__Bacteria;Proteobacteria;Alphaproteobacteria;Rhodobacterales;Rhodobacteraceae;Paracoccus;NA
3a75d2456f77c34edb40605af09221b2;0;0;0;0;0;0;0;0;0;0;0;0;0;0;0;0;0;0;0;0.00753238927387767;0;0;0;0;0;0;0;0;0;0.0234496193946391;0;0;0;d__Bacteria;Proteobacteria;Alphaproteobacteria;Caulobacterales;Caulobacteraceae;NA;NA
e792cb89e033d98b855b9f761e503d6b;0.673798106479774;0.443002111986813;0.697489039457951;2.2933975714075;0.89068209500609;0.11118336864629;0.13725105739335;0;0.0244669038074266;0.060894717383267;0.838705082089818;0.368395125190088;0.517775340344538;0.251565448032594;0.210202743936894;0.10190421004256;0.127302565990276;0.0517662139177164;0.0928785882454587;0.0546098222356131;0.0390930414386239;0.0677057058651727;0.0831110336599686;0.106849783451106;0.0302697191288693;0.0603833027041218;0.0670808819486446;0.0739030023094688;0.0988878172650804;0.0811717594429814;0.0317402738732203;0.0997838017628472;0.0456089940936353;d__Bacteria;Proteobacteria;Alphaproteobacteria;Rhodobacterales;Rhodobacteraceae;NA;NA
1a0366d950047362f4ce9bb20d8d5f1e;0.0196729374154678;0.0257559367434194;0;0;0;0;0;0;0;0;0;0;0;0;0;0;0;0;0;0;0;0;0;0;0;0;0;0;0;0;0;0;0;d__Bacteria;Proteobacteria;Alphaproteobacteria;Rhodobacterales;Rhodobacteraceae;Defluviimonas;NA
3c4c6cf579f0227f7450772f1746478b;0.0196729374154678;0;0.0113875761544155;0.34167445061698;0.266443361753959;0.226562336109421;0.240889610935268;0.166970638855352;0.728360905651855;1.38100519779909;0.261761458741408;1.09019255070788;0.162913736370088;0.10254026414372;0.151436385416902;0.117889184166883;0.12883633184558;0.0764167919737718;0.058319113549474;0.0320126544139801;0;0;0.00938350380031904;0.0156713015728288;0;0;0;0;0;0;0;0;0;d__Bacteria;Proteobacteria;Alphaproteobacteria;Rhodobacterales;Rhodobacteraceae;uncultured;NA
cf2f24d22e9155cfa990cb7f2a39acda;0;0;0.00427034105790582;0.0122904478639202;0;0;0;0;0;0;0;0;0;0;0.0090409782338449;0;0;0;0;0;0;0;0;0;0;0;0;0;0;0;0;0;0;d__Bacteria;Proteobacteria;Alphaproteobacteria;Rhodobacterales;Rhodobacteraceae;Rhodobacter;NA
41efb536fe2cecb6c890abaa6f708313;0;0;0;0.562902512167543;0.218229801055623;0.153139356814701;0.173664603232402;0.395591975134219;0.948563039918695;1.34403340510211;0.909932689910609;0.254878022660584;0.246790115491322;0.108009078231386;0.0949302714553715;0.0599436529662118;0.026074019540177;0.027115635861661;0.0172797373479923;0.0188309731846942;0.0156372165754496;0.0331890715025356;0.0589820238877197;0.0626852062913152;0.0254902897927321;0.0157521659228144;0.0296915379116952;0.0277136258660508;0.0183125587527927;0.041487788159746;0.0385417611317675;0.0776096235933256;0.0273653964561812;d__Bacteria;Proteobacteria;Alphaproteobacteria;Rhodobacterales;Rhodobacteraceae;Amaricoccus;NA
28c2b69bb7c6b3d66d8be110b2d8f26e;0;0;0.00711723509650971;1.57809350572735;0.756191636215997;4.2732173949527;3.03072743060418;0.315959824295512;1.13112378371257;2.29007633587786;0.625022258627444;0.222750540812611;0.766178463126653;0.477154029148779;0.305133015392265;0.139868523587827;0.113498673292535;0.0640915029457441;0.0302395403589865;0.058376016872552;0.0109460516028147;0.0238961314818257;0.0415555168299843;0.0683838614087075;0.0254902897927321;0.0105014439485429;0.0076978061252543;0.0131969646981194;0;0.0162343518885963;0;0.0166306336271412;0;d__Bacteria;Proteobacteria;Alphaproteobacteria;Rhodobacterales;Rhodobacteraceae;Gemmobacter;NA
d1be5ae174e389d6760d73d74b70b9e8;0.110660272962007;0.0875701849276258;0;0;0;0;0;0;0;0;0;0;0;0;0;0;0;0;0;0;0;0;0;0;0;0;0;0;0;0;0;0;0;d__Bacteria;Proteobacteria;Alphaproteobacteria;Rhodobacterales;Rhodobacteraceae;Thioclava;NA
6ac5097c89f6f54b8135f83e977ca012;0;0;0.00569378807720777;22.4546482473821;39.2864393016646;19.2473095722587;18.6913531833842;39.4769965835238;66.6346714847647;39.51632195907;44.7523059938032;59.4122812653944;53.2340796180399;55.5289710426294;52.6501367447958;50.2987192039483;54.2416294728447;42.8402396036187;41.9098429703869;40.0967912021693;45.2447224394058;28.4018798290099;26.4279682033271;16.4776612719398;4.18996638468034;2.52559726962457;2.08940451971188;1.3922797756516;1.48820060797695;0.817129045059346;0.417157885190895;0.573756860136371;0.456089940936353;d__Bacteria;Proteobacteria;Alphaproteobacteria;Alphaproteobacteria_Incertae_Sedis;Unknown_Family;Neomegalonema;NA
d48c0bac7cbe2ffb7fa2eb23949d23ef;0.602483708348703;0.314222428269716;0.101064738370438;0;0;0;0;0;0;0;0;0;0;0;0;0;0;0;0;0;0;0;0;0;0;0;0;0;0;0;0;0;0;d__Bacteria;Proteobacteria;Alphaproteobacteria;Rhizobiales;Methyloligellaceae;Methyloceanibacter;NA
fe9ac8dac0d61a452d56b59868253588;0.125414976023608;0.0824189975789419;0.0298923874053408;0;0;0;0;0;0;0;0;0;0;0;0;0;0;0;0;0;0;0;0;0;0;0;0;0;0;0;0;0;0;d__Bacteria;Proteobacteria;Alphaproteobacteria;Rhizobiales;Methyloligellaceae;NA;NA
a0130d47aba0f5a5481c1ad99bd26133;0;0;0;0;0;0.318865510079926;0.266098988823842;0;0;0;0;0;0;0;0;0;0;0;0;0;0;0;0;0;0;0;0;0;0.00244167450037236;0;0;0;0;d__Bacteria;Proteobacteria;Alphaproteobacteria;Rhizobiales;Stappiaceae;Pannonibacter;NA
4e72ad7c1faad2dca89c11075e19a49f;0;0;0;0.11553020992085;0.428846934632562;14.630053074325;12.657908742052;0.606231857997894;2.15308753505354;1.51366868924121;0.459418070444104;1.44145301891238;0.304858377959868;0.319925624128408;0.219243722170739;0.127879792994585;0.168714244083498;0.147903468336332;0.138237898783938;0.0828562820126544;0.0406567630961689;0.107532591668215;0.105899542889315;0.106849783451106;0.0637257244818302;0.068259385665529;0.0527849562874581;0.0778620917189047;0.0708085605107983;0.101013745084599;0.0906864967806294;0.171849880813792;0.102620236710679;d__Bacteria;Proteobacteria;Alphaproteobacteria;Rhizobiales;Stappiaceae;Stappia;NA
8330b52e00f8eff42512978e083d0e99;0.249600393458748;0.278164116828929;0.167966748277629;0;0;0;0;0;0;0;0;0;0;0;0;0;0;0;0;0;0;0;0;0;0;0;0;0;0;0;0;0;0;d__Bacteria;Proteobacteria;Alphaproteobacteria;Rhizobiales;Hyphomicrobiaceae;NA;NA
f333aaf92d1ae109492a138cef0acbc6;3.70220090987336;3.25039921701952;2.13517052895291;0.0565360601740327;0.0329882257409663;0;0;0;0;0;0;0;0;0;0;0;0;0;0;0;0;0;0;0;0;0;0;0;0;0;0;0;0;d__Bacteria;Proteobacteria;Alphaproteobacteria;Rhizobiales;Hyphomicrobiaceae;Hyphomicrobium;NA
9e4cfeada9181d104bac0f5cca1895d4;0.0233616131808681;0.0206047493947355;0;0;0;0;0;0;0;0;0;0;0;0;0;0;0;0;0;0;0;0;0;0;0;0;0;0;0;0;0;0;0;d__Bacteria;Proteobacteria;Alphaproteobacteria;Rhizobiales;Hyphomicrobiaceae;Filomicrobium;NA
241693a03d133f908cb6af9fe172911a;0.0270502889462683;0.0257559367434194;0.0170813642316233;0;0;0;0;0;0;0;0;0;0;0;0;0;0;0;0;0;0;0;0;0;0;0;0;0;0;0;0;0;0;d__Bacteria;Proteobacteria;Alphaproteobacteria;Rhizobiales;Rhizobiales_Incertae_Sedis;uncultured;NA
cc4396765b2d72bc11ae7695220fda03;0.0172138202385344;0.0206047493947355;0.0142344701930194;0;0;0;0;0;0;0;0;0;0;0;0;0;0;0;0;0;0;0;0;0;0;0;0;0;0;0;0;0;0;d__Bacteria;Proteobacteria;Alphaproteobacteria;Rhizobiales;Rhizobiales_Incertae_Sedis;Nordella;NA
ecebcf219660ad7df10a4d41e8fd2cec;0.252059510635682;0.149384433111832;0.177930877412743;0.0516198810284647;0.0456760048721072;0.0230757934926262;0.0448166718019103;0.100182383313211;0.0734007114222799;0.0804680193993171;0.113964172513266;0.0535458030799546;0.0193560874895154;0.0109376281753302;0.020342201026151;0.0139868523587827;0.0168714244083498;0.0443710405008997;0.0453593105384798;0.0320126544139801;0.0265832681782643;0.080981334466187;0.0522795211732061;0.0726578527467518;0.0159314311204575;0.0170648464163823;0.0131962390718645;0.0316727152754866;0.0305209312546544;0.0234496193946391;0.0272059490341888;0.0332612672542824;0.0114022485234088;d__Bacteria;Proteobacteria;Alphaproteobacteria;Rhizobiales;Hyphomicrobiaceae;Pedomicrobium;NA
d640a2763f47b268e7bc535b1d6d086f;0.0110660272962007;0;0;0;0;0;0;0;0;0;0;0;0;0;0;0;0;0;0;0;0;0;0;0;0;0;0;0;0;0;0;0;0;d__Bacteria;Proteobacteria;Alphaproteobacteria;Rhizobiales;Hyphomicrobiaceae;uncultured;NA
1af9b68b35c9025b6feb45395266b1f1;0.151235706381409;0.149384433111832;0.129533678756477;0;0;0;0;0;0;0;0;0;0;0;0;0;0;0;0;0;0;0;0;0;0;0;0;0;0;0;0;0;0;d__Bacteria;Proteobacteria;Alphaproteobacteria;Rhizobiales;Xanthobacteraceae;Pseudorhodoplanes;NA
fc7507ade7514ba72595b661b5af8157;0.185663346858478;0.185442744552619;0.123839890679269;0;0;0;0;0;0;0;0;0;0;0;0;0;0;0;0;0;0;0;0;0;0;0;0;0;0;0;0;0;0;d__Bacteria;Proteobacteria;Alphaproteobacteria;Rhizobiales;NA;NA;NA
9f9b8ec2cfa6ae22d5c132c86ddc2eb0;1.00700848395426;0.906608973368361;0.482548539543358;0;0;0;0;0;0;0;0;0;0;0;0;0;0;0;0;0;0;0;0;0;0;0;0;0;0;0;0;0;0;d__Bacteria;Proteobacteria;Alphaproteobacteria;Rhizobiales;Xanthobacteraceae;NA;NA
a45b2fe0c6b9353fb32f049d6e629f0a;1.97835976884299;1.89306135064132;0.790013095712578;0;0;0;0;0;0;0;0;0;0;0;0;0;0;0;0;0;0;0;0;0;0;0;0;0;0;0;0;0;0;d__Bacteria;Proteobacteria;Alphaproteobacteria;Rhizobiales;Xanthobacteraceae;Xanthobacteraceae;NA
9ab796ef43a987553c08939c80e521e3;0.00737735153080044;0;0.0313158344246427;0.0663684184651689;0.0913520097442144;0;0;0;0.0376413904729641;0.0434962267023336;0.0302717333238363;0;0;0;0;0;0;0;0;0;0;0;0;0;0;0;0;0;0;0;0;0;0;d__Bacteria;Proteobacteria;Alphaproteobacteria;Rhizobiales;Rhizobiales_Incertae_Sedis;Phreatobacter;NA
31c5d6d689fe24ec7157fa1c0783fbd4;0;0;0.00569378807720777;0;0;0;0;0;0;0;0;0;0;0;0;0;0;0;0;0;0;0;0;0;0;0;0;0;0;0;0;0;0;d__Bacteria;Proteobacteria;Alphaproteobacteria;Rhizobiales;Beijerinckiaceae;Methylobacterium-Methylorubrum;NA
b24aadee9a22976aeff52f5c5b8dd79f;0.0700848395426042;0.0566630608355226;0.176507430393441;0.0860331350474411;0;0.014684595858944;0;0.110457499550464;0.0207027647601302;0.0326221700267502;0;0;0;0.00410161056574882;0;0;0;0;0;0;0;0;0.00268100108580544;0;0;0;0;0;0.00610418625093089;0;0.00906864967806294;0;0;d__Bacteria;Proteobacteria;Alphaproteobacteria;Rhizobiales;Beijerinckiaceae;Bosea;NA
8a281ef9ec1e3fd698db2de706ff8151;0;0;0;0;0;0.0167823952673645;0.0196072939133358;0;0.0131744866655374;0;0;0.0107091606159909;0.00645202916317182;0;0;0;0;0;0;0;0;0;0;0;0;0;0;0;0;0;0;0;0;d__Bacteria;Proteobacteria;Alphaproteobacteria;Rhizobiales;Xanthobacteraceae;Xanthobacter;NA
6c16fb1695ab304f929d19b0958f5475;0.00737735153080044;0;0;0;0;0;0;0;0;0;0;0;0;0;0;0;0;0;0;0;0;0;0;0;0;0;0;0;0;0;0;0;0;d__Bacteria;Proteobacteria;Alphaproteobacteria;Rhizobiales;Pleomorphomonadaceae;uncultured;NA
0383adbe460f296e90cdc4fd77fa1d67;0.314766998647486;0.213774274970381;0.123839890679269;0.0221228061550563;0.0203004466098254;0.0125867964505234;0;0;0;0;0;0;0;0;0;0;0;0;0;0;0;0;0;0;0;0;0;0;0;0;0;0;0;d__Bacteria;Proteobacteria;Alphaproteobacteria;Rhizobiales;Xanthobacteraceae;Pseudolabrys;NA
38849a561a763e516b944a25f5f448df;0.124185417435141;0.14680883943749;0.233445311165518;0;0;0;0;0;0;0;0;0;0;0;0;0;0;0;0;0;0;0;0.00804300325741632;0;0;0;0;0.0118772682283075;0;0;0;0;0;d__Bacteria;Proteobacteria;Alphaproteobacteria;Rhizobiales;Xanthobacteraceae;Rhodopseudomonas;NA
fb75fa1fac5ad54c9d64c653e50a7126;0.134021886142875;0.0798434039046;0.0626316688492854;0;0;0;0;0;0;0;0;0;0;0;0;0;0;0;0;0;0;0;0;0;0;0;0;0;0;0;0;0;0;d__Bacteria;Proteobacteria;Alphaproteobacteria;Rhizobiales;Xanthobacteraceae;Bradyrhizobium;NA
fd3c3c1426c5489510332fed6a55d633;0.00983646870773392;0;0.00427034105790582;0;0;0;0;0;0;0;0;0;0;0;0;0;0;0;0;0;0;0;0;0;0;0;0;0;0;0;0;0;0;d__Bacteria;Proteobacteria;Alphaproteobacteria;Rhizobiales;Beijerinckiaceae;uncultured;NA
5984a30bcb8d1cbd12c9a10f758f2d48;0.488134759621296;0.445577705661155;0.175083983374139;0;0;0;0;0;0;0;0;0;0;0;0;0;0;0;0;0;0;0;0;0;0;0;0;0;0;0;0;0;0;d__Bacteria;Proteobacteria;Alphaproteobacteria;Rhizobiales;Xanthobacteraceae;uncultured;NA
bac23edb753a2265e518bc5a1f4b144a;0.124185417435141;0.103023746973677;0.193588794625064;0;0.225842468534308;0.545427846189347;0.683454244979132;0.0411004649490097;0.0941034761824102;0.0630695287183837;0.0195875921507176;0;0.07097232079489;0.045117716223237;0.0339036683769184;0.0259755829520251;0.0306753171060906;0.0295806936672665;0.0604790807179731;0.0395450436878578;0.0328381548084441;0.0384993229429413;0.0308315124867626;0.0327672669250057;0.0669120107059217;0.0853242320819113;0.0483862099301699;0.0488287693830419;0.075691909511543;0.0324687037771925;0.0476104108098304;0.0304894949830922;0.0615721420264076;d__Bacteria;Proteobacteria;Alphaproteobacteria;Rhizobiales;Devosiaceae;Devosia;NA
096bfeb44c5a1f2aa39de71a191cc545;0.0122955858846674;0;0;0;0;0;0;0;0;0;0;0;0;0;0;0;0;0;0;0;0;0;0;0;0;0;0;0;0;0;0;0;0;d__Bacteria;Proteobacteria;Alphaproteobacteria;Rhizobiales;Devosiaceae;NA;NA
e5ce19deea9d46d83dc40b420b4d271a;0.00368867576540022;0;0;0;0;0;0;0;0;0;0;0;0;0;0;0;0;0;0;0;0;0;0;0;0;0;0;0;0;0;0;0;0;d__Bacteria;Proteobacteria;Alphaproteobacteria;Rhizobiales;Methyloligellaceae;uncultured;NA
6a1f1d73040e5a83a6ebce27b3aae66f;0.132792327554408;0.0437850924638129;0.0170813642316233;0;0;0;0;0;0;0;0;0;0;0;0;0;0;0;0;0;0;0;0;0;0;0;0;0;0;0;0;0;0;d__Bacteria;Proteobacteria;Alphaproteobacteria;Rhizobiales;uncultured;uncultured;NA
eebe2585b765e59dc555b8ad4e41d942;0.115578507315874;0.113326121671045;0.0626316688492854;0;0;0;0;0.0128438952965655;0;0;0.0213682823462374;0;0;0;0;0;0;0;0;0;0;0;0;0;0;0;0;0.0131969646981194;0;0;0;0;0;d__Bacteria;Proteobacteria;Alphaproteobacteria;Rhizobiales;Rhizobiales_Incertae_Sedis;Bauldia;NA
b6ae99fbd87ea50d6d3d41d2455fb5e7;0.0405754334194024;0.0618142481842065;0.0113875761544155;0.00491617914556806;0;0;0;0;0.0263489733310748;0;0;0;0.00322601458158591;0.00273440704383254;0.0113012227923061;0;0;0;0;0.00376619463693884;0;0.00929294002070998;0;0;0;0.0039380414807036;0.00329905976796613;0.00527878587924777;0.00976669800148942;0;0;0.013858861355951;0.0205240473421359;d__Bacteria;Proteobacteria;Alphaproteobacteria;NA;NA;NA;NA
35b3caaa4fa3213044c93622887005d7;0.242223041927948;0.198320712924329;0.111028867505551;0;0;0;0;0;0;0;0;0;0;0;0;0;0;0;0;0;0;0;0;0;0;0;0;0;0;0;0;0;0;d__Bacteria;Proteobacteria;Alphaproteobacteria;uncultured;uncultured;uncultured;NA
f08b4108149b06cc52c1cc1e1b8d7e69;0.0209024960039346;0;0;0;0;0;0;0;0;0;0;0;0;0;0;0;0;0;0;0;0;0;0;0;0;0;0;0;0;0;0;0;0;d__Bacteria;Proteobacteria;Alphaproteobacteria;Rhizobiales;Beijerinckiaceae;Methylocystis;NA
80b66e6e3155bf83c5b274bd329fabd2;0.0528710193040698;0.0360583114407871;0.0412799635597563;0;0;0;0;0;0;0;0;0;0;0;0;0;0;0;0;0;0;0;0;0;0;0;0;0;0;0;0;0;0;d__Bacteria;Proteobacteria;Alphaproteobacteria;Rhizobiales;Beijerinckiaceae;alphaI_cluster;NA
351cd086330fdb31fdb8770e1cf03d2f;0.0885282183696053;0.0566630608355226;0.0270454933667369;0;0;0;0;0;0;0;0;0;0;0;0;0;0;0;0;0;0;0;0;0;0;0;0;0;0;0;0;0;0;d__Bacteria;Proteobacteria;Alphaproteobacteria;Rhizobiales;Methyloligellaceae;Rhodobium;NA
efb31663f2e0ffb978f562b1670c61db;0.120496741669741;0.100448153299335;0.0569378807720777;0;0;0;0;0;0;0;0;0;0;0;0;0;0;0;0;0;0;0;0;0;0;0;0;0;0;0;0;0;0;d__Bacteria;Proteobacteria;Alphaproteobacteria;Rhizobiales;Rhodobiaceae;Tepidamorphus;NA
9dc01b4eeda08ebbc77313c350be6fde;0.459854912086561;0.337402771338794;0.448385811080112;0.344132540189765;0.451684937068616;0.272713923094674;0.271701072799081;0.166970638855352;0.0112924171418892;0;0.024929662737277;0.0728222921887382;0;0.00546881408766509;0;0;0.0291415512507861;0.0468360983065053;0;0;0;0.00796537716060856;0;0;0;0.00656340246783933;0;0.00263939293962389;0;0;0;0.0388048117966628;0;d__Bacteria;Proteobacteria;Alphaproteobacteria;Rhizobiales;Rhizobiaceae;NA;NA
415dccbcdc449a444c1e1621973ca624;0;0;0;0;0;0.0272713923094674;0.0280104198761939;0;0;0;0;0;0;0;0;0;0;0;0;0;0;0;0;0;0;0;0;0;0;0;0;0;0;d__Bacteria;Proteobacteria;Alphaproteobacteria;Rhizobiales;Rhizobiaceae;Chelativorans;NA
ba6e05199e4f15ca4603438e1120ddb8;0.389770072543957;0.316798021944058;0.419916870694073;0.221228061550563;0.147178237921234;0.188801946757851;0.0840312596285818;0.218346220041614;0.229612481885081;0.328396511602618;0.439830478293387;0.126368095268693;0.156461707206917;0.10254026414372;0.122053206156906;0.0739305053249945;0.0598168683568766;0.133113121502699;0.0971985225824567;0.137466104248268;0.0922595777951525;0.142049226030853;0.150136060805105;0.156713015728288;0.084436584938425;0.0932003150433185;0.120965524825425;0.13592873639063;0.115979538767687;0.101013745084599;0.104289471297724;0.149675702644271;0.0843766390732252;d__Bacteria;Proteobacteria;Alphaproteobacteria;Rhizobiales;Rhizobiaceae;Mesorhizobium;NA
1c866d4eb4f983d8b558f66d7b0728f2;0.154924382146809;0.162262401483542;0.276148721744577;0.179440538813234;0.124340235485181;0;0;0;0;0;0;0;0;0;0;0;0;0;0;0;0;0;0;0;0;0;0;0;0;0;0;0;0;d__Bacteria;Proteobacteria;Alphaproteobacteria;Rhizobiales;Rhizobiaceae;Ensifer;NA
5aeb428feaa7fd9d8de10df4dea7da82;0;0.0257559367434194;0.136650913852986;0.265473673860675;0.109114900527812;0.0587383834357759;0.0224083359009552;0;0;0;0;0;0;0;0;0;0;0;0;0.0150647785477553;0.00781860828772478;0;0.0067025027145136;0;0;0;0;0;0;0;0;0;0;d__Bacteria;Proteobacteria;Alphaproteobacteria;Rhizobiales;Rhizobiaceae;Allorhizobium-Neorhizobium-Pararhizobium-Rhizobium;NA
81ef04fc448a46c418860d949afca5be;0;0;0;0.0516198810284647;0;0;0;0;0;0;0;0;0;0;0;0;0;0;0;0;0;0;0;0;0;0;0;0;0;0;0;0;0;d__Bacteria;Proteobacteria;Alphaproteobacteria;Rhizobiales;Rhizobiaceae;Shinella;NA
f4eb33a61d3bc49534cb7e58ec602af0;0;0;0;0;0;0;0;0;0;0;0;0.0257019854783782;0;0;0;0;0;0;0;0;0;0;0;0;0;0;0;0;0;0;0;0;0;d__Bacteria;Proteobacteria;Alphaproteobacteria;Rhizobiales;Rhizobiaceae;Rhizobiaceae;NA
6fb0502f2859604e5e9f2b869108d165;0;0;0.0170813642316233;0;0.0177628907835972;0;0;0;0;0;0.0106841411731187;0;0.0129040583263436;0;0.0158217119092286;0;0.00766882927652265;0;0.0323995075274856;0.0301295570955107;0.0125097732603597;0.0172583171813185;0.024129009772249;0.0284932755869615;0.0191177173445491;0.0118141244421108;0.0076978061252543;0.0263939293962389;0.020754233253165;0;0;0.0249459504407118;0.0114022485234088;d__Bacteria;Proteobacteria;Alphaproteobacteria;Rhizobiales;Rhizobiaceae;Hoeflea;NA
b10a6cb02d02cd68f5ec0238e1ac530b;0.0258207303578015;0.041209498789471;0;0;0;0;0;0;0;0;0;0;0;0;0;0;0;0;0;0;0;0;0;0;0;0;0;0;0;0;0;0;0;d__Bacteria;Proteobacteria;Alphaproteobacteria;Rhizobiales;Rhizobiaceae;Pseudahrensia;NA
822205346f490cafad9e55f44e83fce6;0;0;0;0;0;0.0167823952673645;0.0168062519257164;0.113026278609777;0.0677545028513353;0.0152236793458168;0;0;0;0;0;0;0;0;0;0;0;0;0;0.00997264645543652;0;0;0.00549843294661022;0;0.0122083725018618;0;0.00453432483903147;0.0221741781695216;0.0159631479327723;d__Bacteria;Proteobacteria;Alphaproteobacteria;Rhizobiales;Rhizobiaceae;Nitratireductor;NA
dcf5d6f2a7e2565d050abccad802513c;0.0356571990655355;0.0334827177664452;0.0284689403860388;0;0;0;0;0;0;0;0;0;0;0;0;0;0;0;0;0;0;0;0;0;0;0;0;0;0;0;0;0;0;d__Bacteria;Proteobacteria;Alphaproteobacteria;Rhizobiales;Rhizobiaceae;Oricola;NA
8e6a273395c4de795e498053439f1d60;0.0725439567195377;0.0592386545098645;0.18362466548995;0;0.0203004466098254;0;0;0;0;0;0;0;0;0;0;0;0;0;0;0;0;0;0;0;0;0;0;0;0;0;0;0;0;d__Bacteria;Proteobacteria;Alphaproteobacteria;Rhizobiales;Rhizobiaceae;Aminobacter;NA
