"";"N1";"N2";"N3";"N4";"N5";"N6";"N7";"N8";"N9";"N10";"N11";"N12";"S1";"S2";"S3";"S4";"S5";"S6";"S7";"S8";"S9";"S10";"S11";"S12";"S13";"S14";"S15";"S16";"S17";"S18";"S19";"S20";"S21";"S22";"Kingdom";"Phylum";"Class";"Order";"Family";"Genus";"Species"
"cccecb01ba7e6a521d1ec7483618a193";"0";"0";"0";"0";"64";"0";"2";"0";"0";"0";"0";"0";"0";"0";"0";"0";"0";"0";"0";"0";"0";"0";"0";"0";"0";"0";"0";"0";"0";"0";"0";"0";"0";"0";"d__Archaea";"Euryarchaeota";"Methanobacteria";"Methanobacteriales";"Methanobacteriaceae";"Methanobrevibacter";NA
"33f585e0166518f7896eb81d89947156";"0";"0";"0";"0";"0";"0";"0";"0";"0";"0";"0";"0";"0";"3";"0";"0";"8";"0";"4";"0";"0";"0";"0";"0";"0";"0";"0";"0";"0";"0";"0";"0";"0";"0";"d__Archaea";"Nanoarchaeota";"Nanoarchaeia";"Woesearchaeales";"SCGC_AAA286-E23";"SCGC_AAA286-E23";NA
"b56267d3a5890dccfd7b02b7ef2c43be";"3";"0";"0";"0";"0";"0";"0";"0";"0";"0";"0";"0";"0";"0";"0";"0";"0";"0";"0";"0";"0";"0";"0";"0";"0";"0";"0";"0";"0";"0";"0";"0";"0";"0";"d__Archaea";"Halobacterota";"Methanomicrobia";"Methanomicrobiales";"Methanospirillaceae";"Methanospirillum";NA
"880f6f4d8241e8e37e93c3166520720e";"51";"41";"13";"0";"0";"0";"0";"0";"0";"0";"0";"0";"0";"0";"0";"0";"0";"0";"0";"0";"0";"0";"0";"0";"0";"0";"0";"0";"0";"0";"0";"0";"0";"0";"d__Archaea";"Halobacterota";"Methanosarcinia";"Methanosarciniales";"Methanosarcinaceae";"Methanolobus";NA
"a5181122cc4336d8d024d9200b0c38d9";"8";"0";"0";"0";"0";"0";"0";"0";"0";"0";"0";"0";"0";"0";"0";"0";"0";"0";"0";"0";"0";"0";"0";"0";"0";"0";"0";"0";"0";"0";"0";"0";"0";"0";"d__Archaea";"Halobacterota";"Methanosarcinia";"Methanosarciniales";"Methanosaetaceae";"Methanosaeta";NA
"bb975b0bcf1220a3f63e1b633e9041be";"0";"0";"0";"5";"0";"0";"0";"0";"0";"0";"0";"0";"6";"0";"2";"0";"0";"0";"0";"0";"0";"0";"0";"0";"0";"0";"0";"0";"0";"0";"0";"0";"0";"0";"d__Bacteria";"Planctomycetota";"vadinHA49";"vadinHA49";"vadinHA49";"vadinHA49";NA
"be5055a0b8bb85aa0303b40d93b94843";"34";"13";"2";"0";"0";"0";"0";"0";"0";"0";"0";"0";"0";"0";"0";"0";"0";"0";"0";"0";"0";"0";"0";"0";"0";"0";"0";"0";"0";"0";"0";"0";"0";"0";"d__Bacteria";"Planctomycetota";"Phycisphaerae";"S-70";"S-70";"S-70";NA
"29984e8a1cac03e89d6081ef2bd161b5";"59";"29";"0";"0";"0";"0";"0";"0";"0";"0";"0";"0";"0";"0";"0";"0";"0";"0";"0";"0";"0";"0";"0";"0";"0";"0";"0";"0";"0";"0";"0";"0";"0";"0";"d__Bacteria";"Planctomycetota";"Phycisphaerae";"mle1-8";"mle1-8";"mle1-8";NA
"906dba0de38ce5dcb841a4ad4474d9e8";"602";"709";"65";"12";"259";"571";"648";"295";"102";"64";"51";"10";"27";"16";"28";"14";"19";"82";"73";"172";"275";"542";"530";"522";"0";"286";"503";"690";"338";"539";"199";"275";"264";"305";"d__Bacteria";"Planctomycetota";"Phycisphaerae";"Phycisphaerales";"Phycisphaeraceae";"SM1A02";NA
"0d34ff72d4440523f93caa865feb12db";"0";"0";"0";"0";"0";"0";"0";"0";"0";"0";"0";"0";"0";"0";"0";"0";"0";"0";"0";"0";"0";"0";"0";"0";"0";"0";"0";"2";"0";"0";"0";"0";"3";"7";"d__Bacteria";"Planctomycetota";"Phycisphaerae";"Tepidisphaerales";"WD2101_soil_group";"WD2101_soil_group";NA
"96b7b1be9af3f200f2f6109c525dfd35";"5";"3";"0";"0";"0";"0";"0";"0";"0";"0";"0";"0";"0";"0";"0";"0";"0";"0";"0";"0";"0";"0";"0";"0";"0";"0";"0";"0";"0";"0";"0";"0";"0";"0";"d__Bacteria";"Planctomycetota";"Phycisphaerae";"Phycisphaerales";"Phycisphaeraceae";"uncultured";NA
"f8a4ed498593475c20a9bd5a8cf846a6";"22";"10";"0";"0";"0";"0";"0";"0";"0";"0";"0";"0";"0";"0";"0";"0";"0";"0";"0";"0";"0";"0";"0";"0";"0";"0";"0";"0";"0";"0";"0";"0";"0";"0";"d__Bacteria";"Planctomycetota";"Phycisphaerae";"Phycisphaerales";"Phycisphaeraceae";"Urania-1B-19_marine_sediment_group";NA
"b13bacadd1a01f4b4eba36f560f5a924";"9";"5";"0";"0";"0";"0";"0";"0";"0";"0";"0";"0";"0";"0";"0";"0";"0";"0";"0";"0";"0";"0";"0";"0";"0";"0";"0";"0";"0";"0";"0";"0";"0";"0";"d__Bacteria";"Planctomycetota";"Planctomycetes";"Planctomycetales";"Gimesiaceae";"uncultured";NA
"8f63fcd7195729c789c124c904eada41";"60";"29";"16";"0";"0";"0";"0";"0";"0";"0";"0";"0";"0";"0";"0";"0";"0";"0";"0";"0";"0";"0";"0";"0";"0";"0";"0";"0";"0";"0";"0";"0";"0";"0";"d__Bacteria";"Planctomycetota";"Planctomycetes";"Planctomycetales";NA;NA;NA
"acece85c98912e1b93cc4bde065235fa";"32";"13";"18";"0";"0";"0";"0";"0";"0";"0";"0";"0";"0";"0";"0";"0";"0";"0";"0";"0";"0";"0";"0";"0";"0";"0";"0";"0";"0";"0";"0";"0";"0";"0";"d__Bacteria";"Planctomycetota";"Planctomycetes";"Planctomycetales";"uncultured";"uncultured";NA
"eacf3d9cd4c2c228396827e0826f8faa";"23";"23";"0";"14";"0";"0";"0";"0";"0";"0";"0";"0";"0";"0";"0";"0";"0";"0";"0";"0";"0";"0";"0";"0";"0";"0";"0";"0";"0";"0";"0";"0";"0";"0";"d__Bacteria";"Planctomycetota";"Planctomycetes";"Planctomycetales";"Schlesneriaceae";"Planctopirus";NA
"6aea2d960908f4f38287bb0612f34669";"30";"14";"11";"0";"56";"23";"14";"47";"3";"0";"27";"57";"164";"119";"118";"86";"14";"45";"38";"54";"18";"41";"51";"23";"0";"4";"2";"4";"0";"0";"0";"0";"0";"0";"d__Bacteria";"Planctomycetota";"Planctomycetes";"Planctomycetales";"Rubinisphaeraceae";"Rubinisphaera";NA
"9436c9b770d9458c144bfd17137d769e";"689";"406";"227";"0";"111";"0";"0";"12";"39";"37";"48";"284";"55";"29";"12";"0";"2";"0";"0";"3";"0";"0";"0";"0";"0";"0";"0";"0";"0";"0";"0";"0";"0";"0";"d__Bacteria";"Planctomycetota";"Planctomycetes";"Planctomycetales";"Rubinisphaeraceae";"Planctomicrobium";NA
"e7b3b63806b937c3da98edbdab019a40";"158";"80";"54";"0";"0";"0";"0";"0";"0";"2";"5";"30";"2";"0";"0";"0";"0";"0";"0";"0";"0";"0";"0";"0";"0";"0";"0";"0";"0";"0";"0";"0";"0";"0";"d__Bacteria";"Planctomycetota";"Planctomycetes";"Planctomycetales";"Rubinisphaeraceae";"SH-PL14";NA
"025bdb2c8aa02cc58ebd61e9e9deae9a";"0";"0";"0";"0";"0";"0";"0";"0";"4";"0";"5";"0";"5";"6";"5";"0";"3";"0";"0";"0";"0";"0";"0";"0";"0";"0";"0";"0";"2";"0";"0";"0";"0";"0";"d__Bacteria";"Planctomycetota";"Planctomycetes";"Pirellulales";"Pirellulaceae";"Pir4_lineage";NA
"8eb6dbf5f7c3372d1b91ad9235e2e187";"7";"6";"3";"0";"0";"0";"0";"0";"0";"0";"0";"0";"0";"0";"0";"0";"0";"0";"0";"0";"0";"0";"0";"0";"0";"0";"0";"0";"0";"0";"0";"0";"0";"0";"d__Bacteria";"Planctomycetota";"Planctomycetes";"Pirellulales";"Pirellulaceae";"Rhodopirellula";NA
"8edd72ff6ed1aaacf826b003cd6dc089";"0";"0";"0";"0";"0";"0";"0";"0";"2";"0";"24";"0";"0";"0";"2";"0";"0";"0";"0";"7";"2";"7";"7";"6";"0";"4";"8";"16";"5";"10";"6";"3";"0";"5";"d__Bacteria";"Planctomycetota";"Planctomycetes";"Pirellulales";"Pirellulaceae";"Pirellula";NA
"bc64fb850c405fe68262e2eac787e7ae";"53";"21";"15";"0";"0";"0";"0";"0";"28";"62";"47";"12";"22";"17";"19";"13";"8";"12";"14";"18";"8";"14";"7";"8";"0";"6";"5";"4";"8";"6";"0";"0";"0";"3";"d__Bacteria";"Planctomycetota";"Planctomycetes";"Pirellulales";"Pirellulaceae";"Blastopirellula";NA
"4c87af2fd70f70337225941adb90158a";"32";"16";"11";"0";"0";"0";"0";"0";"0";"0";"0";"0";"0";"0";"0";"0";"0";"0";"0";"0";"0";"0";"0";"0";"0";"0";"0";"0";"0";"0";"0";"0";"0";"0";"d__Bacteria";"Planctomycetota";"Planctomycetes";"Pirellulales";"Pirellulaceae";"uncultured";NA
"8fd8527bc9003160bd4f96cb56175c0e";"5";"0";"0";"0";"0";"0";"0";"0";"0";"0";"0";"0";"0";"0";"0";"0";"0";"0";"0";"0";"0";"0";"0";"0";"0";"0";"0";"0";"0";"0";"0";"0";"0";"0";"d__Bacteria";"Planctomycetota";"Planctomycetes";"Pirellulales";"Pirellulaceae";NA;NA
"9e3dc62bb51c66ea137b77bfe3f2b2ce";"0";"0";"0";"0";"0";"0";"0";"0";"0";"0";"4";"0";"0";"0";"0";"0";"0";"0";"0";"0";"0";"0";"0";"0";"0";"0";"0";"0";"0";"0";"0";"0";"0";"0";"d__Bacteria";"Planctomycetota";"Planctomycetes";"Gemmatales";"Gemmataceae";"Gemmata";NA
"ed2c2a41f224517d0f9f32f718b19dff";"0";"0";"0";"0";"0";"0";"0";"0";"5";"5";"61";"12";"36";"21";"30";"0";"4";"5";"0";"0";"5";"0";"0";"0";"0";"0";"0";"0";"0";"0";"2";"0";"0";"0";"d__Bacteria";"Planctomycetota";"Planctomycetes";"Gemmatales";"Gemmataceae";"Fimbriiglobus";NA
"107de437d0b6720819dc82c5d7c57e2d";"0";"0";"0";"7";"0";"0";"0";"0";"0";"0";"0";"0";"0";"0";"0";"0";"0";"0";"0";"0";"0";"0";"0";"0";"0";"0";"0";"0";"0";"0";"0";"0";"0";"0";"d__Bacteria";"Planctomycetota";"Planctomycetes";"Isosphaerales";"Isosphaeraceae";"Paludisphaera";NA
"1b83e9d9e6eb4a73271de89870719b98";"17";"10";"15";"0";"0";"0";"0";"0";"0";"0";"0";"8";"10";"4";"0";"0";"0";"0";"0";"0";"0";"0";"0";"0";"0";"0";"0";"0";"9";"8";"4";"0";"0";"0";"d__Bacteria";"Planctomycetota";"Planctomycetes";"Isosphaerales";"Isosphaeraceae";"uncultured";NA
"ccf9f3bf55c153e2a681c5fa284fb846";"157";"65";"11";"0";"0";"0";"0";"51";"7";"42";"109";"33";"13";"7";"10";"9";"3";"0";"6";"21";"34";"123";"140";"151";"0";"175";"275";"303";"132";"225";"136";"207";"151";"309";"d__Bacteria";"Planctomycetota";"OM190";"OM190";"OM190";"OM190";NA
"04839cbe1407db67549dd7c647527f55";"8";"2";"0";"0";"0";"0";"0";"0";"0";"0";"0";"0";"0";"0";"0";"0";"0";"0";"0";"0";"0";"0";"0";"0";"0";"0";"0";"0";"0";"0";"0";"0";"0";"0";"d__Bacteria";"Planctomycetota";"Pla3_lineage";"Pla3_lineage";"Pla3_lineage";"Pla3_lineage";NA
"ab4d8fb12e2118a3c68ca93a3cd26eec";"3";"4";"0";"0";"0";"0";"0";"0";"0";"0";"0";"0";"0";"0";"0";"0";"0";"0";"0";"0";"0";"0";"0";"0";"0";"0";"0";"0";"0";"0";"0";"0";"0";"0";"d__Bacteria";"Verrucomicrobiota";"Lentisphaeria";"SS1-B-02-17";"SS1-B-02-17";"SS1-B-02-17";NA
"9adeb4a522c2ba60a9d7f31645f9cd96";"10";"6";"0";"0";"0";"0";"0";"0";"0";"0";"0";"0";"0";"0";"0";"0";"0";"0";"0";"0";"0";"0";"0";"0";"0";"0";"0";"0";"0";"0";"0";"0";"0";"0";"d__Bacteria";"Verrucomicrobiota";"Kiritimatiellae";"WCHB1-41";"WCHB1-41";"WCHB1-41";NA
"8c2b06e9403b7ddbfa80d5b77cb11252";"72";"24";"13";"0";"0";"0";"0";"0";"0";"0";"0";"0";"0";"0";"0";"0";"0";"0";"0";"0";"0";"0";"0";"0";"0";"0";"0";"0";"0";"0";"0";"0";"0";"0";"d__Bacteria";"Verrucomicrobiota";"Verrucomicrobiae";"Verrucomicrobiales";"Rubritaleaceae";"Rubritalea";NA
"fb2d8bc156be8683af16b622436dfa03";"293";"143";"74";"13";"57";"0";"0";"24";"230";"31";"13";"124";"31";"9";"5";"0";"7";"17";"26";"72";"27";"49";"37";"44";"0";"14";"19";"21";"0";"7";"8";"11";"9";"17";"d__Bacteria";"Verrucomicrobiota";"Verrucomicrobiae";"Verrucomicrobiales";"Rubritaleaceae";"Luteolibacter";NA
"9d6b356126b0af1f378deb4ef65be508";"34";"19";"11";"0";"0";"0";"0";"0";"0";"0";"0";"0";"0";"0";"0";"0";"0";"0";"0";"0";"0";"0";"0";"0";"0";"0";"0";"0";"0";"0";"0";"0";"0";"0";"d__Bacteria";"Verrucomicrobiota";"Verrucomicrobiae";"Verrucomicrobiales";"Rubritaleaceae";"uncultured";NA
"de43d34fa8b9e4ca0a695bf5fa517647";"41";"13";"8";"0";"0";"0";"0";"0";"0";"0";"0";"0";"0";"0";"0";"0";"0";"0";"0";"0";"0";"0";"0";"0";"0";"0";"0";"0";"0";"0";"0";"0";"0";"0";"d__Bacteria";"Verrucomicrobiota";"Verrucomicrobiae";"Verrucomicrobiales";"Rubritaleaceae";NA;NA
"430a91c2d23501ab01a9cb219b48ad67";"51";"0";"0";"0";"0";"0";"0";"0";"0";"0";"0";"0";"0";"0";"0";"0";"0";"0";"0";"0";"0";"0";"0";"0";"0";"0";"0";"0";"0";"0";"0";"0";"0";"0";"d__Bacteria";"Verrucomicrobiota";"Verrucomicrobiae";"Verrucomicrobiales";"Rubritaleaceae";"Haloferula";NA
"0439631d9834d70aa5fafba4ee9899dc";"13";"4";"0";"0";"0";"0";"0";"0";"0";"0";"0";"0";"0";"0";"0";"0";"0";"0";"0";"0";"0";"0";"0";"0";"0";"0";"0";"0";"0";"0";"0";"0";"0";"0";"d__Bacteria";"Verrucomicrobiota";"Verrucomicrobiae";"Verrucomicrobiales";"Rubritaleaceae";"Roseibacillus";NA
"f4fa2f027c5303a00dd2d8fa82e02237";"230";"66";"35";"3";"17";"7";"0";"0";"0";"0";"0";"0";"0";"0";"0";"0";"0";"0";"0";"0";"7";"20";"102";"117";"0";"179";"327";"553";"366";"710";"473";"468";"361";"532";"d__Bacteria";"Verrucomicrobiota";"Verrucomicrobiae";"Verrucomicrobiales";"DEV007";"DEV007";NA
"d571d7f2a4c1f8ef8d900a8ae5240201";"50";"22";"17";"0";"0";"0";"0";"0";"0";"0";"0";"0";"0";"0";"0";"0";"0";"0";"0";"0";"0";"0";"0";"0";"0";"0";"0";"0";"0";"0";"0";"0";"0";"0";"d__Bacteria";"Verrucomicrobiota";"Verrucomicrobiae";"Pedosphaerales";"Pedosphaeraceae";"Oikopleura";NA
"76a50c5dc928f360c7dfeecccf17567f";"62";"21";"24";"0";"0";"0";"0";"0";"0";"0";"0";"0";"0";"0";"0";"0";"0";"0";"0";"0";"0";"0";"0";"0";"0";"0";"0";"0";"0";"0";"0";"0";"0";"0";"d__Bacteria";"Verrucomicrobiota";"Verrucomicrobiae";"Pedosphaerales";"Pedosphaeraceae";"Pedosphaeraceae";NA
"c917207560aab144d7972d40cf16524b";"68";"0";"0";"0";"0";"0";"0";"0";"0";"0";"0";"0";"0";"0";"0";"0";"0";"0";"0";"0";"0";"0";"0";"0";"0";"0";"0";"0";"0";"0";"0";"0";"0";"0";"d__Bacteria";"Verrucomicrobiota";"Verrucomicrobiae";"Pedosphaerales";"Pedosphaeraceae";"uncultured";NA
"0fb26ea8f7bb46f6288d932e1ae0e092";"0";"0";"0";"0";"5";"0";"0";"0";"0";"0";"67";"187";"0";"0";"0";"0";"0";"0";"0";"0";"0";"6";"11";"2";"0";"0";"0";"10";"0";"5";"0";"0";"0";"0";"d__Bacteria";"Verrucomicrobiota";"Verrucomicrobiae";"Chthoniobacterales";"Terrimicrobiaceae";"Terrimicrobium";NA
"95e92352ed7b5501dff294ea8cff1f90";"18";"0";"0";"0";"5";"0";"0";"0";"0";"0";"0";"0";"0";"0";"0";"0";"0";"0";"0";"0";"0";"0";"0";"0";"0";"0";"0";"0";"0";"0";"0";"0";"0";"0";"d__Bacteria";"Sumerlaeota";"Sumerlaeia";"Sumerlaeales";"Sumerlaeaceae";"Sumerlaea";NA
"ef30600961776d1942b1df495f08c525";"28";"13";"6";"0";"0";"0";"0";"0";"0";"0";"0";"0";"0";"0";"0";"0";"0";"0";"0";"0";"0";"0";"0";"0";"0";"0";"0";"0";"0";"0";"0";"0";"0";"0";"d__Bacteria";"Sumerlaeota";"Sumerlaeia";"uncultured";"uncultured";"uncultured";NA
"5f517b439eb6f549a5fd6eedc31ddb68";"0";"0";"2";"0";"0";"0";"0";"0";"0";"0";"0";"0";"0";"0";"0";"0";"0";"0";"0";"0";"0";"0";"0";"0";"0";"0";"0";"0";"0";"0";"0";"0";"0";"0";"d__Bacteria";"Actinobacteriota";"Acidimicrobiia";"Actinomarinales";NA;NA;NA
"f4376c3027281b040451ce2795dd5494";"2";"0";"0";"0";"0";"0";"0";"0";"0";"0";"0";"0";"0";"0";"0";"0";"0";"0";"0";"0";"0";"0";"0";"0";"0";"0";"0";"0";"0";"0";"0";"0";"0";"0";"d__Bacteria";"Latescibacterota";"Latescibacteria";"Latescibacterales";"Latescibacteraceae";"Latescibacteraceae";NA
"4dbd1f9c02e2c4897287b62d8c50b0f1";"0";"0";"0";"0";"0";"0";"0";"0";"0";"0";"0";"0";"0";"0";"0";"0";"0";"0";"0";"0";"0";"0";"0";"0";"0";"0";"0";"0";"0";"0";"4";"0";"0";"0";"d__Bacteria";"Caldisericota";"Caldisericia";"Caldisericales";"WCHB1-02";"WCHB1-02";NA
"9cab3fd5d3409b6478e4d29a5d46f545";"8";"0";"0";"0";"17";"0";"0";"0";"0";"0";"0";"0";"0";"0";"0";"0";"0";"0";"0";"0";"0";"0";"0";"0";"0";"0";"0";"0";"0";"0";"0";"0";"0";"0";"d__Bacteria";"Synergistota";"Synergistia";"Synergistales";"Synergistaceae";"uncultured";NA
"5320228c1ea87c74bac9d99affb46b3a";"4";"0";"0";"0";"0";"0";"0";"0";"0";"0";"0";"0";"0";"0";"0";"0";"0";"0";"0";"0";"0";"0";"0";"0";"0";"0";"0";"0";"0";"0";"0";"0";"0";"0";"d__Bacteria";"Synergistota";"Synergistia";"Synergistales";"Synergistaceae";"Thermovirga";NA
"911dd706826ad63ed0b30cf0a8b01eab";"0";"0";"0";"0";"80";"0";"0";"0";"0";"0";"0";"0";"0";"0";"0";"0";"2";"0";"0";"0";"0";"0";"2";"0";"0";"0";"0";"0";"0";"0";"0";"0";"0";"0";"d__Bacteria";"Synergistota";"Synergistia";"Synergistales";"Synergistaceae";"Syner-01";NA
"6d95846acbe7ecc140b3e5832fc05dc7";"0";"0";"0";"0";"0";"0";"0";"23";"26";"31";"35";"28";"11";"0";"4";"2";"0";"2";"5";"14";"9";"29";"22";"24";"0";"22";"15";"30";"14";"45";"20";"22";"21";"25";"d__Bacteria";"Acidobacteriota";"Vicinamibacteria";"Vicinamibacterales";"Vicinamibacteraceae";"Luteitalea";NA
"d2234ec9886f472e7862c9b08105f49d";"21";"7";"0";"0";"0";"0";"0";"0";"0";"0";"0";"0";"0";"0";"0";"0";"0";"0";"0";"0";"0";"0";"0";"0";"0";"0";"0";"0";"0";"0";"0";"0";"0";"0";"d__Bacteria";"Acidobacteriota";"Vicinamibacteria";"Vicinamibacterales";"Vicinamibacteraceae";"Vicinamibacteraceae";NA
"0916099d9f69910b56bd21c741a8e944";"556";"138";"26";"0";"0";"0";"0";"0";"0";"0";"0";"0";"0";"0";"0";"0";"0";"0";"0";"0";"0";"0";"0";"0";"0";"0";"0";"0";"0";"0";"0";"0";"0";"0";"d__Bacteria";"Acidobacteriota";"Vicinamibacteria";"Vicinamibacterales";"uncultured";"uncultured";NA
"beadfc299fce9de9e1acb6ff27c0e8a5";"0";"0";"0";"0";"0";"0";"0";"0";"0";"3";"0";"0";"0";"0";"3";"5";"0";"0";"0";"0";"0";"0";"0";"15";"0";"9";"5";"2";"470";"131";"15";"0";"0";"0";"d__Bacteria";"Cyanobacteria";"Cyanobacteriia";"Chloroplast";"Chloroplast";"Chloroplast";NA
"8ec4ed23e36bf90e912731d29f611733";"63";"21";"8";"0";"0";"0";"0";"0";"0";"0";"0";"0";"0";"0";"0";"0";"0";"0";"0";"0";"0";"0";"0";"0";"0";"0";"0";"0";"0";"0";"0";"0";"0";"0";"d__Bacteria";"Dependentiae";"Babeliae";"Babeliales";"Vermiphilaceae";"Vermiphilaceae";NA
"213ca0ef2334998ef635a407ad0c9873";"55";"24";"20";"0";"0";"0";"0";"0";"0";"0";"0";"0";"0";"0";"0";"0";"0";"0";"0";"0";"0";"0";"0";"0";"0";"0";"0";"0";"0";"0";"0";"0";"0";"0";"d__Bacteria";"Dependentiae";"Babeliae";"Babeliales";NA;NA;NA
"e09a0d59a24e16d6f8bc73dc986a049c";"69";"20";"18";"0";"0";"0";"0";"0";"0";"0";"0";"0";"0";"0";"0";"0";"0";"0";"0";"0";"0";"0";"0";"0";"0";"0";"0";"0";"0";"0";"0";"0";"0";"0";"d__Bacteria";"Dependentiae";"Babeliae";"Babeliales";"Babeliaceae";"Babeliaceae";NA
"7cb677ac1cc306e3c5f093b0ad88c3f7";"0";"0";"0";"0";"5";"0";"0";"0";"0";"0";"0";"0";"0";"0";"0";"0";"0";"0";"0";"0";"0";"0";"0";"0";"0";"0";"0";"0";"0";"0";"0";"0";"0";"0";"d__Bacteria";"Dependentiae";"Babeliae";"Babeliales";"UBA12409";"UBA12409";NA
"d504a0baa557bac421e93f051c2129c7";"40";"29";"14";"0";"6";"0";"0";"0";"0";"0";"0";"0";"0";"0";"0";"0";"0";"0";"0";"0";"0";"0";"0";"0";"0";"0";"0";"0";"0";"0";"0";"0";"0";"0";"d__Bacteria";"Dependentiae";"Babeliae";"Babeliales";"Babeliales";"Babeliales";NA
"999ec033d3173d93f6651bdcfb0fe4d7";"0";"0";"2";"0";"0";"0";"0";"0";"0";"0";"0";"0";"0";"0";"0";"0";"0";"0";"0";"0";"0";"0";"0";"0";"0";"0";"0";"0";"0";"0";"0";"0";"0";"0";"d__Bacteria";"Patescibacteria";"Saccharimonadia";"Saccharimonadales";NA;NA;NA
"6bffab3351c710ab5751227d5ede3140";"24";"14";"8";"0";"0";"0";"0";"0";"0";"0";"0";"0";"0";"0";"0";"0";"0";"0";"0";"0";"0";"0";"0";"0";"0";"0";"0";"0";"0";"0";"0";"0";"0";"0";"d__Bacteria";"Patescibacteria";"Saccharimonadia";"Saccharimonadales";"LWQ8";"LWQ8";NA
"6e1c6fc711221221bd99ae68bf25dc46";"252";"93";"43";"0";"0";"0";"0";"0";"0";"0";"0";"0";"75";"32";"20";"5";"9";"9";"6";"6";"0";"0";"7";"0";"0";"3";"7";"6";"5";"2";"0";"0";"0";"0";"d__Bacteria";"Patescibacteria";"Saccharimonadia";"Saccharimonadales";"Saccharimonadales";"Saccharimonadales";NA
"45ad9fa185d1b7b4200766d7b2dea5dc";"84";"36";"165";"5";"0";"0";"0";"0";"0";"0";"0";"0";"0";"0";"0";"0";"0";"0";"0";"0";"0";"0";"0";"0";"0";"0";"0";"0";"0";"0";"0";"0";"0";"0";"d__Bacteria";"Patescibacteria";"Saccharimonadia";"Saccharimonadales";"Saccharimonadaceae";NA;NA
"95d630da43c059ca1a3beb2c8491ed5c";"166";"45";"195";"15";"0";"0";"0";"0";"0";"0";"0";"0";"0";"0";"0";"0";"0";"0";"0";"0";"0";"0";"0";"0";"0";"0";"0";"0";"0";"0";"0";"0";"0";"0";"d__Bacteria";"Patescibacteria";"Saccharimonadia";"Saccharimonadales";"Saccharimonadaceae";"Saccharimonadaceae";NA
"90b7dad9cd17e4fea86334bbde5ce1a2";"159";"81";"167";"51";"79";"0";"0";"0";"0";"0";"0";"0";"0";"0";"0";"0";"0";"0";"0";"0";"0";"19";"4";"3";"0";"41";"39";"24";"7";"4";"0";"4";"0";"0";"d__Bacteria";"Patescibacteria";"Saccharimonadia";"Saccharimonadales";"Saccharimonadaceae";"TM7a";NA
"41dcf76656c61d2de6b01d2a45ba3da2";"0";"0";"0";"0";"0";"0";"0";"0";"0";"0";"15";"6";"5";"0";"5";"4";"2";"4";"0";"9";"5";"44";"11";"7";"0";"22";"29";"24";"15";"27";"9";"9";"20";"11";"d__Bacteria";"Acidobacteriota";"Blastocatellia";"Blastocatellales";"Blastocatellaceae";"uncultured";NA
"9c63529fb3e5ce52ac0ac037b9c6d8d9";"0";"0";"0";"0";"0";"0";"0";"0";"0";"0";"0";"0";"0";"0";"0";"0";"0";"0";"0";"0";"0";"6";"0";"0";"0";"0";"0";"0";"0";"0";"0";"0";"0";"0";"d__Bacteria";"Acidobacteriota";"Blastocatellia";"Blastocatellales";"Blastocatellaceae";NA;NA
"642c516a2301f6dd21c7b1be797d81bf";"6";"0";"0";"0";"100";"17";"12";"0";"0";"0";"2";"0";"0";"0";"0";"0";"0";"0";"0";"0";"0";"0";"0";"0";"0";"0";"0";"0";"0";"0";"0";"0";"0";"0";"d__Bacteria";"Acidobacteriota";"Blastocatellia";"Blastocatellales";"Blastocatellaceae";"Blastocatella";NA
"22635415402f3f186fe0053f435c54ae";"10";"0";"0";"0";"0";"0";"0";"0";"0";"0";"0";"0";"0";"0";"0";"0";"0";"0";"0";"0";"0";"0";"0";"0";"0";"0";"0";"0";"0";"0";"0";"0";"0";"0";"d__Bacteria";"Patescibacteria";"uncultured";"uncultured";"uncultured";"uncultured";NA
"3743ee3af2dcfbe23a5a1e4652036b66";"0";"0";"0";"0";"0";"2";"3";"0";"0";"0";"24";"94";"83";"46";"48";"29";"24";"52";"77";"77";"42";"68";"58";"59";"0";"49";"128";"127";"59";"65";"25";"21";"20";"18";"d__Bacteria";"Verrucomicrobiota";"Verrucomicrobiae";"Opitutales";"Opitutaceae";"Lacunisphaera";NA
"133e7ae5a9eb183e7fb332dfa365352d";"0";"0";"0";"0";"0";"0";"0";"0";"0";"0";"6";"0";"774";"333";"112";"42";"16";"0";"0";"0";"0";"3";"0";"7";"0";"0";"0";"0";"16";"7";"0";"0";"0";"0";"d__Bacteria";"Verrucomicrobiota";"Verrucomicrobiae";"Opitutales";"Opitutaceae";"Ereboglobus";NA
"653a3e0df7b5ae61a83bb68ceb21d62f";"0";"0";"0";"0";"0";"0";"0";"0";"0";"0";"0";"0";"0";"0";"0";"0";"0";"0";"3";"0";"0";"0";"0";"0";"0";"0";"0";"0";"0";"0";"0";"0";"0";"0";"d__Bacteria";"Verrucomicrobiota";"Verrucomicrobiae";"Opitutales";"Opitutaceae";"Diplosphaera";NA
"46b5e7a950e19a9ff42398bb94f5b427";"3";"0";"0";"0";"4";"0";"0";"0";"0";"0";"15";"0";"0";"0";"0";"0";"0";"0";"0";"0";"0";"0";"0";"0";"0";"0";"0";"0";"0";"0";"0";"0";"0";"0";"d__Bacteria";"Verrucomicrobiota";"Verrucomicrobiae";"Opitutales";"Opitutaceae";"Cephaloticoccus";NA
"c3476e78b720533a2cdceb2001244b45";"0";"0";"0";"0";"0";"0";"0";"0";"0";"0";"0";"0";"0";"0";"0";"0";"0";"0";"0";"9";"5";"64";"75";"38";"0";"3";"6";"11";"32";"11";"3";"0";"0";"0";"d__Bacteria";"Verrucomicrobiota";"Verrucomicrobiae";"Opitutales";"Opitutaceae";"IMCC26134";NA
"04adf1e001bdaad0616e299daeba4936";"6";"0";"0";"0";"0";"0";"0";"0";"0";"0";"0";"0";"0";"0";"0";"0";"0";"0";"0";"0";"0";"0";"0";"0";"0";"0";"0";"0";"0";"0";"0";"0";"0";"0";"d__Bacteria";"Verrucomicrobiota";"Verrucomicrobiae";"Opitutales";"Puniceicoccaceae";"Verruc-01";NA
"075bc414cb55c12ad389dd6735490d7a";"0";"0";"0";"0";"0";"0";"0";"0";"0";"0";"0";"0";"0";"0";"0";"0";"0";"0";"0";"0";"0";"0";"0";"0";"0";"0";"0";"0";"0";"0";"0";"4";"4";"5";"d__Bacteria";"Verrucomicrobiota";"Verrucomicrobiae";"Opitutales";"Puniceicoccaceae";"Cerasicoccus";NA
"c958a9390aae15ce4875dbe45af67c82";"5";"0";"0";"0";"0";"0";"0";"0";"0";"0";"0";"0";"0";"0";"0";"0";"0";"0";"0";"0";"0";"0";"0";"0";"0";"0";"0";"0";"0";"0";"0";"0";"0";"0";"d__Bacteria";"Verrucomicrobiota";"Verrucomicrobiae";"Opitutales";"Opitutaceae";"Alterococcus";NA
"ace078b30636d820a12128b4877d0cc8";"0";"0";"0";"0";"51";"0";"0";"0";"0";"0";"0";"0";"0";"0";"0";"0";"0";"0";"0";"0";"0";"0";"0";"0";"0";"0";"0";"0";"0";"0";"0";"0";"0";"0";"d__Bacteria";"Campilobacterota";"Campylobacteria";"Campylobacterales";"Arcobacteraceae";"uncultured";NA
"12f424753516c34ec248982406945990";"0";"0";"0";"0";"0";"0";"0";"0";"0";"0";"0";"0";"0";"0";"0";"0";"0";"0";"0";"0";"0";"0";"0";"0";"0";"0";"0";"0";"0";"0";"0";"2";"0";"0";"d__Bacteria";"Campilobacterota";"Campylobacteria";"Campylobacterales";"Arcobacteraceae";"Pseudarcobacter";NA
"dcd4030bd55a4bbc6d5d935b8ba2797d";"4";"0";"0";"0";"0";"0";"0";"0";"0";"0";"0";"0";"0";"0";"0";"0";"0";"0";"0";"0";"0";"0";"0";"0";"0";"0";"0";"0";"0";"0";"0";"0";"0";"0";"d__Bacteria";"Campilobacterota";"Campylobacteria";"Campylobacterales";"Arcobacteraceae";"Arcobacter";NA
"a34513c2642501ee346a0465fd9ad3b1";"0";"0";"0";"0";"0";"0";"0";"0";"0";"0";"0";"0";"0";"0";"0";"0";"0";"0";"0";"2";"14";"11";"4";"6";"0";"4";"12";"5";"12";"6";"8";"8";"10";"4";"d__Bacteria";"Bacteroidota";"Ignavibacteria";"Ignavibacteriales";"Melioribacteraceae";"Melioribacter";NA
"1cbc1541e3f3413834726c0f6583d5ef";"142";"61";"9";"0";"0";"0";"0";"0";"0";"4";"3";"0";"0";"0";"0";"0";"0";"0";"0";"0";"0";"0";"0";"0";"0";"0";"0";"0";"0";"0";"9";"0";"0";"0";"d__Bacteria";"Bacteroidota";"Ignavibacteria";"Ignavibacteriales";"PHOS-HE36";"PHOS-HE36";NA
"d7cbfdc14ffa3890ee47ec41f91eb042";"0";"0";"0";"0";"0";"0";"0";"0";"0";"0";"0";"0";"0";"0";"0";"0";"0";"0";"3";"0";"0";"0";"5";"3";"0";"0";"0";"0";"8";"6";"7";"0";"0";"0";"d__Bacteria";"Bacteroidota";"Ignavibacteria";"Ignavibacteriales";"Ignavibacteriaceae";"Ignavibacterium";NA
"566eabc057ecf1a7d1a56212ea781ffa";"457";"141";"134";"0";"0";"0";"0";"0";"0";"0";"0";"0";"0";"0";"0";"0";"0";"0";"0";"0";"0";"0";"0";"0";"0";"0";"0";"0";"0";"0";"0";"0";"0";"0";"d__Bacteria";"Bacteroidota";"Ignavibacteria";"Ignavibacteriales";"Melioribacteraceae";"IheB3-7";NA
"a09a3c0292b06c72c9f294c31173d6ea";"0";"0";"0";"0";"2";"0";"0";"0";"0";"0";"0";"0";"0";"0";"0";"0";"0";"0";"0";"0";"0";"0";"0";"0";"0";"0";"0";"0";"0";"0";"0";"0";"0";"0";"d__Bacteria";"Armatimonadota";"Fimbriimonadia";"Fimbriimonadales";"Fimbriimonadaceae";"Fimbriimonadaceae";NA
"3aea5dcb93a1f1fd8eff4c0247e0d837";"0";"0";"0";"0";"0";"0";"0";"0";"0";"0";"0";"0";"0";"0";"0";"0";"0";"0";"2";"0";"0";"0";"0";"0";"0";"0";"0";"0";"0";"0";"0";"0";"0";"0";"d__Bacteria";"Firmicutes";"Clostridia";"Oscillospirales";"Oscillospiraceae";"uncultured";NA
"ddbfe473abc6e80a7c01bfc8a287f342";"0";"0";"0";"0";"9";"0";"0";"0";"0";"0";"0";"0";"0";"0";"0";"0";"0";"0";"0";"0";"0";"0";"0";"0";"0";"0";"0";"0";"0";"0";"0";"0";"0";"0";"d__Bacteria";"Spirochaetota";"Spirochaetia";"Spirochaetales";"Spirochaetaceae";"Alkalispirochaeta";NA
"099eb667fe7eab5fe9017185a3db1f3d";"0";"0";"0";"0";"4";"0";"0";"0";"0";"0";"0";"0";"0";"0";"0";"0";"0";"0";"0";"0";"0";"0";"2";"0";"0";"0";"0";"0";"0";"0";"0";"0";"0";"0";"d__Bacteria";"Spirochaetota";"Spirochaetia";"Spirochaetales";"Spirochaetaceae";"Sediminispirochaeta";NA
"b71b4f4763f3dade351520fe0ff0cb6a";"0";"0";"0";"0";"31";"0";"0";"0";"0";"0";"0";"0";"0";"4";"0";"0";"10";"0";"7";"6";"6";"0";"2";"0";"0";"5";"0";"4";"3";"6";"4";"0";"3";"3";"d__Bacteria";"Spirochaetota";"Spirochaetia";"Spirochaetales";"Spirochaetaceae";"Treponema";NA
"50d2f0b1b204900eefacea3a8528c554";"0";"0";"0";"23";"479";"0";"0";"6";"0";"12";"0";"51";"12";"0";"4";"5";"25";"10";"41";"38";"98";"48";"133";"37";"0";"58";"52";"56";"132";"120";"68";"48";"22";"50";"d__Bacteria";"Spirochaetota";"Spirochaetia";"Spirochaetales";"Spirochaetaceae";"uncultured";NA
"f624cdec1744e03b99f77b0925334cde";"676";"269";"116";"0";"0";"0";"0";"0";"0";"0";"0";"0";"0";"0";"0";"0";"0";"0";"0";"0";"0";"0";"0";"0";"0";"0";"0";"0";"0";"0";"0";"0";"0";"0";"d__Bacteria";"Nitrospirota";"Nitrospiria";"Nitrospirales";"Nitrospiraceae";"Nitrospira";NA
"db1f5cd18b8dea50d664d6eed9d89ca4";"341";"91";"68";"0";"0";"0";"0";"0";"0";"0";"0";"0";"0";"0";"0";"0";"0";"0";"0";"0";"0";"0";"0";"0";"0";"0";"0";"0";"0";"0";"0";"0";"0";"0";"d__Bacteria";"Chloroflexi";"Anaerolineae";"Ardenticatenales";"uncultured";"uncultured";NA
"33f9584d85645c60dafec8885923bfb2";"3";"0";"0";"0";"0";"0";"0";"0";"0";"0";"0";"0";"0";"0";"0";"0";"0";"0";"0";"0";"0";"0";"0";"0";"0";"0";"0";"0";"0";"0";"0";"0";"0";"0";"d__Bacteria";"Chloroflexi";"Anaerolineae";"Caldilineales";"Caldilineaceae";"Litorilinea";NA
"5194d6f6df81e258c299fb5e8abb32ed";"1624";"632";"540";"0";"0";"0";"3";"0";"0";"0";"57";"43";"12";"21";"11";"15";"19";"21";"29";"29";"43";"45";"49";"39";"0";"24";"43";"73";"25";"27";"22";"22";"8";"20";"d__Bacteria";"Chloroflexi";"Anaerolineae";"Caldilineales";"Caldilineaceae";"uncultured";NA
"413b2ab9fc61622f95fafb6b71a82b3e";"0";"0";"0";"0";"0";"0";"0";"0";"0";"0";"0";"0";"0";"0";"2";"0";"0";"0";"0";"0";"0";"0";"0";"0";"0";"0";"0";"0";"0";"0";"0";"0";"0";"0";"d__Bacteria";"Chloroflexi";"Anaerolineae";"Caldilineales";"Caldilineaceae";NA;NA
"b767b3732f05cfa04e9a9e8970b5e485";"0";"0";"0";"0";"0";"0";"0";"0";"0";"0";"0";"0";"0";"0";"0";"0";"0";"0";"0";"0";"0";"0";"0";"1";"0";"0";"0";"0";"0";"0";"0";"0";"0";"0";"d__Bacteria";"Chloroflexi";"Anaerolineae";"Caldilineales";"Caldilineaceae";"Caldilineaceae";NA
"769bf0592baef9621328efb535be8b1c";"6";"0";"0";"0";"0";"0";"0";"0";"0";"0";"0";"0";"0";"0";"0";"0";"0";"0";"0";"0";"0";"0";"0";"0";"0";"0";"0";"0";"0";"0";"0";"0";"0";"0";"d__Bacteria";"Chloroflexi";"Anaerolineae";"SBR1031";"SBR1031";"SBR1031";NA
"25b8610a4a4fe23317cef409f2cea4dd";"52";"7";"9";"0";"0";"0";"0";"0";"0";"0";"0";"0";"0";"0";"0";"0";"0";"0";"0";"0";"0";"0";"0";"0";"0";"0";"0";"0";"0";"0";"0";"0";"0";"0";"d__Bacteria";"Chloroflexi";"Anaerolineae";"Anaerolineales";"Anaerolineaceae";"uncultured";NA
"00b8623dbee69cef88626b52c845f364";"376";"358";"134";"0";"0";"3";"6";"13";"16";"26";"53";"66";"30";"31";"43";"62";"55";"90";"147";"176";"242";"389";"344";"263";"0";"358";"507";"553";"348";"416";"293";"262";"263";"319";"d__Bacteria";"Chloroflexi";"Anaerolineae";"SBR1031";"A4b";"A4b";NA
"444561f1f9cda1108f50b365ef9e9179";"12";"0";"0";"0";"0";"0";"0";"0";"0";"0";"0";"0";"0";"0";"0";"0";"0";"0";"0";"0";"0";"0";"0";"0";"0";"0";"0";"0";"0";"0";"0";"0";"0";"0";"d__Bacteria";"Chloroflexi";"N9D0";"N9D0";"N9D0";"N9D0";NA
"51b934033518abe653dd4fc58dea5797";"294";"92";"104";"0";"0";"0";"0";"0";"0";"0";"0";"0";"0";"0";"0";"0";"0";"0";"0";"0";"0";"0";"0";"0";"0";"0";"2";"0";"5";"0";"0";"0";"0";"0";"d__Bacteria";"Chloroflexi";"OLB14";"OLB14";"OLB14";"OLB14";NA
"e1d830281ca7432058c31e4e3dbb7b2f";"96";"34";"15";"0";"0";"0";"0";"0";"0";"0";"0";"0";"0";"0";"0";"0";"0";"0";"0";"0";"0";"0";"0";"0";"0";"0";"0";"0";"0";"0";"0";"0";"0";"0";"d__Bacteria";"Chloroflexi";"Dehalococcoidia";"S085";"S085";"S085";NA
"01ae4385b59183593d0b3b027ed22ab9";"134";"28";"46";"0";"0";"0";"0";"0";"0";"0";"0";"0";"0";"0";"0";"0";"0";"0";"0";"0";"0";"0";"0";"0";"0";"0";"0";"0";"0";"0";"0";"0";"0";"0";"d__Bacteria";"Chloroflexi";"JG30-KF-CM66";"JG30-KF-CM66";"JG30-KF-CM66";"JG30-KF-CM66";NA
"9eeea9aa04ce8bc18db9a35721d8281b";"19";"0";"0";"0";"0";"0";"0";"0";"0";"0";"0";"0";"0";"0";"0";"0";"0";"0";"0";"0";"0";"0";"0";"0";"0";"0";"0";"0";"0";"0";"0";"0";"0";"0";"d__Bacteria";"Chloroflexi";"Chloroflexia";"Thermomicrobiales";"Thermomicrobiaceae";"Nitrolancea";NA
"c8283c8fde5671307a4a30ad65fa7dc2";"3746";"1817";"1804";"43";"100";"0";"0";"0";"0";"0";"0";"0";"0";"0";"0";"0";"0";"0";"0";"0";"0";"0";"0";"0";"0";"0";"0";"0";"0";"0";"0";"0";"0";"0";"d__Bacteria";"Chloroflexi";"Chloroflexia";"Thermomicrobiales";"AKYG1722";"AKYG1722";NA
"2f75eeda30194d5a86acf4d692bfe1a4";"4617";"2041";"3116";"552";"929";"44";"35";"0";"0";"0";"0";"0";"0";"0";"3";"0";"3";"0";"4";"0";"0";"0";"2";"3";"0";"6";"13";"25";"10";"17";"16";"12";"10";"25";"d__Bacteria";"Chloroflexi";"Chloroflexia";"Thermomicrobiales";"JG30-KF-CM45";"JG30-KF-CM45";NA
"abc7337969e22f241588f94bf06ddce2";"76";"13";"24";"0";"0";"0";"0";"0";"0";"0";"0";"0";"0";"0";"0";"0";"0";"0";"0";"0";"0";"0";"0";"0";"0";"0";"0";"0";"0";"0";"0";"0";"0";"0";"d__Bacteria";"Chloroflexi";"Gitt-GS-136";"Gitt-GS-136";"Gitt-GS-136";"Gitt-GS-136";NA
"56f28d63852bf2fd53c18f958b378b6b";"14";"0";"10";"0";"0";"0";"0";"0";"0";"0";"0";"0";"0";"0";"0";"0";"0";"0";"0";"0";"0";"0";"0";"0";"0";"0";"0";"0";"0";"0";"0";"0";"0";"0";"d__Bacteria";"Chloroflexi";"KD4-96";"KD4-96";"KD4-96";"KD4-96";NA
"eb6f8a57c7cd1a444a7b13ee659eca9a";"31";"21";"0";"0";"0";"0";"0";"0";"0";"0";"0";"0";"0";"0";"0";"0";"0";"0";"0";"0";"0";"3";"0";"0";"0";"0";"0";"0";"0";"8";"4";"8";"0";"2";"d__Bacteria";"Acidobacteriota";"Acidobacteriae";"PAUC26f";"PAUC26f";"PAUC26f";NA
"ca71f289862427ce343c8001d088ab31";"16";"2";"0";"0";"0";"5";"8";"15";"65";"56";"172";"50";"33";"20";"32";"23";"9";"24";"31";"47";"44";"82";"66";"65";"0";"156";"196";"165";"93";"197";"136";"137";"63";"97";"d__Bacteria";"Acidobacteriota";"Acidobacteriae";"Acidobacteriae";"Acidobacteriae";"Paludibaculum";NA
"913394ee530dca49bf41aaf49a799c42";"0";"0";"0";"51";"15";"16";"8";"0";"4";"3";"0";"0";"0";"0";"0";"0";"0";"0";"0";"0";"0";"0";"0";"0";"0";"0";"0";"0";"0";"0";"0";"0";"0";"0";"d__Bacteria";"Acidobacteriota";"Acidobacteriae";"Bryobacterales";"Bryobacteraceae";"Bryobacter";NA
"501e800038f5570e2a9b0b8ef481aa32";"14";"3";"0";"0";"0";"0";"0";"0";"0";"0";"0";"0";"0";"0";"0";"0";"0";"0";"0";"0";"0";"0";"0";"0";"0";"0";"0";"0";"0";"0";"0";"0";"0";"0";"d__Bacteria";"Acidobacteriota";"Acidobacteriae";"Solibacterales";"Solibacteraceae";"Candidatus_Solibacter";NA
"eab9022c72215f492029f155e72d0966";"20";"3";"5";"0";"0";"0";"0";"0";"0";"0";"0";"0";"0";"0";"0";"0";"0";"0";"0";"0";"0";"0";"0";"0";"0";"0";"0";"0";"0";"0";"0";"0";"0";"0";"d__Bacteria";"Abditibacteriota";"Abditibacteria";"Abditibacteriales";"Abditibacteriaceae";"Abditibacterium";NA
"fbff3e242d0444576eefc7b4fb395f6c";"0";"0";"0";"14";"43";"0";"0";"0";"0";"0";"0";"0";"45";"35";"18";"12";"31";"4";"10";"8";"15";"0";"3";"0";"0";"0";"0";"0";"0";"0";"0";"0";"0";"0";"d__Bacteria";"Desulfobacterota";"Desulfovibrionia";"Desulfovibrionales";"Desulfovibrionaceae";"Desulfovibrio";NA
"08aec6a3a66c837faa2247f6920cb001";"9";"0";"5";"0";"0";"0";"0";"0";"0";"0";"0";"0";"0";"0";"0";"0";"0";"0";"0";"0";"0";"0";"0";"0";"0";"0";"0";"0";"0";"0";"0";"0";"0";"0";"d__Bacteria";"Bdellovibrionota";"Oligoflexia";"0319-6G20";"0319-6G20";"0319-6G20";NA
"aa1e81be1b8fe597dd1628ead7a1f129";"9";"0";"0";"0";"0";"0";"0";"0";"0";"0";"0";"0";"0";"0";"0";"0";"0";"0";"0";"0";"0";"0";"0";"0";"0";"0";"0";"0";"0";"0";"0";"0";"0";"0";"d__Bacteria";"Myxococcota";NA;NA;NA;NA;NA
"00ce6b5d1632433e18a311b060f0644f";"11";"8";"0";"0";"0";"0";"0";"0";"0";"0";"0";"0";"0";"0";"0";"0";"0";"0";"0";"0";"0";"0";"0";"0";"0";"0";"0";"0";"0";"0";"0";"0";"0";"0";"d__Bacteria";"Myxococcota";"bacteriap25";"bacteriap25";"bacteriap25";"bacteriap25";NA
"914092ffc57250f368670889a8ca9882";"0";"0";"0";"0";"3";"0";"0";"0";"0";"0";"7";"7";"0";"0";"0";"0";"2";"0";"2";"9";"0";"4";"0";"5";"0";"0";"0";"5";"7";"3";"0";"0";"6";"6";"d__Bacteria";"Desulfobacterota";"Desulfobulbia";"Desulfobulbales";"Desulfobulbaceae";"Desulfobulbus";NA
"4faa241c13303127991948896ab645f9";"9";"6";"0";"0";"0";"0";"0";"0";"0";"0";"0";"0";"0";"0";"0";"0";"0";"0";"0";"0";"0";"0";"0";"0";"0";"0";"0";"0";"0";"0";"0";"0";"0";"0";"d__Bacteria";"Desulfobacterota";"Desulfobulbia";"Desulfobulbales";"Desulfocapsaceae";"[Desulfobacterium]_catecholicum_group";NA
"43cf5efaaac1d21da43ac99bcf92e453";"14";"5";"0";"0";"0";"0";"0";"0";"0";"0";"0";"0";"0";"0";"0";"0";"0";"0";"0";"0";"0";"0";"4";"0";"0";"0";"0";"0";"0";"0";"2";"0";"0";"0";"d__Bacteria";"Desulfobacterota";"Desulfobulbia";"Desulfobulbales";"Desulfocapsaceae";"Desulfofustis";NA
"e244c1974660671e409db5855367ef6a";"14";"0";"0";"0";"51";"0";"0";"0";"11";"13";"36";"66";"10";"18";"14";"0";"31";"6";"25";"37";"60";"19";"35";"9";"0";"10";"11";"10";"35";"19";"9";"7";"10";"7";"d__Bacteria";"Desulfobacterota";"Desulfovibrionia";"Desulfovibrionales";"Desulfomicrobiaceae";"Desulfomicrobium";NA
"2b15e8a799d1cbd104e64f25b25618cf";"50";"22";"0";"0";"4";"0";"0";"0";"47";"119";"7";"15";"41";"29";"23";"23";"10";"8";"11";"10";"4";"0";"4";"0";"0";"0";"0";"11";"0";"0";"0";"0";"0";"0";"d__Bacteria";"Desulfobacterota";"Desulfuromonadia";"PB19";"PB19";"PB19";NA
"e9f2096bac85517be82897e1b1626ea3";"37";"0";"5";"0";"0";"0";"0";"0";"0";"0";"0";"0";"0";"0";"0";"0";"0";"0";"0";"0";"0";"0";"0";"0";"0";"0";"0";"0";"0";"0";"0";"0";"0";"0";"d__Bacteria";"NB1-j";"NB1-j";"NB1-j";"NB1-j";"NB1-j";NA
"8389244ef8cf290b854ee8ef642b17b4";"3";"0";"0";"0";"0";"0";"0";"0";"0";"0";"0";"0";"0";"0";"0";"0";"0";"0";"0";"0";"0";"0";"0";"0";"0";"0";"0";"0";"0";"0";"0";"0";"0";"0";"d__Bacteria";"Myxococcota";"Polyangia";"Haliangiales";"Haliangiaceae";"Haliangium";NA
"c09a76f2ea0e5d9b0b1d302b0526bef2";"26";"23";"0";"0";"0";"0";"0";"0";"0";"0";"0";"0";"0";"0";"0";"0";"0";"0";"0";"0";"0";"0";"0";"0";"0";"0";"0";"0";"0";"0";"0";"0";"0";"0";"d__Bacteria";"Myxococcota";"Polyangia";"Polyangiales";"Sandaracinaceae";"uncultured";NA
"d0f29d272868a63c490e7fa34aead636";"148";"90";"12";"0";"0";"0";"0";"0";"0";"0";"0";"0";"13";"5";"3";"0";"0";"0";"0";"0";"0";"0";"0";"0";"0";"0";"0";"0";"0";"0";"0";"0";"0";"0";"d__Bacteria";"Myxococcota";"Polyangia";"Polyangiales";"Phaselicystidaceae";"Phaselicystis";NA
"6d2774a278abf677a73165a4bf347970";"37";"9";"0";"3";"29";"0";"0";"0";"14";"18";"29";"145";"19";"374";"17";"22";"45";"9";"4";"50";"31";"12";"0";"0";"0";"34";"22";"0";"0";"9";"45";"9";"5";"23";"d__Bacteria";"Bdellovibrionota";"Bdellovibrionia";"Bdellovibrionales";"Bdellovibrionaceae";"Bdellovibrio";NA
"76e4cbee7d7aad1272739f4b5c668537";"0";"0";"0";"0";"0";"0";"0";"0";"0";"7";"0";"5";"0";"0";"0";"0";"0";"0";"0";"0";"0";"0";"0";"0";"0";"0";"0";"0";"0";"0";"0";"0";"0";"0";"d__Bacteria";"Bdellovibrionota";"Oligoflexia";"Silvanigrellales";"Silvanigrellaceae";"Silvanigrella";NA
"c2efc299a8026dc644a5dca6e4ce7995";"0";"0";"5";"25";"13";"0";"0";"0";"0";"0";"0";"0";"0";"0";"0";"0";"0";"0";"0";"0";"0";"0";"0";"0";"0";"0";"0";"0";"0";"0";"0";"0";"0";"0";"d__Bacteria";"Bdellovibrionota";"Bdellovibrionia";"Bacteriovoracales";"Bacteriovoracaceae";"Peredibacter";NA
"80baf46fd2ed29a7755517192832fe18";"0";"0";"0";"0";"0";"0";"0";"0";"0";"0";"0";"0";"0";"0";"0";"0";"0";"0";"0";"0";"0";"0";"0";"0";"0";"0";"0";"0";"3";"0";"0";"0";"0";"0";"d__Bacteria";"Desulfobacterota";"Desulfobacteria";"Desulfobacterales";"Desulfobacteraceae";"Desulfobotulus";NA
"86e5b4ce93c051c6750947170a1bc158";"10";"10";"0";"0";"0";"0";"0";"0";"0";"0";"0";"0";"0";"0";"0";"0";"0";"0";"0";"0";"0";"0";"0";"0";"0";"0";"0";"0";"0";"0";"0";"0";"0";"0";"d__Bacteria";"Desulfobacterota";"Desulfobacteria";"Desulfobacterales";"Desulfococcaceae";"Desulfococcus";NA
"8c6b86c65b10ec66c44f277164d75466";"22";"0";"0";"0";"0";"0";"0";"0";"0";"0";"0";"0";"0";"0";"0";"0";"0";"0";"0";"0";"0";"0";"0";"0";"0";"0";"0";"0";"0";"0";"0";"0";"0";"0";"d__Bacteria";"Desulfobacterota";"Desulfuromonadia";"Bradymonadales";"Bradymonadales";"Bradymonadales";NA
"c0b155ab27f821ae405cedee93f86ba8";"36";"20";"0";"0";"0";"0";"0";"0";"0";"0";"0";"0";"0";"0";"0";"0";"0";"0";"0";"0";"0";"0";"0";"0";"0";"0";"0";"0";"0";"0";"0";"0";"0";"0";"d__Bacteria";"Bdellovibrionota";"Bdellovibrionia";"Bdellovibrionales";"Bdellovibrionaceae";"OM27_clade";NA
"d617e40da9832ef9debe36445baa5b2e";"0";"0";"0";"0";"0";"0";"0";"0";"0";"0";"0";"0";"2";"0";"0";"2";"0";"0";"0";"0";"0";"3";"0";"2";"0";"0";"0";"0";"0";"0";"0";"0";"0";"0";"d__Bacteria";"Gemmatimonadota";"Gemmatimonadetes";"Gemmatimonadales";"Gemmatimonadaceae";"Gemmatimonas";NA
"56a776d5273511974c82a06522c52841";"327";"126";"23";"0";"0";"0";"0";"3";"0";"0";"0";"0";"0";"0";"0";"0";"0";"0";"0";"0";"0";"0";"0";"0";"0";"0";"0";"0";"0";"0";"0";"0";"0";"0";"d__Bacteria";"Gemmatimonadota";"Gemmatimonadetes";"Gemmatimonadales";"Gemmatimonadaceae";"uncultured";NA
"b91537925cad1e23aebc228d84ae3afb";"15";"0";"0";"0";"0";"0";"0";"0";"0";"0";"0";"0";"0";"0";"0";"0";"0";"0";"0";"0";"0";"0";"0";"0";"0";"0";"0";"0";"0";"0";"0";"0";"0";"0";"d__Bacteria";"Acidobacteriota";"Thermoanaerobaculia";"Thermoanaerobaculales";"Thermoanaerobaculaceae";"Subgroup_10";NA
"d3ef48a0793aed9997e149d2836cc2b7";"0";"0";"0";"0";"0";"0";"0";"0";"37";"40";"56";"126";"32";"27";"23";"23";"0";"0";"2";"0";"0";"0";"0";"0";"0";"0";"0";"5";"0";"0";"0";"0";"0";"0";"d__Bacteria";"Bacteroidota";"Kapabacteria";"Kapabacteriales";"Kapabacteriales";"Kapabacteriales";NA
"527b3eff9876b112656614fecd77c3fe";"59";"22";"5";"0";"0";"0";"0";"0";"0";"0";"0";"0";"0";"0";"0";"0";"0";"0";"0";"0";"0";"0";"0";"0";"0";"0";"0";"0";"0";"0";"0";"0";"0";"0";"d__Bacteria";"Latescibacterota";"Latescibacterota";"Latescibacterota";"Latescibacterota";"Latescibacterota";NA
"052f174cab37be599600e58c78283fa2";"0";"0";"0";"0";"7";"0";"0";"0";"0";"0";"0";"0";"0";"0";"0";"0";"0";"0";"0";"0";"0";"0";"0";"0";"0";"0";"0";"0";"0";"0";"0";"0";"0";"0";"d__Bacteria";"Spirochaetota";"Leptospirae";"Leptospirales";"Leptospiraceae";"Leptonema";NA
"882b5eaba6986842bdf69f26a48a72ea";"0";"0";"0";"11";"138";"0";"0";"0";"0";"0";"0";"0";"2";"0";"0";"0";"2";"0";"0";"0";"12";"5";"0";"0";"0";"2";"0";"6";"0";"0";"0";"15";"0";"22";"d__Bacteria";"Bacteroidota";"Bacteroidia";"Bacteroidales";"Williamwhitmaniaceae";"Blvii28_wastewater-sludge_group";NA
"0d9be0e185a74887aad8327340402e35";"0";"0";"0";"0";"0";"0";"0";"0";"0";"0";"0";"0";"0";"0";"0";"0";"0";"0";"0";"0";"0";"0";"0";"3";"0";"0";"0";"0";"0";"0";"0";"0";"0";"2";"d__Bacteria";"Bacteroidota";"Bacteroidia";"Bacteroidales";"p-251-o5";"p-251-o5";NA
"328a365b79668a7a4872e5194498ed15";"0";"0";"3";"0";"0";"0";"0";"0";"0";"0";"0";"0";"0";"0";"0";"0";"0";"0";"0";"0";"0";"0";"0";"0";"0";"0";"0";"0";"0";"0";"0";"0";"0";"0";"d__Bacteria";"Bacteroidota";"Bacteroidia";"Bacteroidales";"Prevotellaceae";"Prevotella";NA
"26547c96837ae7efcfa67fca0cc71140";"5";"0";"0";"0";"0";"0";"0";"0";"0";"0";"0";"0";"0";"0";"0";"0";"0";"0";"0";"0";"0";"8";"0";"2";"0";"0";"0";"0";"0";"0";"0";"0";"0";"0";"d__Bacteria";"Bacteroidota";"Bacteroidia";"Bacteroidales";"Bacteroidaceae";"Bacteroides";NA
"4aad10f6f45a20a35b2f32840b9a11fb";"377";"129";"35";"0";"13";"565";"403";"5";"3";"9";"26";"5";"0";"10";"0";"8";"17";"13";"15";"57";"121";"291";"291";"409";"0";"278";"375";"442";"359";"291";"229";"231";"233";"300";"d__Bacteria";"Bacteroidota";"Bacteroidia";"Chitinophagales";"Saprospiraceae";"uncultured";NA
"cbd4d09a1c3ed444c64afefbe825ce83";"158";"55";"10";"0";"0";"0";"0";"0";"0";"0";"291";"66";"0";"0";"0";"0";"0";"0";"0";"0";"0";"0";"0";"0";"0";"0";"0";"0";"0";"0";"0";"0";"0";"0";"d__Bacteria";"Bacteroidota";"Bacteroidia";"Chitinophagales";"Saprospiraceae";"Lewinella";NA
"1e1a7e9dd7b0890fb53dcbd3e3be3d13";"0";"1";"0";"0";"0";"0";"0";"0";"0";"0";"0";"0";"0";"0";"0";"0";"0";"0";"0";"0";"0";"0";"0";"0";"0";"0";"0";"0";"0";"0";"0";"0";"0";"0";"d__Bacteria";"Bacteroidota";"Bacteroidia";"Chitinophagales";"Saprospiraceae";NA;NA
"8f72900386b424d9d69facbd7f127421";"151";"68";"4";"0";"0";"0";"0";"0";"0";"0";"0";"0";"0";"0";"0";"0";"0";"0";"0";"0";"0";"0";"0";"0";"0";"0";"0";"0";"0";"0";"0";"0";"0";"0";"d__Bacteria";"Bacteroidota";"Bacteroidia";"Chitinophagales";"Saprospiraceae";"Phaeodactylibacter";NA
"e08a54ae0f63399e627c6ede9afc5026";"0";"0";"7";"0";"0";"0";"0";"0";"0";"0";"0";"0";"0";"0";"0";"0";"0";"0";"0";"0";"0";"0";"0";"0";"0";"0";"0";"0";"0";"0";"0";"0";"0";"0";"d__Bacteria";"Bacteroidota";"Bacteroidia";"Chitinophagales";"Chitinophagaceae";"Parasegetibacter";NA
"878f1954b4dd631f130f0ebe5d756cf6";"0";"0";"0";"0";"18";"11";"14";"0";"0";"0";"0";"0";"0";"0";"0";"0";"0";"0";"0";"0";"0";"0";"0";"0";"0";"0";"0";"0";"0";"0";"0";"0";"0";"0";"d__Bacteria";"Bacteroidota";"Bacteroidia";"Chitinophagales";"Chitinophagaceae";"uncultured";NA
"071288cc79cb1d5ecce5e4004cfe5e1b";"87";"33";"48";"23";"0";"0";"2";"0";"0";"0";"0";"0";"0";"0";"0";"0";"0";"0";"0";"0";"0";"0";"0";"0";"0";"0";"0";"0";"0";"0";"0";"0";"0";"0";"d__Bacteria";"Bacteroidota";"Bacteroidia";"Chitinophagales";"Chitinophagaceae";"Terrimonas";NA
"670c09fcd5488be658d4d98111784f5f";"0";"0";"0";"8";"25";"8";"5";"0";"0";"0";"0";"0";"0";"0";"0";"0";"0";"6";"2";"6";"6";"4";"0";"4";"0";"4";"7";"0";"0";"0";"0";"7";"0";"12";"d__Bacteria";"Bacteroidota";"Bacteroidia";"Chitinophagales";"Chitinophagaceae";"Taibaiella";NA
"41f4cfc812ef6cd99be84723eb441063";"14";"0";"0";"0";"5";"0";"0";"0";"0";"0";"0";"0";"0";"0";"0";"0";"0";"0";"0";"0";"0";"0";"0";"0";"0";"0";"0";"5";"0";"0";"0";"0";"0";"0";"d__Bacteria";"Bacteroidota";"Bacteroidia";"Chitinophagales";"Chitinophagaceae";"Edaphobaculum";NA
"2b8cfb0ca195d583d2e5e5e97640d518";"302";"97";"0";"1";"22";"0";"0";"0";"0";"0";"0";"0";"0";"0";"0";"0";"0";"2";"0";"0";"0";"0";"0";"0";"0";"0";"0";"0";"0";"0";"0";"0";"0";"0";"d__Bacteria";"Bacteroidota";"Bacteroidia";"Chitinophagales";"uncultured";"uncultured";NA
"355b83c640522992ab1a454a448e4702";"190";"110";"0";"0";"0";"0";"0";"0";"0";"0";"7";"43";"37";"22";"14";"4";"9";"6";"4";"0";"0";"0";"0";"0";"0";"0";"0";"0";"0";"0";"0";"0";"0";"0";"d__Bacteria";"Bacteroidota";"Bacteroidia";"Cytophagales";"Microscillaceae";"Chryseolinea";NA
"54c624960bf272992b26e242f673cac6";"40";"12";"0";"215";"199";"11";"12";"153";"388";"169";"244";"562";"165";"169";"162";"97";"58";"25";"23";"26";"9";"47";"23";"37";"0";"0";"0";"22";"16";"17";"8";"5";"10";"5";"d__Bacteria";"Bacteroidota";"Bacteroidia";"Cytophagales";"Microscillaceae";"uncultured";NA
"9554c5f2061c3816e67e3353934540fb";"0";"0";"0";"0";"0";"3";"0";"6";"27";"19";"50";"11";"12";"12";"7";"24";"0";"0";"4";"3";"0";"5";"6";"9";"0";"6";"0";"0";"4";"5";"7";"0";"5";"0";"d__Bacteria";"Bacteroidota";"Bacteroidia";"Cytophagales";"Cyclobacteriaceae";"uncultured";NA
"61cfc70faf3c8c82aabc783897201f16";"0";"0";"0";"0";"0";"0";"0";"0";"0";"0";"0";"0";"0";"0";"0";"0";"0";"0";"2";"0";"0";"2";"0";"0";"0";"0";"0";"0";"0";"0";"0";"0";"0";"0";"d__Bacteria";"Bacteroidota";"Bacteroidia";"Cytophagales";"Spirosomaceae";"Runella";NA
"02965fea6e51d4f8c16ac6f7df8cb95a";"0";"0";"0";"0";"4";"0";"0";"0";"0";"0";"0";"0";"0";"0";"0";"0";"0";"4";"0";"0";"0";"0";"0";"0";"0";"0";"0";"0";"0";"0";"0";"0";"0";"0";"d__Bacteria";"Bacteroidota";"Bacteroidia";"Cytophagales";"Spirosomaceae";"Dyadobacter";NA
"aac82b58a16a66692bc05f1140d315f0";"0";"0";"0";"9";"11";"0";"0";"0";"0";"0";"0";"0";"0";"0";"0";"0";"0";"0";"0";"0";"0";"0";"0";"0";"0";"0";"0";"0";"0";"0";"0";"0";"0";"0";"d__Bacteria";"Bacteroidota";"Bacteroidia";"Cytophagales";"Spirosomaceae";"uncultured";NA
"136936629841a692912ea51dda2703ec";"23";"0";"2";"64";"218";"175";"139";"47";"167";"114";"93";"310";"310";"169";"135";"135";"158";"108";"116";"181";"122";"262";"196";"319";"0";"150";"180";"152";"106";"157";"129";"156";"102";"202";"d__Bacteria";"Bacteroidota";"Bacteroidia";"Cytophagales";"Spirosomaceae";"Persicitalea";NA
"b294950f80dd4c82ead2ac35d20554a5";"0";"0";"0";"30";"73";"26";"15";"0";"0";"0";"11";"3";"0";"0";"0";"0";"0";"0";"0";"0";"0";"0";"0";"0";"0";"0";"0";"0";"0";"0";"0";"0";"0";"0";"d__Bacteria";"Bacteroidota";"Bacteroidia";"Cytophagales";"Spirosomaceae";"Leadbetterella";NA
"71818bb97cba69e54b078f54d2024dfe";"0";"0";"0";"0";"2";"0";"0";"0";"0";"0";"0";"0";"0";"0";"0";"0";"0";"0";"0";"0";"0";"0";"0";"0";"0";"0";"0";"0";"0";"0";"0";"0";"0";"0";"d__Bacteria";"Bacteroidota";"Bacteroidia";"Cytophagales";"Amoebophilaceae";"Candidatus_Amoebophilus";NA
"85bb590c2c2b64f051b09a24e983ddcd";"0";"0";"0";"0";"0";"0";"0";"0";"0";"0";"0";"0";"9";"0";"0";"0";"0";"0";"0";"0";"0";"0";"0";"0";"0";"0";"0";"0";"0";"0";"0";"0";"0";"0";"d__Bacteria";"Bacteroidota";"Bacteroidia";"Cytophagales";"Cyclobacteriaceae";"Algoriphagus";NA
"6d80c301d027576d26e472c7e26278df";"0";"0";"0";"0";"0";"0";"6";"13";"6";"0";"0";"0";"0";"0";"0";"0";"0";"0";"0";"0";"0";"0";"0";"0";"0";"0";"0";"0";"5";"8";"8";"12";"9";"0";"d__Bacteria";"Bacteroidota";"Bacteroidia";"Cytophagales";"Cyclobacteriaceae";"Lunatimonas";NA
"2c7a3f4543ec32cab55e1b9f70914ac9";"0";"0";"0";"0";"0";"0";"0";"0";"0";"0";"0";"0";"0";"0";"0";"0";"0";"0";"0";"0";"0";"0";"3";"0";"0";"0";"0";"0";"0";"0";"0";"0";"0";"0";"d__Bacteria";"Bacteroidota";"Bacteroidia";"Cytophagales";"Cyclobacteriaceae";"Cyclobacterium";NA
"f87a51a84a758c5a3f8fd3d33fb0b5db";"54";"19";"2";"47";"16";"0";"0";"0";"0";"0";"0";"0";"7";"6";"4";"3";"6";"0";"0";"5";"8";"2";"0";"0";"0";"0";"6";"5";"3";"0";"7";"0";"4";"5";"d__Bacteria";"Bacteroidota";"Rhodothermia";"Balneolales";"Balneolaceae";"uncultured";NA
"a74bc827e74caea6cca0cb660bbd077a";"23";"6";"13";"2";"6";"0";"0";"6";"10";"6";"14";"4";"0";"0";"0";"0";"0";"0";"0";"0";"0";"0";"3";"0";"0";"6";"5";"10";"4";"6";"5";"7";"0";"5";"d__Bacteria";"Deinococcota";"Deinococci";"Deinococcales";"Trueperaceae";"Truepera";NA
"0ab29aaf88713886c0b3b28de6191a85";"8";"0";"0";"0";"0";"0";"0";"0";"0";"0";"0";"0";"0";"0";"0";"0";"0";"0";"0";"0";"0";"0";"0";"0";"0";"0";"0";"0";"0";"0";"0";"0";"0";"0";"d__Bacteria";"Gemmatimonadota";"BD2-11_terrestrial_group";"BD2-11_terrestrial_group";"BD2-11_terrestrial_group";"BD2-11_terrestrial_group";NA
"5f81c584ef35f3cb94bd005a06b80c64";"273";"82";"4";"0";"0";"0";"0";"0";"0";"0";"0";"0";"0";"0";"0";"0";"0";"0";"0";"0";"0";"0";"0";"0";"0";"0";"0";"0";"0";"0";"0";"0";"0";"0";"d__Bacteria";"Cyanobacteria";"Vampirivibrionia";"Obscuribacterales";"Obscuribacteraceae";"Obscuribacteraceae";NA
"faba95fac6c77687363fa553ea8c0fbb";"157";"92";"72";"0";"0";"0";"0";"0";"0";"0";"0";"0";"0";"0";"0";"0";"0";"0";"0";"0";"0";"0";"0";"0";"0";"0";"0";"0";"0";"0";"0";"0";"0";"0";"d__Bacteria";"Actinobacteriota";"Actinobacteria";"uncultured";"uncultured";"uncultured";NA
"c71451389513dafd377396aa030b6793";"396";"150";"152";"0";"0";"0";"0";"0";"0";"0";"0";"0";"0";"0";"0";"0";"0";"0";"0";"0";"0";"0";"0";"0";"0";"0";"0";"0";"0";"0";"0";"0";"0";"0";"d__Bacteria";"Actinobacteriota";"Actinobacteria";"Pseudonocardiales";"Pseudonocardiaceae";"Pseudonocardia";NA
"b02a8d33d018119dedb2db15db887bfd";"0";"0";"0";"0";"0";"0";"0";"0";"0";"0";"0";"0";"0";"0";"0";"3";"0";"0";"0";"0";"0";"0";"0";"0";"0";"0";"0";"0";"0";"0";"0";"0";"0";"0";"d__Bacteria";"Actinobacteriota";"Actinobacteria";"Propionibacteriales";"Propionibacteriaceae";"Cutibacterium";NA
"b2d06c0d40f5b6bdc5b49ebe7d804c03";"0";"0";"14";"0";"0";"0";"0";"0";"0";"0";"0";"0";"0";"0";"0";"0";"0";"0";"0";"0";"0";"0";"0";"0";"0";"0";"0";"0";"0";"0";"0";"0";"0";"0";"d__Bacteria";"Actinobacteriota";"Actinobacteria";"Propionibacteriales";"Nocardioidaceae";"Marmoricola";NA
"1c0c1290f927f57025e7799a00f3d2d2";"159";"102";"46";"0";"0";"0";"0";"0";"0";"0";"0";"0";"0";"0";"0";"0";"0";"0";"0";"0";"0";"0";"0";"0";"0";"0";"0";"0";"0";"0";"0";"0";"0";"0";"d__Bacteria";"Actinobacteriota";"Actinobacteria";"Propionibacteriales";"Nocardioidaceae";NA;NA
"b6148b30b638f67d70d1584910110ca4";"313";"75";"81";"7";"16";"0";"7";"114";"69";"56";"111";"70";"48";"38";"26";"16";"26";"37";"29";"57";"22";"89";"62";"67";"0";"50";"87";"96";"66";"71";"68";"52";"54";"43";"d__Bacteria";"Actinobacteriota";"Actinobacteria";"Propionibacteriales";"Nocardioidaceae";"Nocardioides";NA
"87584dd5d7e3411e46cdf63b82a73205";"551";"363";"244";"2";"17";"0";"11";"0";"0";"0";"0";"0";"11";"7";"0";"2";"3";"3";"3";"0";"0";"0";"0";"6";"0";"8";"8";"0";"0";"0";"0";"10";"0";"5";"d__Bacteria";"Actinobacteriota";"Actinobacteria";"Corynebacteriales";"Mycobacteriaceae";"Mycobacterium";NA
"a92980ff6a4730633ffc589522c774da";"212";"125";"134";"6";"11";"0";"0";"0";"0";"0";"0";"0";"0";"0";"0";"0";"0";"0";"0";"0";"0";"0";"0";"0";"0";"0";"0";"0";"0";"0";"0";"0";"0";"0";"d__Bacteria";"Actinobacteriota";"Actinobacteria";"Corynebacteriales";"Nocardiaceae";"Rhodococcus";NA
"89a8648166575f33d71b2a8b75e2a4c9";"16";"9";"0";"0";"0";"0";"0";"0";"0";"0";"0";"0";"0";"0";"0";"0";"0";"0";"0";"0";"0";"0";"4";"6";"0";"7";"5";"5";"0";"0";"0";"4";"0";"9";"d__Bacteria";"Actinobacteriota";"Actinobacteria";"Corynebacteriales";"Nocardiaceae";"Gordonia";NA
"c6d9d44f8267f0e0cb95e43458777858";"8";"0";"0";"9";"41";"25";"23";"0";"0";"0";"3";"0";"0";"0";"6";"0";"0";"0";"0";"0";"0";"0";"0";"0";"0";"0";"3";"0";"0";"0";"0";"0";"0";"0";"d__Bacteria";"Actinobacteriota";"Actinobacteria";"Corynebacteriales";"Dietziaceae";"Dietzia";NA
"a591a1096a14d0a01871f16397922725";"41";"6";"16";"15";"9";"0";"0";"0";"0";"0";"0";"0";"0";"0";"0";"0";"0";"0";"0";"0";"0";"0";"0";"0";"0";"0";"0";"0";"0";"0";"0";"0";"0";"0";"d__Bacteria";"Actinobacteriota";"Actinobacteria";"Corynebacteriales";"Corynebacteriaceae";"Corynebacterium";NA
"fb9535984ebbcb33a54e845072dbba94";"0";"0";"0";"0";"95";"63";"48";"0";"0";"0";"0";"0";"0";"0";"0";"0";"0";"0";"0";"0";"0";"0";"0";"0";"0";"0";"0";"0";"0";"0";"0";"0";"0";"0";"d__Bacteria";"Actinobacteriota";"Actinobacteria";"Corynebacteriales";"Nocardiaceae";"Nocardia";NA
"68c117642134faa018f502315c817426";"24";"12";"15";"0";"0";"0";"0";"0";"0";"0";"0";"0";"0";"0";"0";"0";"0";"0";"0";"0";"0";"0";"0";"0";"0";"0";"0";"0";"0";"0";"0";"0";"0";"0";"d__Bacteria";"Actinobacteriota";"Actinobacteria";"Frankiales";"Frankiales";"Frankiales";NA
"465288d03604f0799d5c1a730d258ee2";"0";"0";"0";"0";"0";"0";"0";"0";"0";"0";"0";"0";"0";"0";"0";"0";"0";"0";"0";"0";"0";"0";"0";"0";"0";"0";"0";"0";"0";"0";"0";"0";"0";"2";"d__Bacteria";"Actinobacteriota";"Actinobacteria";"Corynebacteriales";"Corynebacteriaceae";"Lawsonella";NA
"5eb42a12445fcf7ae9a0b4a8cf77915c";"0";"2";"0";"0";"0";"0";"0";"0";"0";"0";"0";"0";"0";"0";"0";"2";"0";"0";"3";"3";"0";"0";"0";"0";"0";"3";"0";"0";"0";"10";"0";"0";"0";"0";"d__Bacteria";"Actinobacteriota";"Actinobacteria";"Micrococcales";"Brevibacteriaceae";"Brevibacterium";NA
"07031e1e9e040bc3e6c7c2e427425ecf";"41";"13";"21";"0";"6";"0";"0";"0";"0";"0";"0";"0";"0";"0";"0";"0";"0";"0";"0";"0";"0";"0";"0";"0";"0";"0";"0";"0";"0";"0";"0";"0";"0";"0";"d__Bacteria";"Actinobacteriota";"Actinobacteria";"Micrococcales";"Cellulomonadaceae";"Actinotalea";NA
"43b85b1971bb309ac7f7358561b7a6f4";"236";"76";"88";"85";"95";"12";"12";"0";"0";"0";"0";"0";"0";"0";"0";"0";"0";"15";"14";"34";"11";"9";"0";"12";"0";"14";"45";"67";"20";"12";"21";"13";"11";"16";"d__Bacteria";"Actinobacteriota";"Actinobacteria";"Micrococcales";"Microbacteriaceae";"Leucobacter";NA
"cca697dcb9a6f0996cb4809241f85cfa";"0";"17";"0";"0";"0";"0";"0";"0";"0";"0";"0";"0";"0";"0";"0";"0";"0";"0";"0";"0";"0";"0";"0";"0";"0";"0";"0";"0";"0";"0";"0";"0";"0";"0";"d__Bacteria";"Actinobacteriota";"Actinobacteria";"Micrococcales";"Microbacteriaceae";"Microbacterium";NA
"6197c51e0918afcc196d6b1926ff4876";"0";"2";"0";"202";"277";"104";"111";"70";"71";"30";"133";"55";"301";"92";"88";"43";"81";"55";"42";"59";"24";"42";"60";"59";"0";"121";"112";"140";"71";"111";"68";"37";"25";"45";"d__Bacteria";"Actinobacteriota";"Actinobacteria";"Micrococcales";"Microbacteriaceae";NA;NA
"81ef178bf02e22b6467c873aa5ff3e35";"0";"0";"0";"0";"0";"0";"0";"0";"0";"0";"40";"0";"0";"0";"0";"0";"0";"0";"0";"0";"0";"0";"0";"0";"0";"0";"0";"0";"0";"0";"0";"0";"0";"0";"d__Bacteria";"Actinobacteriota";"Actinobacteria";"Micrococcales";"Microbacteriaceae";"Chryseoglobus";NA
"d421325c569f153eff7ccdda5a06554f";"0";"0";"0";"0";"0";"0";"0";"0";"0";"0";"0";"0";"0";"0";"0";"0";"0";"0";"0";"0";"0";"0";"0";"0";"0";"0";"0";"0";"0";"6";"0";"0";"0";"0";"d__Bacteria";"Actinobacteriota";"Actinobacteria";"Micrococcales";"Intrasporangiaceae";"Ornithinimicrobium";NA
"017436fd80e76ba48a329e6c2201c33c";"515";"163";"402";"0";"0";"0";"0";"0";"0";"0";"0";"0";"0";"0";"0";"0";"0";"0";"0";"0";"0";"0";"0";"0";"0";"0";"0";"0";"0";"0";"0";"0";"0";"0";"d__Bacteria";"Actinobacteriota";"Actinobacteria";"Micrococcales";"Intrasporangiaceae";NA;NA
"33afa62515f1a85104127aecbbfd4f22";"1149";"409";"512";"0";"8";"0";"0";"0";"0";"0";"0";"0";"0";"0";"0";"0";"0";"0";"0";"0";"0";"0";"0";"0";"0";"0";"0";"0";"0";"0";"0";"0";"0";"0";"d__Bacteria";"Actinobacteriota";"Actinobacteria";"Micrococcales";NA;NA;NA
"b6de06aacd6839b7240a969694e8dea6";"651";"325";"379";"129";"134";"0";"0";"0";"0";"0";"0";"0";"0";"0";"0";"0";"0";"0";"0";"0";"0";"0";"0";"0";"0";"0";"0";"0";"0";"0";"0";"0";"0";"0";"d__Bacteria";"Actinobacteriota";"Actinobacteria";"Micrococcales";"Intrasporangiaceae";"Tetrasphaera";NA
"37020b47521b3745084f867b8c1f7bc3";"11";"0";"0";"0";"0";"0";"0";"0";"0";"0";"0";"0";"0";"0";"0";"0";"0";"0";"0";"0";"0";"0";"0";"0";"0";"0";"0";"0";"0";"0";"0";"0";"0";"0";"d__Bacteria";"Actinobacteriota";"Actinobacteria";"Bifidobacteriales";"Bifidobacteriaceae";"Bifidobacterium";NA
"ac03c0f0a463e59c28f817c60e7ecd8a";"9";"0";"0";"0";"0";"0";"0";"0";"0";"0";"0";"0";"0";"0";"0";"0";"0";"0";"0";"0";"0";"0";"0";"0";"0";"0";"0";"0";"0";"0";"0";"0";"0";"0";"d__Bacteria";"Actinobacteriota";"Actinobacteria";"Actinomycetales";"Actinomycetaceae";"Actinomyces";NA
"a2ea9ce90906f9c08cf94daccc8fbb91";"30";"11";"8";"0";"0";"0";"0";"0";"0";"0";"0";"0";"0";"0";"0";"0";"0";"0";"0";"0";"0";"0";"0";"0";"0";"0";"0";"0";"0";"0";"0";"0";"0";"0";"d__Bacteria";"Actinobacteriota";"Actinobacteria";"Micrococcales";"Bogoriellaceae";"Georgenia";NA
"2b868acb906ca5a23d3950b48894cd70";"0";"0";"0";"0";"0";"14";"11";"0";"10";"0";"12";"0";"0";"6";"5";"0";"0";"0";"0";"0";"0";"0";"0";"0";"0";"0";"0";"0";"0";"0";"0";"0";"0";"0";"d__Bacteria";"Actinobacteriota";"Actinobacteria";"Micrococcales";"Micrococcaceae";"Micrococcus";NA
"4adeb7bc59573887de5df3285c6fb0d2";"0";"0";"0";"0";"0";"0";"0";"0";"0";"0";"5";"4";"0";"0";"0";"0";"0";"0";"0";"0";"0";"0";"0";"0";"0";"0";"0";"3";"0";"0";"0";"0";"0";"0";"d__Bacteria";"Actinobacteriota";"Actinobacteria";"Micrococcales";"Micrococcaceae";"Nesterenkonia";NA
"985fa4abf1a907a81c09b4843bb8ff55";"1647";"508";"754";"19";"8";"0";"0";"0";"0";"0";"0";"0";"0";"0";"0";"0";"0";"0";"0";"0";"0";"0";"0";"0";"0";"0";"0";"0";"0";"0";"0";"0";"0";"0";"d__Bacteria";"Actinobacteriota";"Acidimicrobiia";"Actinomarinales";"uncultured";"uncultured";NA
"c6bb76a5bf065c1977687d613142a88e";"40";"15";"17";"0";"9";"0";"0";"0";"0";"0";"0";"0";"0";"0";"0";"0";"0";"0";"0";"0";"0";"0";"0";"0";"0";"0";"0";"0";"0";"0";"0";"0";"0";"0";"d__Bacteria";"Actinobacteriota";"Acidimicrobiia";"Microtrichales";"Microtrichaceae";"uncultured";NA
"96fcd0fdbd784d232fdc52d0f8dbdf68";"16";"9";"4";"0";"0";"0";"0";"0";"0";"0";"0";"0";"0";"0";"0";"0";"0";"0";"0";"0";"0";"0";"0";"0";"0";"0";"0";"0";"0";"0";"0";"0";"0";"0";"d__Bacteria";"Actinobacteriota";"Acidimicrobiia";"Microtrichales";NA;NA;NA
"ea103df5d9628fc14406f36339f1fbaf";"16";"3";"0";"0";"0";"0";"0";"0";"0";"0";"0";"0";"0";"0";"0";"0";"0";"0";"0";"0";"0";"0";"0";"0";"0";"0";"0";"0";"0";"0";"0";"0";"0";"0";"d__Bacteria";"Actinobacteriota";"Acidimicrobiia";"Microtrichales";"Microtrichaceae";"Sva0996_marine_group";NA
"454159d6b1705336c689985b87fef972";"20";"7";"9";"0";"2";"16";"16";"0";"0";"3";"37";"25";"0";"0";"0";"0";"0";"0";"0";"3";"0";"18";"7";"7";"0";"18";"22";"17";"19";"35";"32";"19";"17";"29";"d__Bacteria";"Actinobacteriota";"Acidimicrobiia";"Microtrichales";"Iamiaceae";"Iamia";NA
"db1dd15af734fec4b09dddb1086b7274";"1448";"539";"677";"11";"15";"0";"0";"0";"0";"0";"0";"0";"3";"0";"0";"0";"0";"0";"0";"0";"0";"0";"0";"0";"0";"0";"0";"2";"0";"0";"0";"0";"0";"0";"d__Bacteria";"Actinobacteriota";"Acidimicrobiia";"Microtrichales";"uncultured";"uncultured";NA
"f04892a3036f1b0ef34667596065fd6e";"1858";"1048";"1111";"42";"48";"0";"0";"0";"8";"11";"12";"13";"0";"0";"0";"0";"0";"0";"0";"2";"0";"0";"0";"0";"0";"0";"0";"0";"0";"0";"0";"0";"0";"0";"d__Bacteria";"Actinobacteriota";"Acidimicrobiia";"Microtrichales";"Microtrichaceae";"IMCC26207";NA
"773df97e67640e553574e6aaf8717be2";"251";"129";"115";"0";"3";"0";"0";"0";"0";"0";"5";"0";"0";"0";"0";"0";"0";"0";"0";"0";"0";"0";"0";"0";"0";"0";"0";"0";"0";"0";"0";"0";"0";"0";"d__Bacteria";"Actinobacteriota";"Acidimicrobiia";"IMCC26256";"IMCC26256";"IMCC26256";NA
"2dc62c84865bdd1809d2a8f472117610";"0";"6";"0";"0";"0";"0";"0";"0";"0";"0";"0";"0";"0";"0";"0";"0";"0";"0";"0";"0";"0";"0";"0";"0";"0";"0";"0";"0";"0";"0";"0";"0";"0";"0";"d__Bacteria";"Actinobacteriota";"Acidimicrobiia";"Microtrichales";"Ilumatobacteraceae";"CL500-29_marine_group";NA
"2065212d7f0577a467fed8f640b2ff34";"483";"207";"291";"13";"0";"0";"0";"0";"0";"0";"6";"0";"2";"0";"0";"0";"0";"0";"0";"0";"0";"16";"0";"4";"0";"0";"0";"0";"0";"0";"0";"0";"0";"0";"d__Bacteria";"Actinobacteriota";"Acidimicrobiia";"Microtrichales";"Ilumatobacteraceae";"Ilumatobacter";NA
"6964208f11bf2e771e52ad67a69a6fde";"15";"0";"0";"9";"18";"16";"21";"7";"15";"11";"12";"0";"5";"0";"2";"0";"0";"0";"0";"8";"5";"21";"18";"23";"0";"27";"21";"24";"32";"25";"10";"23";"16";"0";"d__Bacteria";"Actinobacteriota";"Acidimicrobiia";"Microtrichales";"Ilumatobacteraceae";"uncultured";NA
"f2f983457e86694bb08b87a69765038a";"660";"267";"414";"0";"0";"0";"0";"0";"0";"0";"0";"0";"0";"0";"0";"0";"0";"0";"0";"0";"0";"0";"0";"0";"0";"0";"0";"0";"0";"0";"0";"0";"0";"0";"d__Bacteria";"Actinobacteriota";"Acidimicrobiia";"Microtrichales";"Ilumatobacteraceae";NA;NA
"0dd0a79d719f0825a8bd96de71eab320";"0";"0";"0";"0";"0";"0";"0";"9";"7";"10";"20";"0";"0";"0";"0";"0";"0";"0";"0";"0";"0";"0";"0";"0";"0";"0";"0";"0";"7";"5";"0";"9";"18";"12";"d__Bacteria";"Actinobacteriota";"Thermoleophilia";"Gaiellales";"uncultured";"uncultured";NA
"15e05255b2aa8ee3524ca61eb207bb18";"5";"3";"0";"0";"0";"0";"0";"0";"0";"0";"0";"0";"0";"0";"0";"0";"0";"0";"0";"0";"0";"0";"0";"0";"0";"0";"0";"0";"0";"0";"0";"0";"0";"0";"d__Bacteria";"Actinobacteriota";"Coriobacteriia";"Coriobacteriales";"Coriobacteriaceae";"Collinsella";NA
"440d4682d3bbb70c4248e5d495caab66";"2";"0";"0";"0";"0";"0";"0";"0";"0";"0";"0";"0";"0";"0";"0";"0";"0";"0";"0";"0";"0";"0";"0";"0";"0";"0";"0";"0";"0";"0";"0";"0";"0";"0";"d__Bacteria";"Actinobacteriota";"Thermoleophilia";"Solirubrobacterales";"Solirubrobacteraceae";"Solirubrobacter";NA
"2ddb20b1534564a53c0e9f2657731292";"13573";"9736";"7384";"132";"117";"0";"0";"0";"0";"0";"0";"0";"0";"0";"0";"0";"0";"0";"0";"3";"0";"0";"0";"0";"0";"0";"6";"11";"0";"0";"0";"0";"0";"4";"d__Bacteria";"Actinobacteriota";"Thermoleophilia";"Solirubrobacterales";"67-14";"67-14";NA
"acd685a09a15d56929ac108e0a1ff3f3";"567";"153";"168";"6";"6";"0";"0";"0";"0";"0";"0";"0";"0";"0";"0";"0";"0";"0";"0";"0";"0";"0";"0";"0";"0";"0";"0";"0";"0";"0";"0";"0";"0";"0";"d__Bacteria";"Dadabacteria";"Dadabacteriia";"Dadabacteriales";"Dadabacteriales";"Dadabacteriales";NA
"0db00cf67b886b94fc12341744bb71a5";"0";"0";"0";"269";"492";"764";"387";"336";"233";"127";"408";"3351";"347";"284";"250";"146";"183";"234";"331";"929";"919";"2034";"2137";"2093";"0";"404";"531";"313";"151";"340";"297";"363";"352";"506";"d__Bacteria";"Verrucomicrobiota";"Verrucomicrobiae";"Verrucomicrobiales";"Verrucomicrobiaceae";"Prosthecobacter";NA
"44a534c52530b6c34c2c6ee121beb8fa";"2";"21";"0";"0";"0";"0";"0";"0";"0";"0";"0";"0";"0";"0";"0";"0";"0";"3";"0";"2";"2";"0";"0";"3";"0";"2";"0";"0";"2";"2";"0";"0";"0";"0";"d__Bacteria";NA;NA;NA;NA;NA;NA
"9b87c99ddf0156e50de15cd0b4c4cb7b";"0";"2";"0";"0";"0";"0";"10";"0";"0";"0";"0";"0";"0";"0";"0";"0";"0";"0";"0";"0";"0";"0";"0";"0";"0";"0";"0";"0";"0";"0";"0";"0";"0";"0";"d__Bacteria";"Proteobacteria";NA;NA;NA;NA;NA
"d533ab83364b0c97c47be27475a07e87";"0";"0";"0";"22";"54";"128";"65";"5";"13";"15";"19";"65";"57";"39";"23";"8";"34";"24";"35";"38";"35";"18";"24";"6";"0";"0";"0";"3";"0";"0";"0";"0";"0";"0";"d__Bacteria";"Firmicutes";"Desulfitobacteriia";"Desulfitobacteriales";"Desulfitobacteriales";"TC1";NA
"ec3ddf38801f13d5d603ea293e15c0ef";"0";"0";"0";"0";"12";"0";"0";"0";"0";"0";"0";"0";"20";"16";"10";"3";"11";"2";"17";"5";"13";"7";"16";"4";"0";"6";"3";"2";"0";"8";"7";"0";"0";"2";"d__Bacteria";"Firmicutes";"Desulfitobacteriia";"Desulfitobacteriales";"uncultured";"uncultured";NA
"2a58b27e9bb5299c78d1f2d0e81f57e9";"0";"0";"0";"0";"0";"0";"0";"0";"0";"0";"0";"0";"0";"0";"4";"0";"0";"0";"0";"0";"0";"0";"0";"0";"0";"0";"0";"0";"0";"2";"0";"0";"2";"0";"d__Bacteria";"Firmicutes";"Clostridia";"Lachnospirales";"Lachnospiraceae";NA;NA
"962c014ef3f9f2b5fbf93adb86466e20";"0";"0";"0";"0";"0";"0";"0";"0";"0";"0";"0";"0";"0";"0";"0";"0";"0";"0";"2";"0";"0";"0";"0";"0";"0";"2";"0";"0";"0";"0";"0";"0";"0";"0";"d__Bacteria";"Firmicutes";"Bacilli";"Staphylococcales";"Staphylococcaceae";"Staphylococcus";NA
"c505b1e72a2648c7f996e558367d4f7f";"0";"0";"0";"0";"0";"0";"0";"0";"0";"0";"0";"0";"5";"5";"0";"0";"9";"10";"6";"7";"8";"13";"10";"4";"0";"6";"26";"18";"12";"0";"6";"9";"3";"9";"d__Bacteria";"Firmicutes";"Bacilli";"Mycoplasmatales";"Mycoplasmataceae";"Mycoplasma";NA
"13f7a1ef880f3b73eeffa18951ffe96f";"0";"0";"0";"0";"0";"0";"0";"0";"0";"0";"0";"0";"0";"5";"0";"6";"0";"0";"0";"0";"0";"0";"7";"0";"0";"0";"0";"0";"0";"0";"0";"0";"2";"0";"d__Bacteria";"Firmicutes";"Bacilli";"Lactobacillales";"Streptococcaceae";"Streptococcus";NA
"e1d098412c88700cbd3c119e7c62f2ca";"5";"0";"0";"0";"0";"0";"0";"0";"0";"0";"0";"0";"0";"0";"0";"0";"0";"0";"0";"0";"0";"0";"0";"0";"0";"0";"0";"0";"0";"0";"0";"0";"0";"0";"d__Bacteria";"Firmicutes";"Bacilli";"Lactobacillales";"Aerococcaceae";"Aerococcus";NA
"b6c1a8ba78f65c4a4e96627ccc53ac86";"0";"0";"0";"0";"0";"0";"0";"0";"0";"0";"0";"0";"0";"0";"5";"0";"0";"0";"0";"0";"0";"0";"0";"0";"0";"2";"0";"0";"15";"0";"6";"3";"0";"0";"d__Bacteria";"Firmicutes";"Bacilli";"Lactobacillales";"Lactobacillaceae";"Lactobacillus";NA
"3f826c1e3798634f944b6478f0725a10";"0";"0";"0";"0";"0";"0";"0";"0";"0";"0";"0";"0";"0";"0";"0";"0";"0";"0";"0";"0";"0";"5";"0";"0";"0";"5";"0";"5";"0";"5";"0";"0";"0";"0";"d__Bacteria";"Firmicutes";"Bacilli";"Bacillales";"Planococcaceae";"Planococcus";NA
"f8f58a46afe955948a775e51fd45e607";"19";"0";"0";"0";"0";"0";"0";"0";"0";"0";"0";"0";"0";"0";"0";"0";"0";"0";"0";"0";"0";"0";"0";"0";"0";"0";"0";"0";"0";"0";"0";"0";"0";"0";"d__Bacteria";"Firmicutes";"Bacilli";"Lactobacillales";"Aerococcaceae";"Aerosphaera";NA
"2164e40cb22143f4fb8ebe25ee8bb325";"28";"19";"6";"0";"0";"0";"0";"0";"0";"0";"0";"0";"0";"0";"0";"0";"0";"0";"0";"0";"0";"0";"0";"0";"0";"0";"0";"0";"0";"0";"0";"0";"0";"0";"d__Bacteria";"Firmicutes";"Bacilli";"Lactobacillales";"Carnobacteriaceae";"Trichococcus";NA
"75bde2ff9f4850876dfab6c40262d864";"135";"64";"0";"0";"0";"0";"0";"0";"0";"0";"0";"0";"0";"0";"0";"0";"0";"0";"0";"0";"0";"0";"0";"0";"0";"0";"0";"0";"0";"0";"0";"0";"0";"0";"d__Bacteria";"Firmicutes";"Bacilli";"Lactobacillales";"Enterococcaceae";"Enterococcus";NA
"bc6829c508d006f217e9c904e07ecf24";"0";"0";"0";"0";"9";"0";"0";"0";"0";"0";"0";"0";"0";"0";"0";"0";"0";"0";"0";"0";"0";"0";"0";"0";"0";"0";"0";"0";"0";"0";"0";"0";"0";"0";"d__Bacteria";"Firmicutes";"Bacilli";"Acholeplasmatales";"Acholeplasmataceae";"EUB33-2";NA
"2d9bac922d6d9141d00c2d19085368f1";"0";"0";"0";"25";"149";"29";"15";"0";"0";"4";"0";"3";"0";"0";"0";"3";"4";"9";"16";"24";"21";"22";"59";"27";"0";"267";"241";"127";"125";"99";"92";"99";"29";"71";"d__Bacteria";"Firmicutes";"Bacilli";"Acholeplasmatales";"Acholeplasmataceae";"Acholeplasma";NA
"d685c82c6a6dc94094dd78eee36ee894";"0";"0";"0";"190";"406";"821";"491";"5";"0";"68";"158";"223";"245";"199";"179";"126";"234";"168";"233";"209";"147";"81";"92";"33";"0";"12";"14";"15";"4";"9";"24";"34";"9";"0";"d__Bacteria";"Firmicutes";"Bacilli";"Erysipelotrichales";"Erysipelotrichaceae";"Erysipelothrix";NA
"7f90c5f2bb9797fa5a4b9d9adda2f080";"4";"4";"0";"0";"0";"0";"0";"0";"0";"0";"0";"0";"0";"0";"0";"0";"0";"0";"0";"0";"0";"0";"0";"0";"0";"0";"0";"0";"0";"0";"0";"0";"0";"0";"d__Bacteria";"Firmicutes";"Bacilli";"Erysipelotrichales";"Erysipelatoclostridiaceae";"Erysipelatoclostridium";NA
"4f904ebdd10ebd14b54b088e8710dd22";"27";"9";"9";"0";"0";"0";"0";"0";"0";"0";"0";"0";"0";"2";"0";"0";"0";"0";"0";"0";"0";"0";"0";"2";"0";"0";"0";"0";"0";"0";"0";"0";"0";"0";"d__Bacteria";"Firmicutes";"Bacilli";"Erysipelotrichales";"Erysipelotrichaceae";"Turicibacter";NA
"388532646b93a7c612ff13feb9741522";"0";"0";"0";"0";"0";"0";"0";"0";"0";"0";"0";"0";"0";"0";"0";"0";"0";"0";"0";"0";"0";"2";"0";"0";"0";"0";"0";"0";"0";"2";"4";"0";"0";"0";"d__Bacteria";"Firmicutes";"Clostridia";"Oscillospirales";"Oscillospiraceae";"UCG-005";NA
"0c64b58d5fb63a6d37139ea87fb86bdd";"0";"0";"0";"0";"0";"0";"0";"0";"0";"0";"0";"0";"2";"0";"0";"0";"0";"0";"0";"0";"0";"0";"0";"2";"0";"0";"0";"0";"0";"0";"0";"0";"0";"0";"d__Bacteria";"Firmicutes";"Clostridia";"Oscillospirales";"Oscillospiraceae";"NK4A214_group";NA
"0f4628feaad5d180d991daad542a4993";"3";"0";"0";"0";"0";"0";"0";"0";"0";"0";"0";"0";"0";"0";"0";"0";"0";"0";"0";"0";"0";"0";"0";"0";"0";"0";"0";"0";"0";"0";"0";"0";"0";"0";"d__Bacteria";"Firmicutes";"Clostridia";"Oscillospirales";"Oscillospiraceae";NA;NA
"27d63198517c2c8c2104bae08dd32d08";"0";"0";"0";"0";"0";"0";"0";"0";"0";"0";"0";"0";"0";"0";"0";"0";"0";"0";"0";"0";"0";"0";"0";"0";"0";"0";"0";"0";"0";"0";"0";"2";"0";"0";"d__Bacteria";"Firmicutes";"Clostridia";"Lachnospirales";"Lachnospiraceae";"[Eubacterium]_oxidoreducens_group";NA
"4a99d98fcac5c79fba8b44d07de165e8";"0";"0";"0";"0";"0";"0";"0";"0";"0";"0";"0";"0";"0";"0";"0";"0";"0";"0";"0";"0";"0";"0";"0";"0";"0";"0";"10";"0";"0";"0";"0";"0";"0";"0";"d__Bacteria";"Firmicutes";"Clostridia";"Oscillospirales";"Oscillospiraceae";"UCG-002";NA
"703302fac9fa527282c77a2ea41f4438";"0";"0";"0";"0";"7";"0";"0";"0";"0";"0";"0";"0";"0";"0";"0";"0";"0";"0";"0";"0";"0";"0";"0";"0";"0";"0";"0";"0";"0";"0";"0";"0";"0";"0";"d__Bacteria";"Firmicutes";"Clostridia";"Clostridia";"Hungateiclostridiaceae";NA;NA
"e8015e1bf7e038bebebbcf90c21bb683";"0";"0";"0";"0";"0";"0";"0";"0";"0";"0";"0";"0";"0";"0";"0";"0";"0";"0";"0";"0";"0";"0";"3";"0";"0";"0";"0";"0";"0";"0";"0";"0";"0";"0";"d__Bacteria";"Firmicutes";"Clostridia";"Oscillospirales";"[Eubacterium]_coprostanoligenes_group";"[Eubacterium]_coprostanoligenes_group";NA
"b6a1cfc87c3ffa7f96227d4a372d8dd7";"5";"0";"0";"0";"0";"0";"0";"0";"0";"0";"0";"0";"0";"0";"0";"0";"0";"0";"0";"0";"0";"0";"0";"0";"0";"0";"0";"0";"0";"0";"0";"0";"0";"0";"d__Bacteria";"Firmicutes";"Clostridia";"Oscillospirales";"Ruminococcaceae";"Subdoligranulum";NA
"b59b70ce7593ed774b50f6f131c86e05";"0";"0";"0";"0";"6";"0";"0";"0";"0";"0";"0";"0";"0";"0";"0";"0";"0";"0";"0";"0";"0";"0";"0";"0";"0";"0";"0";"0";"0";"0";"0";"0";"0";"0";"d__Bacteria";"Firmicutes";"Clostridia";NA;NA;NA;NA
"b83de3365a8e94f96014506e03c05566";"162";"83";"24";"12";"12";"7";"9";"0";"3";"0";"0";"0";"0";"4";"2";"0";"0";"0";"0";"0";"0";"0";"0";"0";"0";"0";"0";"0";"0";"0";"0";"0";"0";"0";"d__Bacteria";"Firmicutes";"Clostridia";"Clostridiales";"Clostridiaceae";"Proteiniclasticum";NA
"8e140fe6cc04f120f80874922a2d1600";"0";"0";"0";"0";"0";"0";"0";"0";"0";"0";"0";"0";"0";"0";"0";"0";"0";"0";"0";"0";"0";"0";"0";"0";"0";"0";"0";"0";"0";"2";"0";"0";"0";"0";"d__Bacteria";"Firmicutes";"Clostridia";"Clostridiales";"Clostridiaceae";"Clostridium_sensu_stricto_6";NA
"f2cbb29998f80ea0d81f9cde98ee136e";"32";"9";"8";"0";"0";"0";"0";"0";"0";"0";"0";"0";"0";"12";"2";"0";"0";"0";"0";"0";"12";"0";"0";"0";"5";"6";"0";"3";"7";"0";"3";"3";"0";"0";"d__Bacteria";"Firmicutes";"Clostridia";"Clostridiales";"Clostridiaceae";"Clostridium_sensu_stricto_1";NA
"acae24369aa6c0e39841b2e4ad57f769";"0";"0";"0";"0";"0";"0";"0";"0";"0";"0";"0";"42";"7";"21";"0";"4";"3";"0";"0";"0";"0";"0";"0";"0";"0";"0";"0";"0";"0";"0";"3";"0";"0";"0";"d__Bacteria";"Firmicutes";"Clostridia";"Clostridiales";"Clostridiaceae";"Clostridium_sensu_stricto_7";NA
"e0d2d410c13601fc5a7a699c16c07453";"8";"0";"0";"0";"25";"16";"11";"0";"0";"0";"5";"19";"6";"14";"6";"4";"12";"2";"5";"7";"9";"3";"8";"8";"0";"24";"11";"5";"22";"33";"12";"11";"6";"15";"d__Bacteria";"Firmicutes";"Clostridia";"Peptococcales";"Peptococcaceae";"uncultured";NA
"8a82ec0b5b722b6825a138c1a7d6cb62";"6";"5";"0";"0";"0";"0";"0";"0";"0";"0";"0";"0";"0";"0";"0";"0";"0";"0";"0";"0";"0";"0";"0";"0";"0";"0";"0";"0";"0";"0";"0";"0";"0";"0";"d__Bacteria";"Firmicutes";"BRH-c20a";"BRH-c20a";"BRH-c20a";"BRH-c20a";NA
"3f4d73521ceac5aa678a264fd9e7c9d2";"0";"0";"0";"0";"0";"0";"0";"0";"0";"0";"0";"0";"0";"0";"0";"3";"0";"0";"0";"0";"0";"0";"0";"0";"0";"0";"0";"0";"2";"0";"0";"0";"0";"0";"d__Bacteria";"Firmicutes";"Negativicutes";"Acidaminococcales";"Acidaminococcaceae";"Phascolarctobacterium";NA
"93e3fc5f4c04adb9d5e23b3520155baf";"18";"0";"0";"0";"0";"0";"0";"0";"0";"0";"0";"0";"0";"0";"0";"0";"0";"0";"0";"0";"0";"0";"0";"0";"0";"0";"0";"0";"0";"0";"0";"0";"0";"0";"d__Bacteria";"Firmicutes";"Clostridia";"Eubacteriales";"Alkalibacteraceae";"Alkalibacter";NA
"ac0c207f77be2ff082e25753bc8a7d55";"9";"0";"0";"0";"0";"0";"0";"0";"0";"0";"0";"0";"0";"0";"0";"0";"0";"0";"0";"0";"0";"0";"0";"0";"0";"0";"0";"0";"0";"0";"0";"0";"0";"0";"d__Bacteria";"Firmicutes";"Clostridia";"Eubacteriales";"Eubacteriaceae";"uncultured";NA
"74158a627d88242451315d39354c8096";"15";"6";"0";"0";"0";"0";"0";"0";"0";"0";"0";"0";"0";"0";"0";"0";"0";"0";"0";"0";"0";"0";"0";"0";"0";"0";"0";"0";"0";"0";"0";"0";"0";"0";"d__Bacteria";"Firmicutes";"Clostridia";"Eubacteriales";"Eubacteriaceae";"Acetobacterium";NA
"e38c2b714346052929ffe762bb3bf7cb";"0";"0";"0";"0";"0";"0";"0";"0";"0";"0";"0";"0";"0";"0";"0";"0";"0";"0";"0";"0";"3";"0";"0";"0";"0";"0";"0";"0";"0";"0";"0";"0";"0";"0";"d__Bacteria";"Firmicutes";"Clostridia";"Christensenellales";"Christensenellaceae";"uncultured";NA
"2f7dd1d96946ef4c34786898f63f9656";"0";"0";"0";"0";"5";"0";"0";"0";"0";"0";"0";"0";"0";"0";"0";"0";"0";"4";"2";"0";"0";"0";"0";"0";"0";"2";"0";"0";"0";"0";"0";"0";"0";"0";"d__Bacteria";"Firmicutes";"Clostridia";"Christensenellales";"Christensenellaceae";"Christensenellaceae_R-7_group";NA
"4a5fc33ce1371dd246353e97bcd2a0e0";"0";"0";"0";"0";"0";"0";"0";"0";"0";"0";"0";"0";"0";"0";"0";"0";"0";"0";"0";"0";"0";"0";"0";"0";"0";"0";"0";"0";"0";"0";"0";"0";"3";"0";"d__Bacteria";"Firmicutes";"Clostridia";"Clostridiales";"Clostridiaceae";NA;NA
"ab8d2ef8f5257b2c27eeebbf1b141fcb";"0";"0";"0";"0";"0";"0";"0";"0";"0";"0";"0";"0";"0";"0";"0";"0";"0";"0";"0";"0";"0";"0";"0";"0";"0";"0";"0";"3";"0";"0";"0";"0";"0";"0";"d__Bacteria";"Firmicutes";"Clostridia";"Peptostreptococcales-Tissierellales";"Peptostreptococcales-Tissierellales";"Tindallia";NA
"ec7c428a3c0e7ff01e402b267b9a5b21";"0";"0";"0";"32";"90";"233";"153";"10";"9";"7";"9";"21";"34";"18";"8";"18";"26";"8";"19";"16";"0";"10";"5";"6";"0";"0";"0";"0";"32";"42";"9";"0";"10";"5";"d__Bacteria";"Firmicutes";"Clostridia";"Peptostreptococcales-Tissierellales";"Peptostreptococcaceae";"Acetoanaerobium";NA
"b3ad340898f67b1e8dd3ff9f03d30375";"8";"2";"0";"5";"63";"21";"0";"0";"0";"0";"0";"14";"18";"0";"7";"0";"9";"5";"14";"12";"20";"7";"13";"5";"0";"0";"0";"0";"6";"9";"3";"0";"0";"0";"d__Bacteria";"Firmicutes";"Clostridia";"Peptostreptococcales-Tissierellales";"Anaerovoracaceae";"Anaerovorax";NA
"9960b20e17a6ebd5bf31b249c3503956";"0";"0";"0";"0";"0";"0";"0";"0";"0";"0";"0";"0";"0";"0";"0";"0";"0";"0";"0";"0";"0";"0";"0";"0";"6";"0";"0";"0";"0";"0";"0";"0";"0";"0";"d__Bacteria";"Firmicutes";"Clostridia";"Peptostreptococcales-Tissierellales";"Peptostreptococcaceae";"Terrisporobacter";NA
"df3d6113f855e22f2a6d44e60f01baa7";"46";"28";"9";"0";"0";"0";"0";"0";"0";"0";"0";"0";"0";"0";"0";"0";"0";"0";"0";"0";"0";"0";"0";"0";"0";"0";"0";"0";"0";"0";"0";"0";"0";"0";"d__Bacteria";"Firmicutes";"Clostridia";"Peptostreptococcales-Tissierellales";"Peptostreptococcaceae";"Romboutsia";NA
"b39545bc0c96aa3bb848e56a1564fdb6";"22";"13";"0";"0";"0";"0";"0";"0";"0";"0";"0";"0";"0";"0";"0";"0";"0";"0";"0";"0";"0";"0";"0";"0";"0";"0";"0";"0";"0";"0";"0";"0";"0";"0";"d__Bacteria";"Firmicutes";"Clostridia";"Peptostreptococcales-Tissierellales";"Peptostreptococcaceae";"Paeniclostridium";NA
"4e15ac4eb524a0cb9d01d69312c72f80";"0";"0";"0";"0";"13";"17";"0";"0";"0";"0";"0";"0";"9";"18";"0";"0";"0";"0";"0";"0";"0";"0";"0";"0";"0";"0";"0";"0";"0";"0";"0";"0";"0";"0";"d__Bacteria";"Firmicutes";"Clostridia";"Peptostreptococcales-Tissierellales";"Peptostreptococcales-Tissierellales";NA;NA
"8fa94c4ec9dfa63afcac0b382bb50a84";"0";"0";"0";"0";"0";"0";"0";"0";"0";"0";"0";"0";"0";"0";"0";"3";"0";"0";"0";"0";"0";"0";"2";"0";"0";"0";"0";"0";"0";"0";"0";"0";"0";"0";"d__Bacteria";"Firmicutes";"Clostridia";"Peptostreptococcales-Tissierellales";NA;NA;NA
"c7d7c7b0952d4febdcf74339b6f5b7cf";"0";"0";"0";"0";"0";"12";"0";"0";"0";"0";"0";"0";"0";"0";"0";"0";"0";"0";"0";"4";"0";"6";"5";"0";"0";"9";"15";"13";"65";"82";"33";"31";"13";"32";"d__Bacteria";"Firmicutes";"Clostridia";"Peptostreptococcales-Tissierellales";"Peptostreptococcales-Tissierellales";"Anoxynatronum";NA
"da9e70ea06ee0dc645c7c7dc35e51e29";"0";"0";"0";"0";"0";"0";"0";"0";"0";"0";"0";"0";"0";"0";"0";"0";"0";"0";"0";"6";"0";"0";"0";"0";"0";"0";"0";"0";"28";"41";"12";"13";"0";"13";"d__Bacteria";"Firmicutes";"Clostridia";"Peptostreptococcales-Tissierellales";"Acidaminobacteraceae";"Acidaminobacter";NA
"3d49c5f67146e9f804d08040f42198a0";"4";"0";"0";"34";"663";"465";"260";"20";"0";"69";"81";"290";"834";"743";"279";"112";"554";"189";"421";"423";"617";"302";"326";"179";"0";"321";"251";"158";"723";"1158";"599";"377";"233";"357";"d__Bacteria";"Firmicutes";"Clostridia";"Peptostreptococcales-Tissierellales";"Fusibacteraceae";"Fusibacter";NA
"4aaba39c0c0a3eaf0dac3a0577f7a844";"0";"0";"0";"0";"14";"0";"0";"0";"0";"0";"0";"0";"0";"0";"4";"0";"0";"0";"0";"5";"4";"0";"4";"0";"0";"0";"6";"9";"14";"8";"5";"33";"13";"0";"d__Bacteria";"Firmicutes";"Clostridia";"Peptostreptococcales-Tissierellales";"Dethiosulfatibacteraceae";"Dethiosulfatibacter";NA
"da31d7d83022116c5d964efe359628e6";"184";"78";"10";"0";"0";"0";"0";"0";"0";"0";"0";"0";"0";"0";"0";"0";"0";"0";"0";"0";"0";"0";"0";"0";"0";"0";"0";"0";"0";"0";"0";"0";"0";"0";"d__Bacteria";"Firmicutes";"Clostridia";"Peptostreptococcales-Tissierellales";"Peptostreptococcales-Tissierellales";"uncultured";NA
"b4329a142cc6cb9d813e16d34a621994";"82";"27";"11";"0";"0";"0";"0";"0";"0";"0";"0";"0";"0";"0";"0";"0";"0";"0";"0";"0";"0";"0";"0";"0";"0";"0";"0";"0";"0";"0";"0";"3";"0";"3";"d__Bacteria";"Firmicutes";"Clostridia";"Peptostreptococcales-Tissierellales";"Peptostreptococcales-Tissierellales";"Soehngenia";NA
"787bb5a04faaca2be471a3196580e52f";"3";"0";"0";"0";"0";"0";"0";"0";"0";"0";"0";"0";"0";"0";"0";"0";"0";"0";"0";"0";"0";"0";"0";"0";"0";"0";"0";"0";"0";"0";"0";"0";"0";"0";"d__Bacteria";"Firmicutes";"Clostridia";"Peptostreptococcales-Tissierellales";"Peptostreptococcales-Tissierellales";"Gottschalkia";NA
"ebc72870a6cf8d2d5df71becfa8d49e0";"6";"0";"0";"0";"0";"0";"5";"0";"0";"0";"0";"0";"0";"0";"0";"0";"0";"0";"0";"7";"2";"4";"4";"0";"0";"0";"0";"6";"0";"0";"0";"0";"0";"0";"d__Bacteria";"Firmicutes";"Clostridia";"Clostridia";"Hungateiclostridiaceae";"Ercella";NA
"138941a5ff41ade4d82e48e506a45d82";"173";"57";"0";"0";"0";"0";"0";"0";"0";"0";"0";"0";"0";"0";"0";"0";"0";"0";"0";"0";"0";"0";"0";"0";"0";"0";"0";"0";"0";"0";"0";"0";"0";"0";"d__Bacteria";"Calditrichota";"Calditrichia";"Calditrichales";"Calditrichaceae";"Calorithrix";NA
"07fc8a3a4c0c1f7770da04e34f980454";"270";"131";"0";"606";"429";"498";"426";"6";"6";"0";"724";"25";"850";"991";"352";"271";"205";"89";"73";"49";"25";"14";"19";"21";"0";"16";"15";"17";"13";"16";"10";"0";"0";"0";"d__Bacteria";"Proteobacteria";"Gammaproteobacteria";"Burkholderiales";"Comamonadaceae";"Hydrogenophaga";NA
"3259e0bd30bc0375588fde56e0fbb59e";"0";"0";"2284";"47";"0";"0";"0";"0";"0";"0";"0";"0";"0";"0";"0";"0";"0";"0";"0";"6";"0";"0";"0";"0";"0";"0";"0";"0";"0";"0";"0";"0";"0";"0";"d__Bacteria";"Proteobacteria";"Gammaproteobacteria";"Burkholderiales";"Comamonadaceae";"Acidovorax";NA
"7c9b0a6fd7cf7a1771c91182126020cf";"0";"0";"0";"0";"0";"0";"0";"0";"0";"0";"0";"0";"0";"0";"2";"0";"0";"0";"0";"0";"0";"0";"0";"0";"0";"0";"0";"0";"0";"0";"0";"0";"0";"0";"d__Bacteria";"Proteobacteria";"Gammaproteobacteria";"Burkholderiales";NA;NA;NA
"d46bafcaa2bca4ee02ff75b9e18010a5";"115";"46";"34";"0";"0";"0";"0";"0";"0";"0";"0";"0";"0";"0";"0";"0";"0";"0";"0";"0";"0";"0";"0";"0";"0";"0";"0";"0";"0";"0";"0";"0";"0";"0";"d__Bacteria";"Proteobacteria";"Gammaproteobacteria";"Burkholderiales";"Comamonadaceae";"Ottowia";NA
"55cbf8850eea57ed8c5432721260c923";"332";"128";"160";"0";"6";"3";"0";"0";"0";"0";"0";"0";"0";"0";"0";"0";"0";"0";"6";"5";"3";"0";"0";"2";"0";"0";"0";"0";"0";"0";"0";"0";"0";"0";"d__Bacteria";"Proteobacteria";"Gammaproteobacteria";"Burkholderiales";"Comamonadaceae";NA;NA
"7e73c3f451c71ca4288b93bf201c8199";"26";"0";"0";"0";"0";"0";"0";"0";"0";"0";"0";"0";"0";"0";"0";"0";"0";"0";"0";"0";"0";"0";"0";"0";"0";"0";"0";"0";"0";"0";"0";"0";"0";"0";"d__Bacteria";"Proteobacteria";"Gammaproteobacteria";"Burkholderiales";"Comamonadaceae";"uncultured";NA
"dc0aabe5af793a7708c4e4e16cb00119";"0";"0";"1155";"14";"0";"0";"0";"0";"0";"0";"0";"0";"0";"0";"0";"0";"0";"0";"0";"0";"0";"0";"0";"0";"0";"0";"0";"0";"0";"0";"0";"0";"0";"0";"d__Bacteria";"Proteobacteria";"Gammaproteobacteria";"Burkholderiales";"Comamonadaceae";"Pseudorhodoferax";NA
"be8dcafae13ffef295809aa39d3913a6";"0";"0";"0";"38";"19";"0";"0";"0";"0";"0";"0";"0";"0";"0";"0";"0";"0";"0";"0";"0";"0";"0";"0";"0";"0";"0";"0";"0";"0";"0";"0";"0";"0";"0";"d__Bacteria";"Proteobacteria";"Gammaproteobacteria";"Burkholderiales";"Comamonadaceae";"Lampropedia";NA
"f215252b0148eef32fe032cca4bb007e";"0";"0";"28";"0";"0";"0";"0";"0";"0";"0";"0";"0";"0";"0";"0";"0";"0";"0";"0";"0";"0";"0";"0";"0";"0";"0";"0";"0";"0";"0";"0";"0";"0";"0";"d__Bacteria";"Proteobacteria";"Gammaproteobacteria";"Burkholderiales";"Comamonadaceae";"Aquabacterium";NA
"53bd2edec845654a76de457d22177430";"0";"2";"0";"0";"0";"0";"0";"0";"0";"0";"0";"0";"0";"0";"0";"0";"0";"0";"0";"0";"0";"0";"0";"0";"0";"0";"0";"0";"0";"0";"0";"0";"0";"0";"d__Bacteria";"Proteobacteria";"Gammaproteobacteria";"Competibacterales";"Competibacteraceae";NA;NA
"186395853dda173fed85fe65afd19145";"545";"189";"5";"0";"0";"0";"0";"0";"0";"0";"0";"0";"0";"0";"0";"0";"0";"0";"2";"0";"0";"0";"0";"0";"0";"0";"0";"0";"0";"0";"0";"0";"0";"0";"d__Bacteria";"Proteobacteria";"Gammaproteobacteria";"Competibacterales";"Competibacteraceae";"Candidatus_Competibacter";NA
"44716a0a14bde51ccb54a94a4b71856f";"432";"155";"35";"0";"0";"0";"0";"0";"0";"0";"0";"0";"0";"0";"0";"0";"0";"0";"0";"0";"0";"0";"0";"0";"0";"0";"0";"0";"0";"0";"0";"0";"0";"0";"d__Bacteria";"Proteobacteria";"Gammaproteobacteria";"Burkholderiales";"Nitrosomonadaceae";"Nitrosomonas";NA
"13b6805f123c0a25c5c3414d1a176b69";"0";"0";"0";"0";"0";"0";"0";"0";"0";"0";"0";"0";"0";"0";"0";"0";"0";"0";"0";"0";"7";"0";"7";"4";"0";"0";"2";"6";"3";"0";"0";"3";"7";"0";"d__Bacteria";"Proteobacteria";"Gammaproteobacteria";"Burkholderiales";"Hydrogenophilaceae";"uncultured";NA
"bfb5b51834ddd2ee38153073eb36d6ca";"0";"0";"67";"0";"0";"0";"0";"0";"0";"0";"0";"0";"0";"0";"0";"0";"0";"0";"0";"0";"0";"0";"0";"0";"0";"0";"0";"0";"0";"0";"0";"0";"0";"0";"d__Bacteria";"Proteobacteria";"Gammaproteobacteria";"Burkholderiales";"Oxalobacteraceae";"Massilia";NA
"8b8d4dad7273a4c4b12db12a4c11a6e6";"78";"27";"0";"0";"0";"0";"0";"0";"0";"0";"0";"0";"0";"0";"0";"0";"0";"0";"0";"0";"0";"0";"0";"0";"0";"0";"0";"0";"0";"0";"0";"0";"0";"0";"d__Bacteria";"Proteobacteria";"Gammaproteobacteria";"Burkholderiales";"Nitrosomonadaceae";"Ellin6067";NA
"4a22f643f3ef1837f8bac27aa3221db2";"550";"213";"165";"148";"158";"41";"28";"0";"0";"5";"4";"0";"6";"0";"0";"0";"0";"0";"0";"0";"0";"0";"0";"0";"0";"0";"0";"0";"0";"0";"0";"0";"0";"0";"d__Bacteria";"Proteobacteria";"Gammaproteobacteria";"Burkholderiales";"Burkholderiaceae";"Limnobacter";NA
"dfa0ff9feccab01a1267db375e69f4e6";"0";"0";"0";"0";"0";"0";"0";"0";"0";"0";"3";"0";"7";"8";"2";"0";"0";"0";"0";"0";"0";"0";"4";"0";"0";"0";"0";"0";"0";"0";"0";"0";"0";"2";"d__Bacteria";"Proteobacteria";"Gammaproteobacteria";"Burkholderiales";"Burkholderiaceae";"Lautropia";NA
"7a382c5d65d181188f5f9e7a285d0429";"0";"0";"6";"0";"0";"0";"0";"0";"0";"0";"0";"0";"0";"0";"0";"0";"0";"0";"0";"0";"0";"0";"0";"0";"0";"0";"0";"0";"0";"0";"0";"0";"0";"0";"d__Bacteria";"Proteobacteria";"Gammaproteobacteria";"Burkholderiales";"Alcaligenaceae";"Verticiella";NA
"a249fbb95faa9d2662760fe57827c845";"0";"0";"0";"0";"0";"0";"0";"0";"0";"0";"0";"0";"2";"0";"0";"0";"0";"0";"0";"0";"0";"0";"0";"0";"0";"0";"0";"0";"0";"0";"0";"0";"0";"0";"d__Bacteria";"Proteobacteria";"Gammaproteobacteria";"Burkholderiales";"Alcaligenaceae";"Achromobacter";NA
"cf7ed1749d759f6a4ae7e6c9acbfd0bb";"0";"0";"0";"0";"0";"0";"0";"0";"0";"0";"14";"139";"0";"0";"5";"5";"16";"8";"7";"4";"0";"0";"3";"0";"0";"4";"0";"0";"0";"0";"0";"0";"0";"0";"d__Bacteria";"Proteobacteria";"Gammaproteobacteria";"Burkholderiales";"Alcaligenaceae";"GKS98_freshwater_group";NA
"662474740a197ea075ea742fdc68fb07";"9";"0";"0";"0";"0";"0";"0";"0";"0";"0";"0";"0";"0";"0";"0";"0";"0";"0";"0";"0";"0";"0";"0";"0";"0";"0";"0";"0";"0";"0";"0";"0";"0";"0";"d__Bacteria";"Proteobacteria";"Gammaproteobacteria";"Burkholderiales";"Alcaligenaceae";"Pigmentiphaga";NA
"214a23fca131be83cbe1a0e0c63335cc";"4";"0";"0";"0";"0";"0";"0";"0";"0";"0";"0";"0";"0";"0";"0";"0";"0";"0";"0";"0";"0";"0";"0";"0";"0";"0";"0";"0";"0";"0";"0";"0";"0";"0";"d__Bacteria";"Proteobacteria";"Gammaproteobacteria";"Burkholderiales";"Neisseriaceae";"Uruburuella";NA
"7c11c2b300adbba9be85f68ed7149e51";"33";"7";"0";"0";"0";"0";"0";"0";"0";"0";"0";"0";"0";"0";"0";"0";"0";"0";"0";"0";"0";"0";"0";"0";"0";"0";"0";"0";"0";"0";"0";"0";"0";"0";"d__Bacteria";"Proteobacteria";"Gammaproteobacteria";"Burkholderiales";"TRA3-20";"TRA3-20";NA
"48d639cc2520c3b4656161d96495359d";"13";"10";"0";"1626";"849";"3657";"3962";"1319";"5817";"1143";"9824";"1191";"6961";"7198";"3709";"4410";"2007";"2533";"2555";"1638";"585";"1037";"1382";"999";"0";"199";"205";"190";"665";"322";"192";"224";"188";"152";"d__Bacteria";"Proteobacteria";"Gammaproteobacteria";"Burkholderiales";"Rhodocyclaceae";"Azoarcus";NA
"61ec79351e256684db245b933007c28d";"5";"0";"0";"0";"0";"0";"0";"0";"0";"0";"0";"0";"5";"0";"0";"0";"0";"0";"0";"0";"0";"0";"0";"0";"0";"0";"0";"0";"0";"0";"0";"0";"0";"0";"d__Bacteria";"Proteobacteria";"Gammaproteobacteria";"Burkholderiales";"Rhodocyclaceae";"Denitromonas";NA
"a0ac69ece95eedd253449c219426c83e";"1058";"516";"0";"0";"0";"0";"0";"0";"0";"0";"0";"0";"0";"0";"0";"0";"0";"0";"0";"0";"0";"0";"0";"0";"0";"0";"0";"0";"0";"0";"0";"0";"0";"0";"d__Bacteria";"Proteobacteria";"Gammaproteobacteria";"Burkholderiales";"Rhodocyclaceae";"Rhodocyclaceae";NA
"5a6bc89dca189d989be619b80564ee46";"946";"441";"192";"887";"210";"97";"115";"28";"4";"8";"87";"4747";"110";"249";"234";"462";"2318";"416";"797";"2336";"7908";"12119";"8852";"9023";"0";"9408";"13186";"16852";"16301";"12707";"10094";"9062";"8051";"10320";"d__Bacteria";"Proteobacteria";"Gammaproteobacteria";"Burkholderiales";"Rhodocyclaceae";"Thauera";NA
"ac71778c48ef3b2bbb4705d80ac8f442";"0";"0";"0";"0";"0";"0";"0";"0";"97";"2884";"13";"108";"25";"87";"36";"50";"29";"0";"7";"3";"0";"0";"0";"0";"0";"0";"0";"0";"0";"0";"0";"0";"0";"0";"d__Bacteria";"Proteobacteria";"Gammaproteobacteria";"Burkholderiales";"Rhodocyclaceae";"Dechlorobacter";NA
"c634055d1c5e41d01687d8b5b5ecbe30";"0";"0";"0";"0";"0";"34";"25";"0";"227";"7152";"25";"339";"46";"233";"117";"171";"73";"11";"0";"10";"0";"0";"0";"9";"0";"0";"5";"0";"5";"0";"0";"0";"0";"0";"d__Bacteria";"Proteobacteria";"Gammaproteobacteria";"Burkholderiales";"Rhodocyclaceae";"Azonexus";NA
"a042afd7d8653b06fccb4f466e4b64b9";"7";"0";"0";"0";"0";"0";"0";"0";"0";"0";"0";"0";"34";"20";"0";"0";"0";"0";"0";"0";"0";"0";"0";"0";"0";"0";"0";"0";"0";"0";"0";"0";"0";"0";"d__Bacteria";"Proteobacteria";"Gammaproteobacteria";"Burkholderiales";"Rhodocyclaceae";"Methyloversatilis";NA
"fc30389e3fd2306ad0329781e30e5764";"0";"0";"0";"0";"0";"0";"6";"0";"7";"5";"16";"0";"6";"6";"0";"0";"2";"0";"0";"0";"0";"0";"0";"0";"0";"0";"0";"0";"0";"0";"2";"0";"4";"0";"d__Bacteria";"Proteobacteria";"Gammaproteobacteria";"Burkholderiales";"Rhodocyclaceae";NA;NA
"d4739673639ee9ef597b818e683351e5";"169";"94";"0";"0";"0";"0";"0";"0";"0";"0";"0";"0";"0";"0";"0";"0";"0";"0";"0";"0";"0";"0";"0";"0";"0";"0";"0";"0";"0";"0";"0";"0";"0";"0";"d__Bacteria";"Proteobacteria";"Gammaproteobacteria";"Burkholderiales";"Nitrosomonadaceae";"mle1-7";NA
"fa1c2417a359121bd198a53c8ed76fd3";"3";"0";"0";"0";"0";"0";"0";"0";"0";"0";"0";"0";"0";"0";"0";"0";"0";"0";"0";"0";"0";"0";"0";"0";"0";"0";"0";"0";"0";"0";"0";"0";"0";"0";"d__Bacteria";"Proteobacteria";"Gammaproteobacteria";"Burkholderiales";"Nitrosomonadaceae";"966-1";NA
"7e9a28cc44b8c20263b2494e46b8f41e";"0";"0";"0";"0";"0";"0";"0";"8";"7";"341";"100";"1302";"554";"222";"136";"62";"33";"16";"16";"16";"3";"6";"0";"0";"0";"0";"0";"0";"0";"0";"0";"0";"0";"0";"d__Bacteria";"Bacteroidota";"Bacteroidia";"Flavobacteriales";NA;NA;NA
"5c1a576317579e52444f6eadc8c52398";"244";"85";"0";"0";"0";"0";"0";"0";"0";"0";"0";"0";"0";"0";"0";"0";"0";"0";"0";"0";"0";"0";"0";"0";"0";"0";"0";"0";"0";"0";"0";"0";"0";"0";"d__Bacteria";"Bacteroidota";"Bacteroidia";"Flavobacteriales";"Flavobacteriaceae";"Lutibacter";NA
"ee5f44ecb72a45dee2f830fe41dbc5d7";"0";"0";"0";"81";"159";"9";"0";"0";"0";"0";"0";"0";"0";"0";"0";"0";"0";"0";"0";"0";"0";"0";"0";"0";"0";"0";"0";"0";"0";"0";"0";"0";"0";"0";"d__Bacteria";"Bacteroidota";"Bacteroidia";"Flavobacteriales";"Weeksellaceae";"uncultured";NA
"2093a6fabe96dfcd644d539d89943424";"128";"29";"291";"6976";"4271";"12821";"8368";"7";"1839";"2338";"500";"78";"1151";"968";"512";"389";"354";"115";"80";"44";"15";"8";"0";"5";"0";"0";"0";"0";"0";"0";"0";"0";"0";"0";"d__Bacteria";"Bacteroidota";"Bacteroidia";"Flavobacteriales";"Flavobacteriaceae";"Flavobacterium";NA
"c11304bc9a42c95c5ef99a3c6d14d903";"1654";"660";"40";"0";"0";"0";"0";"0";"0";"0";"0";"0";"0";"0";"0";"0";"0";"0";"0";"0";"0";"0";"0";"0";"0";"0";"0";"0";"0";"0";"0";"0";"0";"0";"d__Bacteria";"Bacteroidota";"Bacteroidia";"Flavobacteriales";"Flavobacteriaceae";"Arcticiflavibacter";NA
"16d97036473bf8c6d42edf10e6f13c39";"13";"7";"0";"0";"0";"0";"0";"0";"0";"0";"0";"0";"0";"0";"0";"0";"0";"0";"0";"0";"0";"0";"0";"0";"0";"0";"0";"0";"0";"0";"0";"0";"0";"0";"d__Bacteria";"Bacteroidota";"Bacteroidia";"Flavobacteriales";"Flavobacteriaceae";"Aquibacter";NA
"37bd84c3149391c6718f2ce6ffba1ef1";"0";"0";"0";"0";"22";"47";"31";"980";"371";"134";"631";"97";"1097";"1253";"809";"712";"1587";"934";"901";"1233";"799";"1598";"1022";"1201";"0";"1093";"950";"612";"587";"715";"408";"356";"262";"360";"d__Bacteria";"Bacteroidota";"Bacteroidia";"Flavobacteriales";"Flavobacteriaceae";"Subsaxibacter";NA
"91a03cae7ed2aa07f8f3944fc1aa6ae8";"72";"27";"5";"0";"0";"0";"0";"0";"0";"0";"0";"0";"0";"0";"0";"0";"0";"0";"0";"0";"0";"0";"0";"0";"0";"0";"0";"0";"0";"0";"0";"0";"0";"0";"d__Bacteria";"Bacteroidota";"Bacteroidia";"Flavobacteriales";"Flavobacteriaceae";"Arenibacter";NA
"9de1ef55311805f063e4c769bc5f8978";"938";"384";"74";"0";"0";"0";"0";"0";"0";"0";"0";"0";"0";"0";"0";"0";"0";"0";"0";"0";"0";"0";"0";"0";"0";"0";"0";"0";"2";"0";"0";"0";"0";"0";"d__Bacteria";"Bacteroidota";"Bacteroidia";"Flavobacteriales";"Flavobacteriaceae";"uncultured";NA
"57bd4bd33819f7d7be8df3c23ed7ee3e";"137";"31";"30";"0";"0";"0";"0";"0";"0";"0";"0";"0";"0";"0";"0";"0";"0";"0";"0";"0";"0";"0";"0";"0";"0";"0";"0";"0";"0";"0";"0";"0";"0";"0";"d__Bacteria";"Bacteroidota";"Bacteroidia";"Flavobacteriales";"Flavobacteriaceae";"Vitellibacter";NA
"8008390e27911611faa11399d6d966eb";"0";"0";"19473";"5";"28";"16";"12";"0";"0";"0";"0";"0";"6";"0";"6";"0";"0";"0";"0";"0";"0";"0";"0";"0";"0";"0";"0";"0";"0";"0";"0";"0";"0";"0";"d__Bacteria";"Bacteroidota";"Bacteroidia";"Flavobacteriales";"Weeksellaceae";"Chryseobacterium";NA
"07cf211e307bfdd0662e23fde96b1a10";"0";"0";"0";"0";"0";"0";"0";"159";"27";"17";"33";"7";"13";"9";"0";"11";"25";"15";"21";"20";"42";"64";"58";"63";"0";"86";"45";"40";"78";"115";"46";"52";"29";"43";"d__Bacteria";"Bacteroidota";"Bacteroidia";"Flavobacteriales";"Cryomorphaceae";"Cryomorpha";NA
"609bfd8c00e302f663d31a2e7aded3c9";"0";"0";"0";"17";"335";"9";"11";"16";"4";"0";"0";"0";"0";"0";"0";"0";"0";"0";"0";"0";"0";"0";"0";"0";"0";"0";"0";"0";"0";"0";"0";"0";"0";"0";"d__Bacteria";"Bacteroidota";"Bacteroidia";"Bacteroidales";"ML635J-40_aquatic_group";"ML635J-40_aquatic_group";NA
"9a6e9cf3be6811837df93db369f20bad";"4";"4";"0";"0";"0";"0";"0";"0";"0";"0";"2";"121";"0";"0";"0";"2";"0";"0";"0";"0";"0";"0";"0";"0";"0";"0";"0";"0";"0";"0";"0";"0";"0";"0";"d__Bacteria";"Bacteroidota";"Bacteroidia";"Flavobacteriales";"Cryomorphaceae";"Vicingus";NA
"021d879d42a84230ff0f15dbb7512a6b";"5";"0";"0";"0";"0";"0";"0";"0";"0";"0";"0";"0";"0";"0";"0";"0";"0";"0";"0";"0";"0";"0";"0";"0";"0";"0";"0";"0";"0";"0";"0";"0";"0";"0";"d__Bacteria";"Bacteroidota";"Bacteroidia";"Sphingobacteriales";"Lentimicrobiaceae";"Lentimicrobiaceae";NA
"1da5963f10ec4bf13628fb4db9ee8b54";"4";"0";"0";"0";"3";"0";"0";"0";"0";"0";"0";"0";"0";"0";"0";"0";"0";"0";"0";"0";"0";"0";"0";"0";"0";"0";"0";"0";"0";"0";"0";"0";"0";"0";"d__Bacteria";"Bacteroidota";"Bacteroidia";NA;NA;NA;NA
"a5f3d2dbc83d677aac0e1d5749419f89";"0";"0";"0";"52";"116";"22";"33";"0";"9";"0";"4";"0";"3";"0";"0";"0";"0";"0";"0";"4";"23";"12";"12";"12";"0";"7";"14";"10";"5";"8";"8";"55";"48";"92";"d__Bacteria";"Bacteroidota";"Bacteroidia";"Flavobacteriales";"Crocinitomicaceae";"Fluviicola";NA
"71c07090f59ca3083fb0714e1c939792";"0";"0";"0";"0";"0";"0";"0";"0";"0";"0";"5";"7";"0";"0";"0";"0";"0";"0";"0";"0";"0";"0";"0";"0";"0";"0";"0";"0";"0";"0";"0";"0";"0";"0";"d__Bacteria";"Bacteroidota";"Bacteroidia";"Cytophagales";"Cyclobacteriaceae";"Marinoscillum";NA
"68433fbbc8e1b70ea250129395cdd7d1";"26";"12";"0";"0";"0";"0";"0";"0";"0";"0";"0";"0";"0";"0";"0";"0";"0";"0";"0";"0";"0";"0";"0";"0";"0";"0";"0";"10";"5";"0";"4";"5";"3";"0";"d__Bacteria";"Bacteroidota";"Bacteroidia";"Bacteroidales";"Prolixibacteraceae";"Sunxiuqinia";NA
"db9cba84c933c7e10b15abfef1cea92f";"254";"92";"14";"0";"0";"0";"0";"0";"0";"0";"0";"0";"0";"0";"0";"0";"0";"0";"0";"0";"0";"0";"0";"0";"0";"0";"0";"0";"0";"0";"0";"0";"0";"0";"d__Bacteria";"Bacteroidota";"Bacteroidia";"Bacteroidales";"Prolixibacteraceae";"Mangrovibacterium";NA
"10743ad7ff9356b06f585eb5dbdb85e9";"61";"25";"0";"0";"0";"0";"0";"0";"0";"0";"0";"0";"0";"0";"0";"0";"0";"0";"0";"0";"0";"0";"0";"0";"0";"0";"0";"0";"0";"0";"0";"0";"0";"0";"d__Bacteria";"Bacteroidota";"Bacteroidia";"Bacteroidales";"Prolixibacteraceae";NA;NA
"3d2e6ad7e955a2882c9c2738477e9515";"200";"68";"0";"0";"4";"0";"0";"0";"0";"0";"0";"0";"0";"0";"0";"0";"0";"0";"0";"0";"0";"0";"0";"0";"0";"0";"0";"0";"0";"0";"0";"0";"0";"0";"d__Bacteria";"Bacteroidota";"Bacteroidia";"Bacteroidales";"Prolixibacteraceae";"uncultured";NA
"82b2f3bfd30bf28eea85cb48e0066f7b";"51";"16";"0";"30";"36";"0";"0";"0";"0";"0";"0";"0";"0";"0";"0";"0";"0";"0";"0";"0";"0";"0";"0";"0";"0";"0";"0";"0";"0";"0";"0";"0";"0";"0";"d__Bacteria";"Bacteroidota";"Bacteroidia";"Bacteroidales";"Bacteroidetes_vadinHA17";"Bacteroidetes_vadinHA17";NA
"3ef72ff0a345e39eaade99118992b3a9";"3";"0";"0";"0";"0";"0";"0";"0";"0";"0";"0";"0";"0";"0";"0";"0";"0";"0";"0";"0";"0";"0";"0";"0";"0";"0";"0";"0";"0";"0";"0";"0";"0";"0";"d__Bacteria";"Bacteroidota";"Bacteroidia";"Bacteroidales";"Bacteroidetes_BD2-2";"Bacteroidetes_BD2-2";NA
"bee806ab2cc99dcf9c5d5409a5ac1300";"2235";"1517";"210";"27";"78";"4";"3";"3";"9";"5";"44";"3";"3";"0";"0";"0";"0";"0";"0";"0";"0";"0";"0";"0";"0";"0";"3";"0";"0";"0";"0";"0";"0";"0";"d__Bacteria";"Bacteroidota";"Bacteroidia";"Flavobacteriales";"NS9_marine_group";"NS9_marine_group";NA
"6b7dcd0f1f6862e18346b98cc76e3c09";"38";"14";"2";"0";"0";"0";"0";"0";"0";"0";"0";"0";"0";"0";"0";"0";"0";"0";"0";"0";"0";"0";"0";"0";"0";"0";"0";"0";"0";"0";"0";"0";"0";"0";"d__Bacteria";"Bacteroidota";"Bacteroidia";"Sphingobacteriales";"env.OPS_17";"env.OPS_17";NA
"bd952ec5f13bbce87478c47fcd2f7f29";"0";"0";"0";"0";"0";"0";"0";"0";"0";"0";"0";"5";"0";"0";"0";"0";"0";"0";"0";"0";"0";"0";"0";"0";"0";"0";"0";"0";"0";"0";"0";"0";"0";"0";"d__Bacteria";"Bacteroidota";"Bacteroidia";"Bacteroidetes_VC2.1_Bac22";"Bacteroidetes_VC2.1_Bac22";"Bacteroidetes_VC2.1_Bac22";NA
"e5d243c7a1c8dc72f4ed576cfd012ba1";"0";"0";"0";"8";"206";"162";"136";"5";"20";"113";"45";"315";"228";"248";"158";"86";"112";"90";"206";"141";"290";"88";"48";"54";"0";"20";"17";"24";"17";"5";"0";"4";"0";"0";"d__Bacteria";"Bacteroidota";"Bacteroidia";"Sphingobacteriales";"Lentimicrobiaceae";"Lentimicrobium";NA
"26d3e91d95b34559d5a2b96224f0d7b0";"0";"0";"0";"14";"58";"6";"0";"0";"0";"0";"0";"0";"0";"0";"0";"0";"0";"0";"0";"0";"5";"2";"0";"0";"0";"2";"4";"5";"4";"4";"0";"6";"0";"16";"d__Bacteria";"Bacteroidota";"Bacteroidia";"Bacteroidales";"Marinilabiliaceae";"Mangroviflexus";NA
"d1a1e353a06688f068dfa480ccb184f5";"14";"0";"0";"0";"0";"0";"0";"0";"0";"0";"0";"0";"0";"0";"0";"0";"0";"0";"0";"0";"0";"0";"0";"0";"0";"0";"0";"0";"0";"0";"0";"0";"0";"0";"d__Bacteria";"Bacteroidota";"Bacteroidia";"Bacteroidales";"Marinilabiliaceae";"Marinilabiliaceae";NA
"cd3be2b3065d47732e3656f3234927a3";"0";"0";"0";"0";"0";"0";"0";"11";"0";"2";"5";"0";"13";"10";"5";"0";"0";"0";"0";"0";"0";"0";"0";"0";"0";"0";"0";"0";"0";"0";"0";"0";"0";"0";"d__Bacteria";"Bacteroidota";"Bacteroidia";"Bacteroidales";"Marinilabiliaceae";"Alkaliflexus";NA
"1ffef036a5b477c9d2b68f957d1a4e71";"22";"2";"0";"0";"0";"0";"0";"0";"0";"0";"0";"0";"0";"0";"0";"0";"0";"0";"0";"0";"0";"0";"0";"0";"0";"0";"0";"0";"0";"0";"0";"0";"0";"0";"d__Bacteria";"Bacteroidota";"Bacteroidia";"Bacteroidales";"Paludibacteraceae";"Paludibacter";NA
"ba7aa0fab66f59a6b2508cbf9780e84b";"0";"0";"0";"60";"105";"3";"0";"0";"0";"0";"0";"0";"177";"241";"215";"79";"119";"14";"29";"15";"13";"8";"25";"19";"0";"126";"74";"76";"150";"428";"223";"423";"49";"82";"d__Bacteria";"Bacteroidota";"Bacteroidia";"Bacteroidales";"Paludibacteraceae";"uncultured";NA
"1872302fec0c3cdaeae7dcfbd220da2a";"8";"7";"0";"7";"100";"44";"26";"0";"0";"0";"0";"0";"0";"0";"0";"0";"0";"0";"0";"0";"0";"0";"0";"0";"0";"0";"0";"4";"4";"0";"0";"0";"0";"0";"d__Bacteria";"Bacteroidota";"Bacteroidia";"Bacteroidales";"Dysgonomonadaceae";"Proteiniphilum";NA
"dc71adfc6c1a31506710bf5bc75f355c";"0";"0";"0";"0";"20";"0";"0";"0";"0";"0";"0";"0";"0";"0";"0";"0";"0";"0";"0";"0";"0";"0";"0";"0";"0";"0";"0";"0";"0";"0";"0";"0";"0";"0";"d__Bacteria";"Bacteroidota";"Bacteroidia";"Bacteroidales";"Dysgonomonadaceae";"Petrimonas";NA
"b43deb89b2301394248b95ca1c09be05";"0";"0";"0";"0";"3";"0";"0";"0";"0";"0";"0";"0";"0";"0";"0";"0";"0";"0";"0";"0";"0";"0";"0";"0";"0";"0";"0";"0";"0";"0";"0";"0";"0";"0";"d__Bacteria";"Bacteroidota";"Bacteroidia";"Bacteroidales";"M2PB4-65_termite_group";"M2PB4-65_termite_group";NA
"6ce7b2f395dc9d76ca908903d819230b";"0";"0";"0";"0";"51";"0";"0";"0";"0";"0";"0";"0";"0";"0";"0";"0";"4";"0";"2";"4";"0";"0";"0";"0";"0";"0";"0";"0";"0";"0";"0";"0";"0";"0";"d__Bacteria";"Bacteroidota";"Bacteroidia";"Bacteroidales";"Rikenellaceae";"uncultured";NA
"e82bde81def95d53bc758fe024b220c1";"0";"0";"0";"75";"164";"146";"127";"53";"21";"53";"124";"0";"291";"241";"262";"383";"531";"151";"173";"125";"149";"219";"339";"521";"0";"985";"556";"234";"170";"498";"255";"156";"83";"152";"d__Bacteria";"Bacteroidota";"Bacteroidia";"Sphingobacteriales";"Sphingobacteriaceae";"Pseudopedobacter";NA
"3c985440c3d8f87af181fd54523d6548";"0";"0";"0";"20";"22";"43";"26";"81";"226";"710";"739";"61";"478";"260";"276";"323";"343";"315";"395";"771";"480";"229";"247";"318";"0";"191";"122";"125";"638";"659";"232";"57";"32";"26";"d__Bacteria";"Bacteroidota";"Bacteroidia";"Sphingobacteriales";"Sphingobacteriaceae";"Pedobacter";NA
"19337b9e6a9f05c75b0e5474e40e279a";"0";"0";"10";"0";"0";"0";"0";"0";"0";"0";"0";"0";"0";"0";"0";"0";"0";"0";"0";"0";"0";"0";"0";"0";"0";"0";"0";"0";"0";"0";"0";"0";"0";"0";"d__Bacteria";"Bacteroidota";"Bacteroidia";"Sphingobacteriales";"Sphingobacteriaceae";"Nubsella";NA
"6d7288899fd0419f0aae07deb34f4b79";"0";"0";"0";"0";"0";"0";"0";"0";"0";"7";"0";"0";"0";"0";"0";"0";"0";"0";"0";"0";"0";"0";"0";"0";"0";"0";"0";"0";"0";"0";"0";"16";"0";"0";"d__Bacteria";"Bacteroidota";"Bacteroidia";"Sphingobacteriales";"NS11-12_marine_group";"NS11-12_marine_group";NA
"b09ed0ebe9c599c70a6c005898b29d3b";"0";"0";"0";"6";"5";"0";"0";"0";"0";"0";"0";"0";"0";"0";"0";"0";"0";"0";"0";"0";"0";"0";"0";"0";"0";"0";"0";"0";"0";"0";"0";"0";"0";"0";"d__Bacteria";"Bacteroidota";"Bacteroidia";"Sphingobacteriales";NA;NA;NA
"f2d01dc94b53d2e1e0890040050fc43b";"206";"52";"18";"0";"0";"0";"0";"0";"0";"0";"0";"0";"0";"0";"0";"0";"0";"0";"0";"0";"0";"0";"0";"0";"0";"0";"0";"0";"0";"0";"0";"0";"0";"0";"d__Bacteria";"Bacteroidota";"Bacteroidia";"Sphingobacteriales";"AKYH767";"AKYH767";NA
"aca423d31a1c70f15f3b460904f7cebc";"6";"4";"0";"0";"0";"0";"0";"0";"0";"0";"0";"0";"0";"0";"0";"0";"0";"0";"0";"0";"0";"0";"0";"0";"0";"0";"0";"0";"0";"0";"0";"0";"0";"0";"d__Bacteria";"Bacteroidota";"Bacteroidia";"Sphingobacteriales";"LiUU-11-161";"LiUU-11-161";NA
"d68c24828d85460143608f9e57e887c2";"0";"0";"0";"0";"5";"0";"0";"0";"0";"0";"0";"0";"0";"0";"0";"0";"0";"0";"0";"0";"0";"0";"0";"0";"0";"0";"0";"0";"0";"0";"0";"0";"0";"0";"d__Bacteria";"Bacteroidota";"Bacteroidia";"Bacteroidales";"Rikenellaceae";"Anaerocella";NA
"0cec7bba2ac242fe4300d6bf401216cb";"0";"0";"0";"0";"0";"0";"0";"0";"0";"0";"0";"0";"0";"0";"0";"0";"0";"2";"0";"0";"0";"0";"0";"0";"0";"0";"5";"0";"0";"0";"0";"0";"0";"0";"d__Bacteria";"Bacteroidota";"Bacteroidia";"Bacteroidales";"p-2534-18B5_gut_group";"p-2534-18B5_gut_group";NA
"331fa22caec0f6a3ebbdb2a010b6c795";"0";"0";"0";"0";"6";"0";"0";"0";"0";"0";"7";"0";"0";"0";"0";"0";"0";"8";"0";"4";"0";"0";"0";"0";"0";"0";"0";"2";"0";"0";"2";"0";"0";"0";"d__Bacteria";"Bacteroidota";"Bacteroidia";"Sphingobacteriales";"Sphingobacteriaceae";NA;NA
"5d83b5f86e759b57b28d23bfe16e0b98";"220";"77";"32";"0";"0";"0";"0";"65";"117";"71";"271";"119";"127";"49";"44";"16";"27";"19";"17";"40";"26";"48";"37";"21";"0";"22";"15";"15";"5";"11";"7";"17";"9";"17";"d__Bacteria";"Bacteroidota";"Bacteroidia";"Flavobacteriales";"Flavobacteriaceae";NA;NA
"37fb674aab7f67e677b12c90fe8d1724";"0";"0";"0";"0";"23";"112";"87";"1035";"2667";"2119";"5389";"416";"3138";"4895";"4687";"6481";"8364";"5988";"6894";"7869";"8717";"10409";"11354";"13049";"0";"13311";"14955";"11917";"10847";"13614";"9887";"9166";"7017";"10393";"d__Bacteria";"Bacteroidota";"Bacteroidia";"Flavobacteriales";"Flavobacteriaceae";"Planktosalinus";NA
"acdca5bed6fab031b0800103f26c0da6";"0";"0";"0";"0";"34";"0";"0";"0";"0";"0";"0";"8";"0";"0";"0";"0";"0";"0";"0";"5";"9";"0";"2";"4";"0";"0";"3";"0";"4";"5";"0";"0";"0";"0";"d__Bacteria";"Spirochaetota";"Leptospirae";"Leptospirales";"Leptospiraceae";"RBG-16-49-21";NA
"96405de70524106be309ba9ffb42e6de";"0";"2";"0";"0";"0";"0";"0";"0";"0";"0";"0";"0";"0";"0";"0";"0";"0";"0";"0";"0";"0";"0";"0";"0";"0";"0";"0";"0";"0";"0";"0";"0";"0";"0";"d__Bacteria";"Proteobacteria";"Gammaproteobacteria";"Chromatiales";"Chromatiaceae";NA;NA
"4b0c7d0eb46561b3290bb6a1698b2ecc";"92";"33";"0";"0";"42";"26";"12";"9";"32";"28";"66";"57";"14";"2";"3";"0";"12";"8";"8";"21";"23";"37";"29";"36";"0";"23";"23";"16";"12";"8";"11";"12";"10";"12";"d__Bacteria";"Hydrogenedentes";"Hydrogenedentia";"Hydrogenedentiales";"Hydrogenedensaceae";"Hydrogenedensaceae";NA
"41a2511da52919134656bcfebdb3cadb";"0";"0";"0";"0";"115";"5";"0";"0";"65";"33";"66";"0";"49";"28";"29";"18";"5";"0";"0";"0";"0";"0";"0";"7";"0";"0";"0";"0";"0";"4";"0";"0";"0";"0";"d__Bacteria";"WPS-2";"WPS-2";"WPS-2";"WPS-2";"WPS-2";NA
"fc5a83c9621e292af4e4e912d61ee75c";"3";"0";"0";"0";"0";"0";"0";"0";"0";"0";"0";"0";"0";"0";"0";"0";"0";"0";"0";"0";"0";"0";"0";"0";"0";"0";"0";"0";"0";"0";"0";"0";"0";"0";"d__Bacteria";"Verrucomicrobiota";"Chlamydiae";"Chlamydiales";"Parachlamydiaceae";"Candidatus_Protochlamydia";NA
"babfab5ea7d5cb95b33bf41247cc294a";"5";"0";"0";"0";"0";"0";"0";"0";"0";"0";"0";"0";"0";"0";"0";"0";"0";"0";"0";"0";"0";"0";"0";"0";"0";"0";"0";"0";"0";"0";"0";"0";"0";"0";"d__Bacteria";"Verrucomicrobiota";"Chlamydiae";"Chlamydiales";NA;NA;NA
"3721fd3ed2ac2675af613a8376266c94";"33";"12";"4";"0";"0";"0";"0";"0";"0";"0";"0";"0";"0";"0";"0";"0";"0";"0";"0";"0";"0";"0";"0";"0";"0";"0";"0";"0";"0";"0";"0";"0";"0";"0";"d__Bacteria";"Verrucomicrobiota";"Chlamydiae";"Chlamydiales";"Chlamydiaceae";NA;NA
"f3d6beb893c54667086af9077ac758a7";"0";"2";"0";"0";"0";"0";"0";"0";"0";"0";"0";"0";"0";"0";"0";"0";"0";"0";"0";"0";"0";"0";"0";"0";"0";"0";"0";"0";"0";"0";"0";"0";"0";"0";"d__Bacteria";"Verrucomicrobiota";"Chlamydiae";"Chlamydiales";"Chlamydiaceae";"Chlamydiaceae";NA
"fac545243e66e6f61f643764a38addde";"0";"0";"0";"0";"0";"0";"0";"0";"0";"0";"0";"4";"3";"0";"0";"0";"11";"5";"0";"0";"0";"0";"0";"0";"0";"0";"0";"0";"0";"0";"0";"0";"0";"0";"d__Bacteria";"Verrucomicrobiota";"Chlamydiae";"Chlamydiales";"Simkaniaceae";"uncultured";NA
"6899b616fad532b5a40dae7b2ba3490b";"55";"14";"0";"0";"0";"0";"0";"0";"0";"0";"0";"0";"0";"0";"0";"0";"0";"0";"0";"0";"0";"0";"0";"0";"0";"0";"0";"0";"0";"0";"0";"0";"0";"0";"d__Bacteria";"Proteobacteria";"Gammaproteobacteria";"KI89A_clade";"KI89A_clade";"KI89A_clade";NA
"a248b531fe61e97a0d195d195824b4d9";"8";"6";"0";"0";"0";"0";"0";"0";"0";"0";"0";"0";"0";"0";"0";"0";"0";"0";"0";"0";"0";"0";"0";"0";"0";"0";"0";"0";"0";"0";"0";"0";"0";"0";"d__Bacteria";"Proteobacteria";"Gammaproteobacteria";"Gammaproteobacteria_Incertae_Sedis";"Unknown_Family";"uncultured";NA
"e77f1e71cdc5c242451cd302f75c515b";"5";"0";"0";"0";"0";"0";"0";"0";"0";"0";"0";"0";"0";"0";"0";"0";"0";"0";"0";"0";"0";"0";"0";"0";"0";"0";"0";"0";"0";"0";"0";"0";"0";"0";"d__Bacteria";"Proteobacteria";"Gammaproteobacteria";"Acidithiobacillales";"Acidithiobacillaceae";"KCM-B-112";NA
"827828ac998428214788acdcee38e117";"6";"0";"0";"0";"0";"0";"0";"0";"0";"0";"0";"0";"0";"0";"0";"0";"0";"0";"0";"0";"0";"0";"0";"0";"0";"0";"0";"0";"0";"0";"0";"0";"0";"0";"d__Bacteria";"Proteobacteria";"Gammaproteobacteria";"Immundisolibacterales";"Immundisolibacteraceae";NA;NA
"dcd608aac8f09573c8935b9c25541e8e";"16";"6";"0";"0";"0";"0";"0";"0";"0";"0";"0";"0";"0";"0";"0";"0";"0";"0";"0";"0";"0";"0";"0";"0";"0";"0";"0";"0";"0";"0";"0";"0";"0";"0";"d__Bacteria";"Proteobacteria";"Gammaproteobacteria";"CCD24";"CCD24";"CCD24";NA
"45203d8f6616349d3d2cf1754a88f64e";"739";"381";"224";"0";"4";"0";"0";"0";"0";"0";"0";"0";"0";"0";"0";"0";"0";"0";"0";"0";"0";"0";"0";"0";"0";"0";"0";"0";"0";"0";"0";"0";"0";"0";"d__Bacteria";"Proteobacteria";"Gammaproteobacteria";"Steroidobacterales";"Steroidobacteraceae";"uncultured";NA
"881e866230397c50f585f517a25b499e";"154";"72";"22";"0";"0";"0";"0";"0";"0";"0";"0";"0";"0";"0";"0";"0";"0";"0";"0";"0";"0";"0";"0";"0";"0";"0";"0";"0";"0";"0";"0";"0";"0";"0";"d__Bacteria";"Proteobacteria";"Gammaproteobacteria";"PLTA13";"PLTA13";"PLTA13";NA
"b57ae88baffd709217aee53af5453cd2";"84";"35";"0";"0";"0";"0";"0";"0";"0";"0";"0";"0";"0";"0";"0";"0";"0";"0";"0";"0";"0";"0";"0";"0";"0";"0";"0";"0";"0";"0";"0";"0";"0";"0";"d__Bacteria";"Proteobacteria";"Gammaproteobacteria";"R7C24";"R7C24";"R7C24";NA
"45270213191d7f7933b301d802fb5222";"12";"3";"0";"10";"0";"0";"0";"4";"21";"5";"0";"28";"28";"12";"23";"0";"21";"0";"0";"4";"0";"0";"0";"0";"0";"0";"0";"0";"0";"0";"0";"0";"0";"0";"d__Bacteria";"Proteobacteria";"Gammaproteobacteria";"Gammaproteobacteria_Incertae_Sedis";"Unknown_Family";"Candidatus_Berkiella";NA
"79c9ffc3031f5a238fbb104b30056599";"5";"0";"0";"0";"0";"0";"0";"0";"0";"0";"0";"0";"0";"0";"0";"0";"0";"0";"0";"0";"0";"0";"0";"0";"0";"0";"0";"0";"0";"0";"0";"0";"0";"0";"d__Bacteria";"Proteobacteria";"Gammaproteobacteria";"Thiotrichales";"Thiotrichaceae";"Thiothrix";NA
"04125fe1e9cbd13616623cd113471e22";"9";"0";"0";"0";"0";"0";"0";"0";"0";"0";"0";"0";"0";"0";"0";"0";"0";"0";"0";"0";"0";"0";"0";"0";"0";"0";"0";"0";"0";"0";"0";"0";"0";"0";"d__Bacteria";"Proteobacteria";"Gammaproteobacteria";"uncultured";"uncultured";"uncultured";NA
"81c015fe56a9dd08973e4ca1c5350599";"21";"16";"4";"0";"0";"0";"0";"0";"0";"0";"0";"0";"0";"0";"0";"0";"0";"0";"0";"0";"0";"0";"0";"0";"0";"0";"0";"0";"0";"0";"0";"0";"0";"0";"d__Bacteria";"Proteobacteria";"Gammaproteobacteria";"Diplorickettsiales";"Diplorickettsiaceae";"Aquicella";NA
"7e2a737ed2728c564dbbd703ea1fd483";"48";"12";"9";"0";"0";"0";"0";"0";"0";"0";"0";"0";"0";"0";"0";"0";"0";"0";"0";"0";"0";"0";"0";"0";"0";"0";"0";"0";"0";"0";"0";"0";"0";"0";"d__Bacteria";"Proteobacteria";"Gammaproteobacteria";"Legionellales";"Legionellaceae";"Legionella";NA
"428e204116ba858d40433915f5ce2e16";"12";"3";"0";"2";"0";"24";"13";"0";"0";"0";"0";"0";"0";"0";"0";"0";"0";"0";"0";"0";"0";"0";"0";"0";"0";"0";"0";"0";"0";"0";"0";"0";"0";"0";"d__Bacteria";"Proteobacteria";"Gammaproteobacteria";"Legionellales";"Legionellaceae";"uncultured";NA
"dfcabe51515f5a3307b2f99ccd04a79e";"8";"0";"3";"0";"0";"0";"0";"0";"0";"0";"0";"0";"0";"0";"0";"0";"0";"0";"0";"0";"0";"0";"0";"0";"0";"0";"0";"0";"0";"0";"0";"0";"0";"0";"d__Bacteria";"Proteobacteria";"Gammaproteobacteria";"EC3";"EC3";"EC3";NA
"354ab34ba124e412bbac9d0b9a3bc6e9";"83";"31";"8";"0";"0";"0";"0";"0";"0";"0";"0";"0";"0";"0";"0";"0";"0";"0";"0";"0";"0";"0";"0";"0";"0";"0";"0";"0";"0";"0";"0";"0";"0";"0";"d__Bacteria";"Proteobacteria";"Gammaproteobacteria";"AT-s2-59";"AT-s2-59";"AT-s2-59";NA
"d926146a699bf5c0797ae04318891a00";"0";"0";"0";"0";"0";"0";"0";"0";"0";"0";"0";"0";"0";"0";"0";"0";"0";"0";"0";"0";"0";"3";"2";"0";"0";"0";"0";"0";"0";"0";"0";"0";"0";"0";"d__Bacteria";"Proteobacteria";"Gammaproteobacteria";"1013-28-CG33";"1013-28-CG33";"1013-28-CG33";NA
"e2fea939352c857a103c2ae492365725";"5";"0";"0";"0";"0";"0";"0";"0";"0";"0";"0";"0";"0";"0";"0";"0";"0";"0";"0";"0";"0";"0";"0";"0";"0";"0";"0";"0";"0";"0";"0";"0";"0";"0";"d__Bacteria";"Proteobacteria";"Gammaproteobacteria";"Ga0077536";"Ga0077536";"Ga0077536";NA
"bdeb3ff7b6b5e8b6a981fc56fcaf1bf7";"10";"4";"0";"0";"0";"0";"0";"0";"0";"0";"0";"0";"0";"0";"0";"0";"0";"0";"0";"0";"0";"0";"0";"0";"0";"0";"0";"0";"0";"0";"0";"0";"0";"0";"d__Bacteria";"Proteobacteria";"Gammaproteobacteria";"Tenderiales";"Tenderiaceae";"Candidatus_Tenderia";NA
"d125067a3ba8c16c3177836da3f2225c";"746";"294";"32";"0";"0";"0";"0";"0";"0";"0";"0";"0";"0";"0";"0";"0";"0";"0";"0";"0";"0";"0";"0";"0";"0";"0";"0";"0";"0";"0";"0";"0";"0";"0";"d__Bacteria";"Proteobacteria";"Gammaproteobacteria";"Ectothiorhodospirales";"Thioalkalispiraceae";"uncultured";NA
"eb217478dc54f53a7586c59926a12ae9";"640";"281";"0";"0";"0";"0";"0";"0";"0";"0";"0";"0";"0";"0";"0";"0";"0";"0";"0";"0";"0";"0";"0";"0";"0";"0";"0";"0";"0";"0";"0";"0";"0";"0";"d__Bacteria";"Proteobacteria";"Gammaproteobacteria";"Chromatiales";"Chromatiaceae";"Candidatus_Thiobios";NA
"8c72cda9526f8075468aae0d468735c8";"356";"114";"100";"0";"0";"0";"0";"0";"0";"0";"0";"0";"0";"0";"0";"0";"0";"0";"0";"0";"0";"0";"0";"0";"0";"0";"0";"0";"0";"0";"0";"0";"0";"0";"d__Bacteria";"Proteobacteria";"Gammaproteobacteria";"Arenicellales";"Arenicellaceae";"Candidatus_Thiosymbion";NA
"d68b3912ac62a644386e6cad7cf776e4";"211";"96";"118";"0";"0";"0";"0";"0";"0";"0";"0";"0";"0";"0";"0";"0";"0";"0";"0";"0";"0";"0";"0";"0";"0";"2";"0";"0";"0";"0";"0";"0";"0";"0";"d__Bacteria";"Proteobacteria";"Gammaproteobacteria";NA;NA;NA;NA
"bc592bdcf4cbc7e5f56184ab2df71b24";"185";"81";"28";"0";"0";"0";"0";"0";"0";"0";"0";"0";"0";"0";"0";"0";"0";"0";"0";"0";"0";"0";"0";"0";"0";"0";"0";"0";"0";"0";"0";"0";"0";"0";"d__Bacteria";"Proteobacteria";"Gammaproteobacteria";"Chromatiales";"Chromatiaceae";"uncultured";NA
"198619cbe1b94a10b16c24da0d31e715";"167";"74";"0";"0";"0";"0";"6";"0";"0";"0";"0";"0";"0";"0";"0";"0";"0";"0";"0";"0";"0";"4";"3";"0";"0";"2";"5";"4";"0";"5";"3";"2";"3";"4";"d__Bacteria";"Proteobacteria";"Gammaproteobacteria";"Steroidobacterales";"Woeseiaceae";"JTB255_marine_benthic_group";NA
"4861dbd67f46174e6e9a7c4533cdfc36";"0";"0";"0";"164";"84";"14";"8";"13";"5";"0";"77";"15";"10";"0";"4";"4";"8";"5";"0";"7";"0";"7";"8";"13";"0";"10";"14";"7";"7";"15";"6";"0";"0";"7";"d__Bacteria";"Proteobacteria";"Gammaproteobacteria";"Xanthomonadales";"Rhodanobacteraceae";"Pseudofulvimonas";NA
"590fbac870d67a0d7adf154ea3e3235e";"0";"0";"0";"103";"30";"11";"12";"3";"0";"16";"13";"7";"22";"15";"15";"7";"10";"0";"7";"13";"3";"11";"9";"13";"0";"0";"0";"3";"6";"10";"0";"5";"4";"7";"d__Bacteria";"Proteobacteria";"Gammaproteobacteria";"Xanthomonadales";"Rhodanobacteraceae";"Aquimonas";NA
"9bc5dcabb998503281e3c2ff394b6364";"5";"0";"0";"0";"0";"0";"0";"0";"0";"0";"0";"0";"0";"0";"0";"0";"0";"0";"0";"0";"0";"0";"0";"0";"0";"0";"0";"0";"0";"0";"0";"0";"0";"0";"d__Bacteria";"Proteobacteria";"Gammaproteobacteria";"Xanthomonadales";"uncultured";"uncultured";NA
"695d7f620d696b4b7e1df8f8fee9e3e5";"0";"0";"0";"40";"48";"0";"0";"0";"0";"0";"8";"10";"7";"0";"0";"0";"0";"0";"0";"0";"0";"0";"0";"0";"0";"0";"0";"0";"0";"0";"0";"0";"0";"0";"d__Bacteria";"Proteobacteria";"Gammaproteobacteria";"Xanthomonadales";"Xanthomonadaceae";"Arenimonas";NA
"0dc7298094235ab57aba8dd88a847a0b";"0";"0";"0";"0";"0";"4";"7";"0";"0";"0";"29";"0";"28";"8";"9";"6";"8";"7";"0";"12";"6";"19";"11";"28";"0";"13";"10";"9";"0";"0";"0";"0";"0";"0";"d__Bacteria";"Proteobacteria";"Gammaproteobacteria";"Xanthomonadales";"Xanthomonadaceae";"Luteimonas";NA
"dcb9163ed0435c4a78471655159710c9";"0";"0";"374";"111";"79";"33";"25";"4";"9";"4";"9";"0";"0";"0";"0";"0";"4";"2";"0";"7";"0";"7";"2";"7";"0";"0";"0";"0";"5";"6";"4";"4";"0";"6";"d__Bacteria";"Proteobacteria";"Gammaproteobacteria";"Xanthomonadales";"Xanthomonadaceae";"Pseudoxanthomonas";NA
"a22679e53c11aba5867a14375e321a9a";"0";"0";"143";"0";"0";"0";"0";"0";"0";"0";"0";"0";"0";"0";"0";"0";"0";"0";"0";"0";"0";"0";"0";"0";"0";"0";"0";"0";"0";"0";"0";"0";"0";"0";"d__Bacteria";"Proteobacteria";"Gammaproteobacteria";"Xanthomonadales";"Xanthomonadaceae";"Stenotrophomonas";NA
"4bd51b0c515dc5722fb3f4c650eb684f";"0";"0";"0";"0";"0";"0";"0";"0";"0";"0";"0";"0";"0";"0";"0";"0";"0";"0";"0";"0";"0";"0";"0";"0";"0";"0";"0";"0";"0";"0";"0";"0";"3";"5";"d__Bacteria";"Proteobacteria";"Gammaproteobacteria";"Salinisphaerales";"Solimonadaceae";"Polycyclovorans";NA
"f1a05a366fab98470bf824a754db63c1";"0";"0";"0";"0";"0";"0";"0";"0";"0";"0";"0";"0";"0";"0";"0";"0";"0";"0";"0";"0";"0";"0";"4";"0";"0";"0";"0";"0";"0";"0";"0";"0";"0";"0";"d__Bacteria";"Proteobacteria";"Gammaproteobacteria";"Salinisphaerales";"Solimonadaceae";NA;NA
"0aa6767415c3c1d08d147c80b16ec596";"8";"0";"10254";"304";"196";"16";"8";"0";"0";"8";"0";"0";"9";"8";"47";"51";"58";"11";"5";"0";"0";"0";"0";"10";"0";"0";"0";"0";"0";"0";"0";"0";"0";"0";"d__Bacteria";"Proteobacteria";"Gammaproteobacteria";"Pseudomonadales";"Moraxellaceae";"Acinetobacter";NA
"990de7b365d210b57c48e938bbd7a077";"0";"0";"0";"0";"0";"0";"0";"0";"0";"0";"0";"0";"0";"0";"0";"0";"0";"0";"0";"0";"0";"0";"0";"0";"0";"0";"0";"2";"3";"0";"0";"0";"0";"0";"d__Bacteria";"Proteobacteria";"Gammaproteobacteria";"Aeromonadales";"Succinivibrionaceae";"Succinivibrio";NA
"01954cf7aebc10d45612f237903df8e7";"28";"15";"6";"0";"0";"0";"0";"0";"0";"0";"0";"0";"0";"0";"0";"0";"0";"0";"0";"0";"0";"0";"0";"0";"0";"0";"0";"0";"0";"0";"0";"0";"0";"0";"d__Bacteria";"Proteobacteria";"Gammaproteobacteria";"Aeromonadales";"Aeromonadaceae";"Aeromonas";NA
"4932c97395e77e2d915cdefe2d1b10cc";"0";"0";"0";"0";"0";"0";"0";"0";"0";"0";"0";"0";"0";"0";"0";"0";"0";"0";"0";"0";"0";"0";"0";"3";"0";"0";"0";"0";"0";"0";"0";"0";"0";"0";"d__Bacteria";"Proteobacteria";"Gammaproteobacteria";"Alteromonadales";"Idiomarinaceae";"Aliidiomarina";NA
"4b648c30f4ffa5ff0a83cb9f9c518a58";"16";"4";"0";"0";"0";"0";"0";"0";"0";"0";"0";"0";"0";"0";"0";"0";"0";"0";"0";"0";"0";"0";"0";"0";"0";"0";"0";"0";"0";"0";"0";"0";"0";"0";"d__Bacteria";"Proteobacteria";"Gammaproteobacteria";"Cellvibrionales";"Porticoccaceae";"C1-B045";NA
"448a6a0489400d6bed0ba06ca1c96215";"5";"0";"0";"0";"0";"0";"0";"0";"0";"0";"0";"0";"0";"0";"0";"0";"0";"0";"0";"0";"0";"0";"0";"0";"0";"0";"0";"0";"0";"0";"0";"0";"0";"0";"d__Bacteria";"Proteobacteria";"Gammaproteobacteria";"Oceanospirillales";"Oleiphilaceae";"Oleiphilus";NA
"e890793b54d7b03b1c3a3a11cd77c548";"5";"0";"0";"0";"0";"0";"0";"0";"0";"0";"0";"0";"0";"0";"0";"0";"0";"0";"0";"0";"0";"0";"0";"0";"0";"0";"0";"0";"0";"0";"0";"0";"0";"0";"d__Bacteria";"Proteobacteria";"Gammaproteobacteria";"Cellvibrionales";"Cellvibrionaceae";NA;NA
"b9c0c37bedd2308afda1bcdc5981cdba";"36";"5";"0";"0";"0";"0";"0";"0";"0";"0";"0";"0";"0";"0";"0";"0";"0";"0";"0";"0";"0";"0";"0";"0";"0";"0";"0";"0";"0";"0";"0";"0";"0";"0";"d__Bacteria";"Proteobacteria";"Gammaproteobacteria";"Oceanospirillales";"Hahellaceae";"Hahella";NA
"c644dd2fe8dd44028035444047c3d983";"0";"0";"55";"0";"0";"0";"0";"0";"0";"0";"0";"0";"0";"0";"0";"0";"5";"9";"0";"7";"97";"37";"30";"205";"0";"38";"47";"29";"38";"43";"17";"12";"18";"34";"d__Bacteria";"Proteobacteria";"Gammaproteobacteria";"Pseudomonadales";"Pseudomonadaceae";NA;NA
"7d1056cdb2c52aaeebcc69fae394fce9";"0";"0";"1705";"6";"0";"5";"0";"0";"0";"0";"0";"0";"24";"21";"5";"12";"0";"0";"0";"0";"2";"0";"5";"0";"0";"0";"0";"0";"0";"6";"0";"0";"0";"0";"d__Bacteria";"Proteobacteria";"Gammaproteobacteria";"Pseudomonadales";"Pseudomonadaceae";"Pseudomonas";NA
"b6c2c21e90eb0af56c2302d3dffef690";"0";"0";"0";"0";"9";"0";"0";"0";"0";"0";"0";"0";"0";"0";"0";"0";"0";"0";"0";"0";"0";"0";"0";"0";"0";"0";"0";"0";"0";"0";"0";"0";"0";"0";"d__Bacteria";"Proteobacteria";"Gammaproteobacteria";"Oceanospirillales";"Halomonadaceae";"Marinospirillum";NA
"7dab2e0b6aa403b6032ad60940f322a4";"6";"0";"0";"0";"0";"0";"0";"0";"0";"16";"9";"7";"5";"5";"0";"0";"0";"0";"0";"0";"0";"0";"0";"5";"0";"2";"3";"0";"0";"2";"4";"0";"0";"1";"d__Bacteria";"Proteobacteria";"Gammaproteobacteria";"Oceanospirillales";"Halomonadaceae";"Halomonas";NA
"444f43306046cbff6823fc36e78c4523";"0";"0";"0";"30";"20";"27";"32";"0";"0";"0";"0";"0";"41";"32";"10";"16";"13";"7";"11";"14";"32";"40";"16";"25";"0";"7";"14";"7";"16";"10";"3";"5";"0";"0";"d__Bacteria";"Proteobacteria";"Gammaproteobacteria";"Alteromonadales";"Alteromonadaceae";"Alishewanella";NA
"e59e5ee8021a1a92897c307c1183f787";"0";"0";"0";"0";"0";"3";"0";"0";"0";"0";"10";"16";"18";"12";"6";"0";"0";"0";"0";"3";"0";"0";"0";"5";"0";"0";"0";"0";"0";"0";"0";"0";"0";"0";"d__Bacteria";"Proteobacteria";"Gammaproteobacteria";"Alteromonadales";"Alteromonadaceae";"Rheinheimera";NA
"311bdaff4571aeb94322e9d12e2eb165";"0";"2";"0";"0";"0";"0";"0";"0";"0";"0";"0";"0";"0";"0";"0";"0";"0";"0";"0";"0";"0";"0";"0";"0";"0";"0";"0";"0";"0";"0";"0";"0";"0";"0";"d__Bacteria";"Proteobacteria";"Gammaproteobacteria";"Cellvibrionales";"Halieaceae";NA;NA
"40d2b6bab160f074e2a9d541296dd530";"1083";"285";"108";"0";"0";"0";"0";"0";"0";"0";"0";"0";"0";"0";"0";"0";"0";"0";"0";"0";"0";"0";"0";"0";"0";"0";"0";"0";"0";"0";"0";"0";"0";"0";"d__Bacteria";"Proteobacteria";"Gammaproteobacteria";"Cellvibrionales";"Halieaceae";"Halioglobus";NA
"6e93d0f63eb7503e8e267f2260877e80";"0";"0";"0";"0";"0";"0";"0";"0";"0";"0";"0";"0";"0";"0";"2";"0";"0";"0";"0";"0";"0";"0";"0";"0";"0";"0";"0";"0";"0";"0";"0";"0";"0";"0";"d__Bacteria";"Proteobacteria";"Gammaproteobacteria";"Oceanospirillales";"Pseudohongiellaceae";"Pseudohongiella";NA
"0b49fafba255128ce52127194e5db0e2";"0";"0";"0";"0";"0";"0";"0";"6";"48";"8";"13";"10";"0";"0";"12";"9";"22";"0";"3";"4";"3";"0";"4";"5";"0";"9";"11";"0";"218";"99";"7";"0";"7";"3";"d__Bacteria";"Proteobacteria";"Alphaproteobacteria";"Paracaedibacterales";"Paracaedibacteraceae";"uncultured";NA
"1129fe4eda8e5099b5a907eead4ac04d";"62";"16";"10";"0";"0";"0";"0";"0";"0";"2";"0";"0";"0";"0";"0";"0";"0";"0";"0";"0";"0";"0";"0";"0";"0";"4";"0";"5";"0";"4";"0";"0";"0";"0";"d__Bacteria";"Proteobacteria";"Alphaproteobacteria";"Thalassobaculales";"uncultured";"uncultured";NA
"4e033f07e10b872e1b18f8914015e927";"11";"6";"5";"0";"0";"0";"0";"0";"0";"0";"0";"0";"0";"0";"0";"0";"0";"0";"0";"0";"0";"0";"0";"0";"0";"0";"0";"0";"0";"0";"0";"0";"0";"0";"d__Bacteria";"Proteobacteria";"Alphaproteobacteria";"Holosporales";"Holosporaceae";"uncultured";NA
"4549656004161e3d3bf00ff54f3df29c";"39";"22";"0";"3";"6";"0";"0";"0";"5";"0";"17";"5";"0";"4";"0";"4";"0";"0";"0";"0";"3";"8";"0";"4";"0";"0";"0";"4";"0";"0";"0";"0";"0";"0";"d__Bacteria";"Proteobacteria";"Alphaproteobacteria";"Azospirillales";"Azospirillales_Incertae_Sedis";"Stella";NA
"7f8f2c791eeef80418972928b9d08620";"58";"17";"8";"0";"0";"0";"0";"0";"0";"0";"0";"0";"0";"0";"0";"0";"0";"0";"0";"0";"0";"0";"0";"0";"0";"0";"0";"0";"0";"0";"0";"0";"0";"0";"d__Bacteria";"Proteobacteria";"Alphaproteobacteria";"Rickettsiales";"AB1";"AB1";NA
"3713aa5a61d5ae08db14c45ce01e9d71";"0";"0";"7";"0";"0";"0";"0";"0";"0";"0";"0";"0";"0";"0";"0";"0";"0";"0";"0";"0";"0";"0";"0";"0";"0";"0";"0";"0";"0";"0";"0";"0";"0";"0";"d__Bacteria";"Proteobacteria";"Alphaproteobacteria";"Reyranellales";"Reyranellaceae";"Reyranella";NA
"210d13fdba4cb1d1452298df110c0617";"159";"55";"4";"0";"0";"0";"0";"0";"0";"0";"0";"0";"0";"0";"0";"0";"0";"0";"0";"0";"0";"0";"0";"0";"0";"0";"0";"0";"0";"0";"0";"0";"0";"0";"d__Bacteria";"Proteobacteria";"Alphaproteobacteria";"Reyranellales";"Reyranellaceae";"uncultured";NA
"d4d70971fc465020d97ef323c4a3dbd9";"4";"0";"0";"0";"0";"0";"0";"0";"0";"0";"0";"0";"0";"0";"0";"0";"0";"0";"0";"0";"0";"0";"0";"0";"0";"0";"0";"0";"0";"0";"0";"0";"0";"0";"d__Bacteria";"Proteobacteria";"Alphaproteobacteria";"Defluviicoccales";"uncultured";"uncultured";NA
"d315de4fb4c11b3e2671c72658f432fe";"7733";"3423";"3373";"67";"159";"0";"0";"0";"0";"0";"0";"0";"52";"38";"59";"66";"32";"41";"45";"72";"61";"101";"130";"43";"0";"9";"53";"57";"88";"61";"31";"37";"39";"73";"d__Bacteria";"Proteobacteria";"Alphaproteobacteria";"Defluviicoccales";"Defluviicoccaceae";"Defluviicoccus";NA
"1c7367a2d83f5da41cecdbe015cc2d62";"0";"0";"0";"0";"7";"0";"0";"0";"0";"0";"0";"0";"0";"0";"0";"0";"0";"0";"0";"0";"0";"0";"0";"0";"0";"0";"0";"0";"0";"0";"0";"0";"0";"0";"d__Bacteria";"Proteobacteria";"Alphaproteobacteria";"Rhodospirillales";"Rhodospirillaceae";"Caenispirillum";NA
"e585cfbd74c1e13a261d69e0f3548184";"0";"0";"0";"0";"0";"3";"0";"5";"0";"0";"0";"0";"0";"0";"0";"0";"0";"0";"0";"0";"0";"0";"0";"0";"0";"0";"0";"2";"0";"0";"0";"0";"0";"0";"d__Bacteria";"Proteobacteria";"Alphaproteobacteria";"Rickettsiales";"Rickettsiaceae";"uncultured";NA
"f23e94d3e8e2ea5090e1100fd5b5962a";"10";"0";"0";"0";"0";"0";"0";"0";"0";"0";"0";"0";"0";"0";"0";"0";"0";"0";"0";"0";"0";"0";"0";"0";"0";"0";"0";"0";"0";"0";"0";"0";"0";"0";"d__Bacteria";"Proteobacteria";"Alphaproteobacteria";"Rickettsiales";"SM2D12";"SM2D12";NA
"a0bf61154033d4be8ca74f58cb9ebdcd";"0";"0";"10";"0";"0";"32";"18";"0";"0";"0";"0";"0";"0";"0";"0";"0";"0";"0";"0";"0";"0";"0";"0";"0";"0";"0";"0";"0";"0";"0";"0";"15";"2";"0";"d__Bacteria";"Proteobacteria";"Alphaproteobacteria";"Azospirillales";"Azospirillaceae";"Azospirillum";NA
"e8cef77ef630d1d154c529e45661a09c";"152";"32";"7";"0";"0";"0";"0";"0";"0";"0";"0";"0";"0";"0";"0";"0";"0";"0";"0";"0";"0";"0";"0";"0";"0";"0";"0";"0";"0";"0";"0";"0";"0";"0";"d__Bacteria";"Proteobacteria";"Alphaproteobacteria";"Kiloniellales";"Fodinicurvataceae";"uncultured";NA
"7f0995b169367450e8b629d9e2e59d5d";"0";"2";"0";"0";"0";"0";"0";"0";"0";"0";"0";"0";"0";"0";"0";"0";"0";"0";"0";"0";"0";"0";"0";"0";"0";"0";"0";"0";"0";"0";"0";"0";"0";"0";"d__Bacteria";"Proteobacteria";"Alphaproteobacteria";"Acetobacterales";"Acetobacteraceae";"uncultured";NA
"771ed5d92ac7cf6c242c394d51bed6a5";"0";"0";"45";"25";"17";"0";"0";"10";"9";"31";"28";"5";"42";"49";"23";"45";"27";"21";"27";"23";"11";"0";"0";"44";"0";"0";"20";"28";"37";"37";"20";"11";"4";"6";"d__Bacteria";"Proteobacteria";"Alphaproteobacteria";"Acetobacterales";"Acetobacteraceae";"Roseomonas";NA
"d84192f3b6a8acd3c555f7f3e625fe65";"102";"31";"14";"6";"0";"0";"0";"0";"0";"0";"0";"0";"0";"0";"0";"0";"0";"0";"0";"0";"0";"0";"0";"0";"0";"0";"0";"0";"0";"0";"0";"0";"0";"0";"d__Bacteria";"Proteobacteria";"Alphaproteobacteria";"Tistrellales";"Geminicoccaceae";"uncultured";NA
"15b80b4eccaf2695447a7f122b0f6993";"18";"9";"5";"0";"0";"0";"0";"0";"0";"0";"0";"0";"0";"0";"0";"0";"0";"0";"0";"0";"0";"0";"0";"0";"0";"0";"0";"0";"0";"0";"0";"0";"0";"0";"d__Bacteria";"Proteobacteria";"Alphaproteobacteria";"Tistrellales";"Geminicoccaceae";"Candidatus_Alysiosphaera";NA
"a7c57ac20b6af1acb9085f903106c92d";"0";"0";"0";"0";"0";"0";"0";"0";"0";"0";"0";"0";"0";"0";"0";"0";"0";"0";"3";"3";"10";"12";"16";"14";"0";"3";"8";"7";"15";"12";"8";"9";"4";"3";"d__Bacteria";"Proteobacteria";"Alphaproteobacteria";"Puniceispirillales";"uncultured";"uncultured";NA
"c9b91855ebab73930fbbea660977913b";"21";"12";"0";"0";"20";"12";"0";"0";"0";"0";"0";"6";"0";"0";"0";"0";"0";"0";"5";"5";"6";"14";"14";"9";"0";"17";"36";"30";"16";"21";"15";"15";"7";"26";"d__Bacteria";"Proteobacteria";"Alphaproteobacteria";"Micavibrionales";"uncultured";"uncultured";NA
"4baa27ce2e7b6c8f7a3c9ac2aa93bfd7";"14";"6";"0";"35";"4";"55";"61";"90";"378";"380";"458";"40";"144";"160";"138";"110";"117";"70";"37";"52";"34";"25";"23";"9";"0";"10";"25";"12";"11";"14";"0";"3";"4";"12";"d__Bacteria";"Proteobacteria";"Alphaproteobacteria";"Rhodospirillales";"uncultured";"uncultured";NA
"8961ae98d719665f9ef6248e2811cd2a";"34";"8";"0";"10";"0";"0";"0";"0";"60";"12";"54";"4";"125";"99";"23";"12";"4";"0";"0";"0";"0";"0";"5";"0";"0";"0";"0";"0";"0";"0";"0";"0";"0";"0";"d__Bacteria";"Proteobacteria";"Alphaproteobacteria";"Micavibrionales";"Micavibrionaceae";"uncultured";NA
"8d5c5661ab38f9de15169363bfba46aa";"40";"21";"0";"0";"0";"10";"0";"0";"0";"0";"0";"0";"0";"0";"0";"0";"0";"0";"0";"0";"0";"0";"0";"0";"0";"0";"0";"0";"0";"0";"0";"0";"0";"0";"d__Bacteria";"Proteobacteria";"Alphaproteobacteria";"Parvibaculales";"Parvibaculaceae";"Parvibaculum";NA
"2e005e1ab0fe13b687ce4b3b0fa63abe";"89";"29";"0";"0";"0";"0";"0";"0";"0";"0";"0";"0";"0";"0";"0";"0";"0";"0";"0";"0";"0";"0";"0";"0";"0";"0";"0";"0";"0";"0";"0";"0";"0";"0";"d__Bacteria";"Proteobacteria";"Alphaproteobacteria";"Caulobacterales";"Parvularculaceae";"Amphiplicatus";NA
"62c5f1b4b9cd5cc7eed8ce57a7f0ef12";"5";"0";"0";"0";"0";"0";"0";"0";"0";"0";"0";"0";"0";"0";"0";"0";"0";"0";"0";"0";"0";"0";"0";"0";"0";"0";"0";"0";"0";"0";"0";"0";"0";"0";"d__Bacteria";"Proteobacteria";"Alphaproteobacteria";"Sneathiellales";"Sneathiellaceae";"Sneathiella";NA
"511316b52890639c88b13dbc8ad7e227";"166";"67";"17";"0";"0";"0";"0";"0";"0";"0";"0";"0";"0";"0";"0";"0";"0";"0";"0";"0";"0";"0";"0";"0";"0";"0";"0";"0";"0";"0";"0";"0";"0";"0";"d__Bacteria";"Proteobacteria";"Alphaproteobacteria";"Sphingomonadales";"Sphingomonadaceae";"Altererythrobacter";NA
"2c7d866fb878dd6da38890183f10928f";"100";"28";"9";"0";"0";"0";"0";"0";"0";"0";"0";"0";"0";"0";"3";"0";"0";"0";"0";"0";"0";"0";"6";"0";"0";"0";"0";"0";"0";"0";"0";"0";"0";"0";"d__Bacteria";"Proteobacteria";"Alphaproteobacteria";"Sphingomonadales";"Sphingomonadaceae";NA;NA
"40aaeee2ca17944e79c54567451246bc";"4";"0";"0";"0";"0";"12";"13";"0";"0";"0";"0";"7";"0";"0";"0";"0";"0";"0";"0";"0";"0";"6";"3";"7";"0";"0";"4";"14";"0";"9";"0";"0";"0";"6";"d__Bacteria";"Proteobacteria";"Alphaproteobacteria";"Sphingomonadales";"Sphingomonadaceae";"Sphingosinicella";NA
"94ef6f4321cdc0d7db09c0c723e307fc";"9";"0";"230";"24";"13";"0";"0";"0";"0";"0";"0";"0";"6";"0";"0";"4";"0";"0";"0";"0";"0";"0";"0";"0";"0";"0";"0";"0";"0";"0";"0";"0";"0";"0";"d__Bacteria";"Proteobacteria";"Alphaproteobacteria";"Sphingomonadales";"Sphingomonadaceae";"Sphingomonas";NA
"ed6be6f35c692c6166ff8442f30ba282";"13";"0";"396";"0";"0";"0";"0";"0";"0";"11";"4";"6";"26";"8";"0";"0";"0";"0";"0";"0";"0";"0";"0";"0";"0";"0";"0";"0";"0";"0";"0";"0";"0";"0";"d__Bacteria";"Proteobacteria";"Alphaproteobacteria";"Sphingomonadales";"Sphingomonadaceae";"Sphingobium";NA
"fb87462572fc5566450774faba6bb877";"0";"0";"6";"0";"9";"9";"13";"6";"0";"9";"5";"0";"5";"0";"0";"8";"4";"0";"0";"5";"0";"14";"3";"9";"0";"0";"0";"0";"0";"0";"0";"0";"0";"0";"d__Bacteria";"Proteobacteria";"Alphaproteobacteria";"Sphingomonadales";"Sphingomonadaceae";"Novosphingobium";NA
"de591a1c1111e5a4fb1078d988982659";"7";"0";"112";"40";"36";"54";"57";"27";"39";"56";"85";"12";"44";"19";"0";"0";"5";"5";"0";"6";"0";"0";"0";"0";"0";"4";"0";"0";"0";"0";"0";"3";"0";"0";"d__Bacteria";"Proteobacteria";"Alphaproteobacteria";"Sphingomonadales";"Sphingomonadaceae";"Sphingopyxis";NA
"262259af1422a097100b3380887e9d04";"0";"0";"163";"0";"0";"0";"0";"0";"0";"9";"0";"0";"0";"3";"0";"0";"0";"0";"0";"0";"0";"0";"0";"0";"0";"0";"0";"0";"0";"0";"0";"0";"5";"0";"d__Bacteria";"Proteobacteria";"Alphaproteobacteria";"Sphingomonadales";"Sphingomonadaceae";"Blastomonas";NA
"7854da004130b608c6b43e3741c5b925";"100";"35";"7";"0";"0";"0";"0";"0";"0";"0";"0";"0";"14";"4";"0";"0";"0";"0";"0";"0";"0";"0";"0";"0";"0";"0";"0";"0";"0";"0";"0";"0";"0";"0";"d__Bacteria";"Proteobacteria";"Alphaproteobacteria";"Sphingomonadales";"Sphingomonadaceae";"Erythrobacter";NA
"6df01be392785b7c5e5e64515e6f56ae";"58";"23";"0";"1168";"660";"290";"198";"154";"44";"0";"119";"39";"335";"122";"69";"33";"20";"15";"8";"13";"8";"14";"26";"36";"0";"29";"21";"25";"45";"58";"30";"24";"32";"33";"d__Bacteria";"Proteobacteria";"Alphaproteobacteria";"Caulobacterales";"Hyphomonadaceae";"Hyphomonas";NA
"72dcbb984f483da885f474228138c569";"120";"45";"29";"0";"0";"0";"0";"0";"0";"0";"0";"0";"0";"0";"0";"0";"0";"0";"0";"3";"0";"0";"4";"0";"0";"0";"0";"0";"0";"0";"0";"0";"0";"0";"d__Bacteria";"Proteobacteria";"Alphaproteobacteria";"Caulobacterales";"Hyphomonadaceae";"Hirschia";NA
"9034a30d9db87b43b3d9966782f9c471";"85";"26";"0";"3";"24";"39";"39";"13";"4";"0";"26";"66";"28";"24";"14";"0";"9";"8";"0";"18";"11";"44";"47";"48";"0";"49";"47";"49";"92";"100";"59";"65";"53";"65";"d__Bacteria";"Proteobacteria";"Alphaproteobacteria";"Caulobacterales";"Hyphomonadaceae";"SWB02";NA
"7f2e9ebab27b8bb00747abc695d3cb76";"0";"0";"0";"71";"104";"826";"811";"134";"163";"170";"41";"88";"157";"60";"30";"36";"37";"54";"56";"96";"87";"92";"93";"114";"0";"203";"160";"134";"213";"449";"168";"136";"90";"96";"d__Bacteria";"Proteobacteria";"Alphaproteobacteria";"Caulobacterales";"Hyphomonadaceae";"Glycocaulis";NA
"26301148d144a89f65ded106c3c1fcfa";"0";"3";"0";"0";"0";"0";"0";"0";"0";"0";"0";"0";"0";"0";"0";"0";"0";"0";"0";"0";"0";"0";"0";"0";"0";"0";"0";"0";"0";"0";"0";"0";"0";"0";"d__Bacteria";"Proteobacteria";"Alphaproteobacteria";"Rhizobiales";"Beijerinckiaceae";NA;NA
"08995258dcab3634cbbe385927d19c0b";"0";"0";"1971";"231";"164";"342";"336";"320";"267";"976";"438";"93";"371";"304";"118";"124";"150";"85";"85";"99";"35";"81";"93";"82";"0";"43";"60";"36";"66";"108";"33";"34";"36";"28";"d__Bacteria";"Proteobacteria";"Alphaproteobacteria";"Caulobacterales";"Caulobacteraceae";"Brevundimonas";NA
"47d011cc4bf606d64d6b234fdd3cc9f8";"0";"0";"15";"9";"0";"15";"15";"3";"0";"0";"0";"13";"0";"3";"0";"5";"3";"0";"0";"3";"0";"0";"0";"6";"0";"0";"0";"7";"0";"6";"0";"0";"0";"0";"d__Bacteria";"Proteobacteria";"Alphaproteobacteria";"Caulobacterales";"Caulobacteraceae";"Phenylobacterium";NA
"52d6fae91fe613402b5eb064db422d2a";"0";"0";"9";"0";"0";"0";"0";"0";"0";"0";"0";"0";"0";"0";"0";"0";"0";"0";"0";"0";"0";"0";"0";"0";"0";"0";"0";"0";"0";"0";"0";"0";"0";"0";"d__Bacteria";"Proteobacteria";"Alphaproteobacteria";"Caulobacterales";"Caulobacteraceae";"Caulobacter";NA
"6829fcedab49f530667fa69ee76d6183";"12";"0";"0";"0";"0";"0";"0";"0";"0";"0";"0";"0";"0";"0";"0";"0";"0";"0";"0";"0";"0";"0";"0";"0";"0";"0";"0";"0";"0";"0";"0";"0";"0";"0";"d__Bacteria";"Proteobacteria";"Alphaproteobacteria";"Caulobacterales";"Caulobacteraceae";"uncultured";NA
"bc0b3b6456fe004855bb8a9698b46e53";"0";"0";"0";"13275";"6695";"4645";"4610";"16814";"471";"4338";"5943";"954";"6591";"10136";"6370";"8893";"10838";"10530";"12224";"13694";"12163";"22119";"25362";"27266";"17";"30754";"39019";"53664";"39903";"44887";"29729";"20658";"17091";"17882";"d__Bacteria";"Proteobacteria";"Alphaproteobacteria";"Rhodobacterales";"Rhodobacteraceae";"Paracoccus";NA
"3a75d2456f77c34edb40605af09221b2";"0";"0";"0";"0";"0";"0";"0";"0";"0";"0";"0";"0";"0";"0";"0";"0";"0";"0";"0";"4";"0";"0";"0";"0";"0";"0";"0";"0";"0";"0";"13";"0";"0";"0";"d__Bacteria";"Proteobacteria";"Alphaproteobacteria";"Caulobacterales";"Caulobacteraceae";NA;NA
"e792cb89e033d98b855b9f761e503d6b";"548";"172";"490";"933";"351";"53";"49";"0";"13";"28";"471";"172";"321";"184";"93";"51";"83";"21";"43";"29";"25";"51";"62";"75";"0";"19";"46";"61";"56";"81";"45";"14";"36";"20";"d__Bacteria";"Proteobacteria";"Alphaproteobacteria";"Rhodobacterales";"Rhodobacteraceae";NA;NA
"1a0366d950047362f4ce9bb20d8d5f1e";"16";"10";"0";"0";"0";"0";"0";"0";"0";"0";"0";"0";"0";"0";"0";"0";"0";"0";"0";"0";"0";"0";"0";"0";"0";"0";"0";"0";"0";"0";"0";"0";"0";"0";"d__Bacteria";"Proteobacteria";"Alphaproteobacteria";"Rhodobacterales";"Rhodobacteraceae";"Defluviimonas";NA
"3c4c6cf579f0227f7450772f1746478b";"16";"0";"8";"139";"105";"108";"86";"65";"387";"635";"147";"509";"101";"75";"67";"59";"84";"31";"27";"17";"0";"0";"7";"11";"0";"0";"0";"0";"0";"0";"0";"0";"0";"0";"d__Bacteria";"Proteobacteria";"Alphaproteobacteria";"Rhodobacterales";"Rhodobacteraceae";"uncultured";NA
"053e3ef06fbd8aaf2539e8d037c63d98";"0";"0";"0";"0";"0";"0";"0";"0";"0";"0";"0";"0";"0";"0";"0";"0";"0";"0";"0";"0";"0";"0";"0";"3";"0";"0";"0";"0";"0";"0";"0";"0";"0";"0";"d__Bacteria";"Proteobacteria";"Alphaproteobacteria";"Rhodobacterales";"Rhodobacteraceae";"Rhodobacteraceae";NA
"cf2f24d22e9155cfa990cb7f2a39acda";"0";"0";"3";"5";"0";"0";"0";"0";"0";"0";"0";"0";"0";"0";"4";"0";"0";"0";"0";"0";"0";"0";"0";"0";"0";"0";"0";"0";"0";"0";"0";"0";"0";"0";"d__Bacteria";"Proteobacteria";"Alphaproteobacteria";"Rhodobacterales";"Rhodobacteraceae";"Rhodobacter";NA
"41efb536fe2cecb6c890abaa6f708313";"0";"0";"0";"229";"86";"73";"62";"154";"504";"618";"511";"119";"153";"79";"42";"30";"17";"11";"8";"10";"10";"25";"44";"44";"0";"16";"12";"27";"21";"15";"23";"17";"28";"12";"d__Bacteria";"Proteobacteria";"Alphaproteobacteria";"Rhodobacterales";"Rhodobacteraceae";"Amaricoccus";NA
"28c2b69bb7c6b3d66d8be110b2d8f26e";"0";"0";"5";"642";"298";"2037";"1082";"123";"601";"1053";"351";"104";"475";"349";"135";"70";"74";"26";"14";"31";"7";"18";"31";"48";"0";"16";"8";"7";"10";"0";"9";"0";"6";"0";"d__Bacteria";"Proteobacteria";"Alphaproteobacteria";"Rhodobacterales";"Rhodobacteraceae";"Gemmobacter";NA
"d1be5ae174e389d6760d73d74b70b9e8";"90";"34";"0";"0";"0";"0";"0";"0";"0";"0";"0";"0";"0";"0";"0";"0";"0";"0";"0";"0";"0";"0";"0";"0";"0";"0";"0";"0";"0";"0";"0";"0";"0";"0";"d__Bacteria";"Proteobacteria";"Alphaproteobacteria";"Rhodobacterales";"Rhodobacteraceae";"Thioclava";NA
"6ac5097c89f6f54b8135f83e977ca012";"0";"0";"4";"9135";"15482";"9175";"6673";"15368";"35405";"18170";"25132";"27739";"33003";"40615";"23294";"25173";"35365";"17379";"19403";"21293";"28934";"21394";"19715";"11566";"8";"2630";"1924";"1900";"1055";"1219";"453";"184";"207";"200";"d__Bacteria";"Proteobacteria";"Alphaproteobacteria";"Alphaproteobacteria_Incertae_Sedis";"Unknown_Family";"Neomegalonema";NA
"d48c0bac7cbe2ffb7fa2eb23949d23ef";"490";"122";"71";"0";"0";"0";"0";"0";"0";"0";"0";"0";"0";"0";"0";"0";"0";"0";"0";"0";"0";"0";"0";"0";"0";"0";"0";"0";"0";"0";"0";"0";"0";"0";"d__Bacteria";"Proteobacteria";"Alphaproteobacteria";"Rhizobiales";"Methyloligellaceae";"Methyloceanibacter";NA
"fe9ac8dac0d61a452d56b59868253588";"102";"32";"21";"0";"0";"0";"0";"0";"0";"0";"0";"0";"0";"0";"0";"0";"0";"0";"0";"0";"0";"0";"0";"0";"0";"0";"0";"0";"0";"0";"0";"0";"0";"0";"d__Bacteria";"Proteobacteria";"Alphaproteobacteria";"Rhizobiales";"Methyloligellaceae";NA;NA
"a0130d47aba0f5a5481c1ad99bd26133";"0";"0";"0";"0";"0";"152";"95";"0";"0";"0";"0";"0";"0";"0";"0";"0";"0";"0";"0";"0";"0";"0";"0";"0";"0";"0";"0";"0";"0";"2";"0";"0";"0";"0";"d__Bacteria";"Proteobacteria";"Alphaproteobacteria";"Rhizobiales";"Stappiaceae";"Pannonibacter";NA
"4e72ad7c1faad2dca89c11075e19a49f";"0";"0";"0";"47";"169";"6974";"4519";"236";"1144";"696";"258";"673";"189";"234";"97";"64";"110";"60";"64";"44";"26";"81";"79";"75";"0";"40";"52";"48";"59";"58";"56";"40";"62";"45";"d__Bacteria";"Proteobacteria";"Alphaproteobacteria";"Rhizobiales";"Stappiaceae";"Stappia";NA
"8330b52e00f8eff42512978e083d0e99";"203";"108";"118";"0";"0";"0";"0";"0";"0";"0";"0";"0";"0";"0";"0";"0";"0";"0";"0";"0";"0";"0";"0";"0";"0";"0";"0";"0";"0";"0";"0";"0";"0";"0";"d__Bacteria";"Proteobacteria";"Alphaproteobacteria";"Rhizobiales";"Hyphomicrobiaceae";NA;NA
"f333aaf92d1ae109492a138cef0acbc6";"3011";"1262";"1500";"23";"13";"0";"0";"0";"0";"0";"0";"0";"0";"0";"0";"0";"0";"0";"0";"0";"0";"0";"0";"0";"0";"0";"0";"0";"0";"0";"0";"0";"0";"0";"d__Bacteria";"Proteobacteria";"Alphaproteobacteria";"Rhizobiales";"Hyphomicrobiaceae";"Hyphomicrobium";NA
"9e4cfeada9181d104bac0f5cca1895d4";"19";"8";"0";"0";"0";"0";"0";"0";"0";"0";"0";"0";"0";"0";"0";"0";"0";"0";"0";"0";"0";"0";"0";"0";"0";"0";"0";"0";"0";"0";"0";"0";"0";"0";"d__Bacteria";"Proteobacteria";"Alphaproteobacteria";"Rhizobiales";"Hyphomicrobiaceae";"Filomicrobium";NA
"241693a03d133f908cb6af9fe172911a";"22";"10";"12";"0";"0";"0";"0";"0";"0";"0";"0";"0";"0";"0";"0";"0";"0";"0";"0";"0";"0";"0";"0";"0";"0";"0";"0";"0";"0";"0";"0";"0";"0";"0";"d__Bacteria";"Proteobacteria";"Alphaproteobacteria";"Rhizobiales";"Rhizobiales_Incertae_Sedis";"uncultured";NA
"cc4396765b2d72bc11ae7695220fda03";"14";"8";"10";"0";"0";"0";"0";"0";"0";"0";"0";"0";"0";"0";"0";"0";"0";"0";"0";"0";"0";"0";"0";"0";"0";"0";"0";"0";"0";"0";"0";"0";"0";"0";"d__Bacteria";"Proteobacteria";"Alphaproteobacteria";"Rhizobiales";"Rhizobiales_Incertae_Sedis";"Nordella";NA
"ecebcf219660ad7df10a4d41e8fd2cec";"205";"58";"125";"21";"18";"11";"16";"39";"39";"37";"64";"25";"12";"8";"9";"7";"11";"18";"21";"17";"17";"61";"39";"51";"0";"10";"13";"12";"24";"25";"13";"12";"12";"5";"d__Bacteria";"Proteobacteria";"Alphaproteobacteria";"Rhizobiales";"Hyphomicrobiaceae";"Pedomicrobium";NA
"d640a2763f47b268e7bc535b1d6d086f";"9";"0";"0";"0";"0";"0";"0";"0";"0";"0";"0";"0";"0";"0";"0";"0";"0";"0";"0";"0";"0";"0";"0";"0";"0";"0";"0";"0";"0";"0";"0";"0";"0";"0";"d__Bacteria";"Proteobacteria";"Alphaproteobacteria";"Rhizobiales";"Hyphomicrobiaceae";"uncultured";NA
"1af9b68b35c9025b6feb45395266b1f1";"123";"58";"91";"0";"0";"0";"0";"0";"0";"0";"0";"0";"0";"0";"0";"0";"0";"0";"0";"0";"0";"0";"0";"0";"0";"0";"0";"0";"0";"0";"0";"0";"0";"0";"d__Bacteria";"Proteobacteria";"Alphaproteobacteria";"Rhizobiales";"Xanthobacteraceae";"Pseudorhodoplanes";NA
"fc7507ade7514ba72595b661b5af8157";"151";"72";"87";"0";"0";"0";"0";"0";"0";"0";"0";"0";"0";"0";"0";"0";"0";"0";"0";"0";"0";"0";"0";"0";"0";"0";"0";"0";"0";"0";"0";"0";"0";"0";"d__Bacteria";"Proteobacteria";"Alphaproteobacteria";"Rhizobiales";NA;NA;NA
"9f9b8ec2cfa6ae22d5c132c86ddc2eb0";"819";"352";"339";"0";"0";"0";"0";"0";"0";"0";"0";"0";"0";"0";"0";"0";"0";"0";"0";"0";"0";"0";"0";"0";"0";"0";"0";"0";"0";"0";"0";"0";"0";"0";"d__Bacteria";"Proteobacteria";"Alphaproteobacteria";"Rhizobiales";"Xanthobacteraceae";NA;NA
"a45b2fe0c6b9353fb32f049d6e629f0a";"1609";"735";"555";"0";"0";"0";"0";"0";"0";"0";"0";"0";"0";"0";"0";"0";"0";"0";"0";"0";"0";"0";"0";"0";"0";"0";"0";"0";"0";"0";"0";"0";"0";"0";"d__Bacteria";"Proteobacteria";"Alphaproteobacteria";"Rhizobiales";"Xanthobacteraceae";"Xanthobacteraceae";NA
"9ab796ef43a987553c08939c80e521e3";"6";"0";"22";"27";"36";"0";"0";"0";"20";"20";"17";"0";"0";"0";"0";"0";"0";"0";"0";"0";"0";"0";"0";"0";"0";"0";"0";"0";"0";"0";"0";"0";"0";"0";"d__Bacteria";"Proteobacteria";"Alphaproteobacteria";"Rhizobiales";"Rhizobiales_Incertae_Sedis";"Phreatobacter";NA
"31c5d6d689fe24ec7157fa1c0783fbd4";"0";"0";"4";"0";"0";"0";"0";"0";"0";"0";"0";"0";"0";"0";"0";"0";"0";"0";"0";"0";"0";"0";"0";"0";"0";"0";"0";"0";"0";"0";"0";"0";"0";"0";"d__Bacteria";"Proteobacteria";"Alphaproteobacteria";"Rhizobiales";"Beijerinckiaceae";"Methylobacterium-Methylorubrum";NA
"b24aadee9a22976aeff52f5c5b8dd79f";"57";"22";"124";"35";"0";"7";"0";"43";"11";"15";"0";"0";"0";"3";"0";"0";"0";"0";"0";"0";"0";"0";"2";"0";"0";"0";"0";"0";"0";"5";"0";"4";"0";"0";"d__Bacteria";"Proteobacteria";"Alphaproteobacteria";"Rhizobiales";"Beijerinckiaceae";"Bosea";NA
"8a281ef9ec1e3fd698db2de706ff8151";"0";"0";"0";"0";"0";"8";"7";"0";"7";"0";"0";"5";"4";"0";"0";"0";"0";"0";"0";"0";"0";"0";"0";"0";"0";"0";"0";"0";"0";"0";"0";"0";"0";"0";"d__Bacteria";"Proteobacteria";"Alphaproteobacteria";"Rhizobiales";"Xanthobacteraceae";"Xanthobacter";NA
"6c16fb1695ab304f929d19b0958f5475";"6";"0";"0";"0";"0";"0";"0";"0";"0";"0";"0";"0";"0";"0";"0";"0";"0";"0";"0";"0";"0";"0";"0";"0";"0";"0";"0";"0";"0";"0";"0";"0";"0";"0";"d__Bacteria";"Proteobacteria";"Alphaproteobacteria";"Rhizobiales";"Pleomorphomonadaceae";"uncultured";NA
"0383adbe460f296e90cdc4fd77fa1d67";"256";"83";"87";"9";"8";"6";"0";"0";"0";"0";"0";"0";"0";"0";"0";"0";"0";"0";"0";"0";"0";"0";"0";"0";"0";"0";"0";"0";"0";"0";"0";"0";"0";"0";"d__Bacteria";"Proteobacteria";"Alphaproteobacteria";"Rhizobiales";"Xanthobacteraceae";"Pseudolabrys";NA
"38849a561a763e516b944a25f5f448df";"101";"57";"164";"0";"0";"0";"0";"0";"0";"0";"0";"0";"0";"0";"0";"0";"0";"0";"0";"0";"0";"0";"6";"0";"0";"0";"0";"0";"9";"0";"0";"0";"0";"0";"d__Bacteria";"Proteobacteria";"Alphaproteobacteria";"Rhizobiales";"Xanthobacteraceae";"Rhodopseudomonas";NA
"fb75fa1fac5ad54c9d64c653e50a7126";"109";"31";"44";"0";"0";"0";"0";"0";"0";"0";"0";"0";"0";"0";"0";"0";"0";"0";"0";"0";"0";"0";"0";"0";"0";"0";"0";"0";"0";"0";"0";"0";"0";"0";"d__Bacteria";"Proteobacteria";"Alphaproteobacteria";"Rhizobiales";"Xanthobacteraceae";"Bradyrhizobium";NA
"fd3c3c1426c5489510332fed6a55d633";"8";"0";"3";"0";"0";"0";"0";"0";"0";"0";"0";"0";"0";"0";"0";"0";"0";"0";"0";"0";"0";"0";"0";"0";"0";"0";"0";"0";"0";"0";"0";"0";"0";"0";"d__Bacteria";"Proteobacteria";"Alphaproteobacteria";"Rhizobiales";"Beijerinckiaceae";"uncultured";NA
"5984a30bcb8d1cbd12c9a10f758f2d48";"397";"173";"123";"0";"0";"0";"0";"0";"0";"0";"0";"0";"0";"0";"0";"0";"0";"0";"0";"0";"0";"0";"0";"0";"0";"0";"0";"0";"0";"0";"0";"0";"0";"0";"d__Bacteria";"Proteobacteria";"Alphaproteobacteria";"Rhizobiales";"Xanthobacteraceae";"uncultured";NA
"bac23edb753a2265e518bc5a1f4b144a";"101";"40";"136";"0";"89";"260";"244";"16";"50";"29";"11";"0";"44";"33";"15";"13";"20";"12";"28";"21";"21";"29";"23";"23";"0";"42";"65";"44";"37";"62";"18";"21";"11";"27";"d__Bacteria";"Proteobacteria";"Alphaproteobacteria";"Rhizobiales";"Devosiaceae";"Devosia";NA
"096bfeb44c5a1f2aa39de71a191cc545";"10";"0";"0";"0";"0";"0";"0";"0";"0";"0";"0";"0";"0";"0";"0";"0";"0";"0";"0";"0";"0";"0";"0";"0";"0";"0";"0";"0";"0";"0";"0";"0";"0";"0";"d__Bacteria";"Proteobacteria";"Alphaproteobacteria";"Rhizobiales";"Devosiaceae";NA;NA
"e5ce19deea9d46d83dc40b420b4d271a";"3";"0";"0";"0";"0";"0";"0";"0";"0";"0";"0";"0";"0";"0";"0";"0";"0";"0";"0";"0";"0";"0";"0";"0";"0";"0";"0";"0";"0";"0";"0";"0";"0";"0";"d__Bacteria";"Proteobacteria";"Alphaproteobacteria";"Rhizobiales";"Methyloligellaceae";"uncultured";NA
"6a1f1d73040e5a83a6ebce27b3aae66f";"108";"17";"12";"0";"0";"0";"0";"0";"0";"0";"0";"0";"0";"0";"0";"0";"0";"0";"0";"0";"0";"0";"0";"0";"0";"0";"0";"0";"0";"0";"0";"0";"0";"0";"d__Bacteria";"Proteobacteria";"Alphaproteobacteria";"Rhizobiales";"uncultured";"uncultured";NA
"eebe2585b765e59dc555b8ad4e41d942";"94";"44";"44";"0";"0";"0";"0";"5";"0";"0";"12";"0";"0";"0";"0";"0";"0";"0";"0";"0";"0";"0";"0";"0";"0";"0";"0";"0";"10";"0";"0";"0";"0";"0";"d__Bacteria";"Proteobacteria";"Alphaproteobacteria";"Rhizobiales";"Rhizobiales_Incertae_Sedis";"Bauldia";NA
"b6ae99fbd87ea50d6d3d41d2455fb5e7";"33";"24";"8";"2";"0";"0";"0";"0";"14";"0";"0";"0";"2";"2";"5";"0";"0";"0";"0";"2";"0";"7";"0";"0";"0";"0";"3";"3";"4";"8";"0";"0";"5";"9";"d__Bacteria";"Proteobacteria";"Alphaproteobacteria";NA;NA;NA;NA
"35b3caaa4fa3213044c93622887005d7";"197";"77";"78";"0";"0";"0";"0";"0";"0";"0";"0";"0";"0";"0";"0";"0";"0";"0";"0";"0";"0";"0";"0";"0";"0";"0";"0";"0";"0";"0";"0";"0";"0";"0";"d__Bacteria";"Proteobacteria";"Alphaproteobacteria";"uncultured";"uncultured";"uncultured";NA
"f08b4108149b06cc52c1cc1e1b8d7e69";"17";"0";"0";"0";"0";"0";"0";"0";"0";"0";"0";"0";"0";"0";"0";"0";"0";"0";"0";"0";"0";"0";"0";"0";"0";"0";"0";"0";"0";"0";"0";"0";"0";"0";"d__Bacteria";"Proteobacteria";"Alphaproteobacteria";"Rhizobiales";"Beijerinckiaceae";"Methylocystis";NA
"80b66e6e3155bf83c5b274bd329fabd2";"43";"14";"29";"0";"0";"0";"0";"0";"0";"0";"0";"0";"0";"0";"0";"0";"0";"0";"0";"0";"0";"0";"0";"0";"0";"0";"0";"0";"0";"0";"0";"0";"0";"0";"d__Bacteria";"Proteobacteria";"Alphaproteobacteria";"Rhizobiales";"Beijerinckiaceae";"alphaI_cluster";NA
"351cd086330fdb31fdb8770e1cf03d2f";"72";"22";"19";"0";"0";"0";"0";"0";"0";"0";"0";"0";"0";"0";"0";"0";"0";"0";"0";"0";"0";"0";"0";"0";"0";"0";"0";"0";"0";"0";"0";"0";"0";"0";"d__Bacteria";"Proteobacteria";"Alphaproteobacteria";"Rhizobiales";"Methyloligellaceae";"Rhodobium";NA
"efb31663f2e0ffb978f562b1670c61db";"98";"39";"40";"0";"0";"0";"0";"0";"0";"0";"0";"0";"0";"0";"0";"0";"0";"0";"0";"0";"0";"0";"0";"0";"0";"0";"0";"0";"0";"0";"0";"0";"0";"0";"d__Bacteria";"Proteobacteria";"Alphaproteobacteria";"Rhizobiales";"Rhodobiaceae";"Tepidamorphus";NA
"9dc01b4eeda08ebbc77313c350be6fde";"374";"131";"315";"140";"178";"130";"97";"65";"6";"0";"14";"34";"0";"4";"0";"0";"19";"19";"0";"0";"0";"6";"0";"0";"0";"0";"5";"0";"2";"0";"0";"0";"14";"0";"d__Bacteria";"Proteobacteria";"Alphaproteobacteria";"Rhizobiales";"Rhizobiaceae";NA;NA
"415dccbcdc449a444c1e1621973ca624";"0";"0";"0";"0";"0";"13";"10";"0";"0";"0";"0";"0";"0";"0";"0";"0";"0";"0";"0";"0";"0";"0";"0";"0";"0";"0";"0";"0";"0";"0";"0";"0";"0";"0";"d__Bacteria";"Proteobacteria";"Alphaproteobacteria";"Rhizobiales";"Rhizobiaceae";"Chelativorans";NA
"ba6e05199e4f15ca4603438e1120ddb8";"317";"123";"295";"90";"58";"90";"30";"85";"122";"151";"247";"59";"97";"75";"54";"37";"39";"54";"45";"73";"59";"107";"112";"110";"0";"53";"71";"110";"103";"95";"56";"46";"54";"37";"d__Bacteria";"Proteobacteria";"Alphaproteobacteria";"Rhizobiales";"Rhizobiaceae";"Mesorhizobium";NA
"1c866d4eb4f983d8b558f66d7b0728f2";"126";"63";"194";"73";"49";"0";"0";"0";"0";"0";"0";"0";"0";"0";"0";"0";"0";"0";"0";"0";"0";"0";"0";"0";"0";"0";"0";"0";"0";"0";"0";"0";"0";"0";"d__Bacteria";"Proteobacteria";"Alphaproteobacteria";"Rhizobiales";"Rhizobiaceae";"Ensifer";NA
"5aeb428feaa7fd9d8de10df4dea7da82";"0";"10";"96";"108";"43";"28";"8";"0";"0";"0";"0";"0";"0";"0";"0";"0";"0";"0";"0";"8";"5";"0";"5";"0";"0";"0";"0";"0";"0";"0";"0";"0";"0";"0";"d__Bacteria";"Proteobacteria";"Alphaproteobacteria";"Rhizobiales";"Rhizobiaceae";"Allorhizobium-Neorhizobium-Pararhizobium-Rhizobium";NA
"81ef04fc448a46c418860d949afca5be";"0";"0";"0";"21";"0";"0";"0";"0";"0";"0";"0";"0";"0";"0";"0";"0";"0";"0";"0";"0";"0";"0";"0";"0";"0";"0";"0";"0";"0";"0";"0";"0";"0";"0";"d__Bacteria";"Proteobacteria";"Alphaproteobacteria";"Rhizobiales";"Rhizobiaceae";"Shinella";NA
"f4eb33a61d3bc49534cb7e58ec602af0";"0";"0";"0";"0";"0";"0";"0";"0";"0";"0";"0";"12";"0";"0";"0";"0";"0";"0";"0";"0";"0";"0";"0";"0";"0";"0";"0";"0";"0";"0";"0";"0";"0";"0";"d__Bacteria";"Proteobacteria";"Alphaproteobacteria";"Rhizobiales";"Rhizobiaceae";"Rhizobiaceae";NA
"6fb0502f2859604e5e9f2b869108d165";"0";"0";"12";"0";"7";"0";"0";"0";"0";"0";"6";"0";"8";"0";"7";"0";"5";"0";"15";"16";"8";"13";"18";"20";"0";"12";"9";"7";"20";"17";"0";"0";"9";"5";"d__Bacteria";"Proteobacteria";"Alphaproteobacteria";"Rhizobiales";"Rhizobiaceae";"Hoeflea";NA
"b10a6cb02d02cd68f5ec0238e1ac530b";"21";"16";"0";"0";"0";"0";"0";"0";"0";"0";"0";"0";"0";"0";"0";"0";"0";"0";"0";"0";"0";"0";"0";"0";"0";"0";"0";"0";"0";"0";"0";"0";"0";"0";"d__Bacteria";"Proteobacteria";"Alphaproteobacteria";"Rhizobiales";"Rhizobiaceae";"Pseudahrensia";NA
"822205346f490cafad9e55f44e83fce6";"0";"0";"0";"0";"0";"8";"6";"44";"36";"7";"0";"0";"0";"0";"0";"0";"0";"0";"0";"0";"0";"0";"0";"7";"0";"0";"0";"5";"0";"10";"0";"2";"8";"7";"d__Bacteria";"Proteobacteria";"Alphaproteobacteria";"Rhizobiales";"Rhizobiaceae";"Nitratireductor";NA
"dcf5d6f2a7e2565d050abccad802513c";"29";"13";"20";"0";"0";"0";"0";"0";"0";"0";"0";"0";"0";"0";"0";"0";"0";"0";"0";"0";"0";"0";"0";"0";"0";"0";"0";"0";"0";"0";"0";"0";"0";"0";"d__Bacteria";"Proteobacteria";"Alphaproteobacteria";"Rhizobiales";"Rhizobiaceae";"Oricola";NA
"8e6a273395c4de795e498053439f1d60";"59";"23";"129";"0";"8";"0";"0";"0";"0";"0";"0";"0";"0";"0";"0";"0";"0";"0";"0";"0";"0";"0";"0";"0";"0";"0";"0";"0";"0";"0";"0";"0";"0";"0";"d__Bacteria";"Proteobacteria";"Alphaproteobacteria";"Rhizobiales";"Rhizobiaceae";"Aminobacter";NA
